Sonde serial number                          	R3030575
Balloon release date and time                	2023-11-13T05:55:07
Sonde type                                   	RS41-SGP

   n AscRate HeightMSL      P  Temp    RH  Dewp Dir Speed  VirT       Lat        Lon  MixR CompRng CompAz
         m/s         m    hPa    °C     %    °C   °   m/s     K         °          °  g/kg       m      °
   1     0.0        12 1026.1  16.8  81.0  13.5  23   2.1 291.6 25.627850 122.080100  9.54       0      0
   2    19.3        34 1023.5  16.9  83.8  14.2  59   2.2 291.9 25.233009 121.731695  9.99       4    173
   3     5.7        39 1022.9  16.9  84.7  14.3  73   2.6 291.8 25.053866 121.573616 10.09       7    198
   4     5.9        45 1022.2  16.9  84.6  14.3  76   2.9 291.8 24.994248 121.521003 10.08      10    205
   5     4.8        50 1021.6  16.8  84.0  14.1  77   3.2 291.7 24.989757 121.517032  9.94      13    211
   6     3.5        54 1021.2  16.6  83.6  13.9  76   3.4 291.5 25.000883 121.526838  9.81      16    216
   7     5.4        59 1020.6  16.6  83.7  13.8  76   3.7 291.4 25.010309 121.535139  9.77      20    220
   8     4.7        64 1020.0  16.5  83.7  13.8  76   4.0 291.4 25.014146 121.538500  9.75      24    225
   9     4.7        68 1019.5  16.5  83.6  13.7  76   4.2 291.4 25.014495 121.538775  9.72      28    229
  10     3.4        72 1019.0  16.4  83.5  13.6  76   4.5 291.3 25.014489 121.538734  9.68      31    234
  11     3.7        76 1018.4  16.4  83.3  13.5  77   4.8 291.2 25.014484 121.538686  9.62      36    237
  12     4.6        80 1017.9  16.3  83.5  13.5  77   5.0 291.1 25.014483 121.538626  9.58      41    242
  13     4.6        85 1017.4  16.2  83.8  13.5  77   5.3 291.1 25.014491 121.538555  9.60      47    247
  14     4.6        89 1016.9  16.2  84.0  13.5  77   5.5 291.0 25.014502 121.538478  9.60      54    251
  15     5.7        95 1016.4  16.1  83.9  13.4  77   5.8 291.0 25.014505 121.538405  9.56      61    254
  16     5.0       100 1015.9  16.1  83.9  13.4  77   6.0 290.9 25.014493 121.538340  9.53      67    254
  17     4.3       104 1015.4  16.1  83.9  13.3  78   6.2 290.9 25.014467 121.538282  9.53      74    254
  18     1.7       106 1015.0  16.0  83.9  13.3  78   6.4 290.9 25.014431 121.538223  9.52      81    252
  19     1.7       108 1014.6  16.0  84.1  13.3  78   6.6 290.8 25.014391 121.538156  9.51      89    251
  20     3.1       111 1014.2  15.9  84.5  13.3  78   6.8 290.8 25.014354 121.538078  9.53      97    250
  21     4.0       115 1013.8  15.9  84.8  13.3  78   6.9 290.7 25.014331 121.537992  9.53     106    250
  22     2.7       118 1013.5  15.8  85.0  13.3  78   7.0 290.6 25.014324 121.537906  9.52     115    251
  23     3.7       121 1013.1  15.8  85.1  13.3  78   7.2 290.6 25.014327 121.537830  9.51     122    253
  24     2.8       124 1012.6  15.7  85.2  13.3  78   7.3 290.6 25.014328 121.537761  9.51     129    254
  25     3.7       128 1012.2  15.7  85.2  13.2  78   7.4 290.5 25.014319 121.537694  9.48     135    254
  26     4.0       132 1011.7  15.6  85.3  13.2  78   7.5 290.5 25.014296 121.537621  9.47     143    254
  27     4.0       136 1011.3  15.6  85.6  13.2  78   7.6 290.4 25.014267 121.537540  9.49     152    254
  28     3.7       140 1010.8  15.6  86.0  13.3  78   7.6 290.4 25.014242 121.537455  9.51     161    253
  29     4.6       144 1010.3  15.5  86.3  13.3  78   7.7 290.4 25.014230 121.537375  9.53     169    254
  30     5.0       149 1009.7  15.5  86.4  13.3  78   7.7 290.3 25.014231 121.537298  9.52     177    254
  31     4.9       154 1009.2  15.5  86.6  13.2  77   7.8 290.3 25.014238 121.537222  9.51     184    255
  32     5.1       159 1008.6  15.4  86.7  13.2  77   7.8 290.2 25.014243 121.537144  9.50     191    256
  33     4.7       164 1008.1  15.4  86.8  13.2  77   7.9 290.2 25.014240 121.537065  9.49     199    257
  34     4.2       168 1007.6  15.3  87.0  13.2  77   7.9 290.1 25.014226 121.536988  9.49     207    257
  35     4.0       172 1007.0  15.3  87.3  13.2  77   7.9 290.1 25.014204 121.536913  9.50     215    257
  36     3.9       176 1006.5  15.2  87.7  13.2  76   7.9 290.0 25.014175 121.536836  9.52     223    256
  37     5.0       181 1005.9  15.2  88.2  13.2  76   7.9 290.0 25.014144 121.536752  9.54     232    256
  38     4.6       186 1005.4  15.1  88.4  13.2  76   8.0 289.9 25.014116 121.536665  9.54     242    256
  39     4.7       190 1004.8  15.1  88.4  13.2  75   8.0 289.9 25.014099 121.536582  9.52     250    256
  40     5.4       196 1004.3  15.0  88.3  13.1  75   8.0 289.9 25.014096 121.536510  9.50     257    256
  41     4.8       201 1003.8  15.0  88.4  13.1  75   8.0 289.8 25.014099 121.536449  9.48     263    256
  42     5.0       206 1003.2  14.9  88.6  13.1  74   8.0 289.8 25.014097 121.536393  9.47     269    257
  43     4.3       210 1002.7  14.9  88.7  13.1  74   8.0 289.7 25.014081 121.536333  9.47     275    257
  44     3.0       213 1002.3  14.9  89.0  13.1  73   8.0 289.7 25.014049 121.536264  9.48     283    256
  45     2.8       216 1001.8  14.8  89.4  13.1  73   7.9 289.6 25.014007 121.536186  9.51     291    256
  46     4.6       220 1001.3  14.8  89.8  13.1  72   7.9 289.6 25.013963 121.536101  9.53     301    255
  47     3.9       224 1000.8  14.7  90.0  13.1  72   7.9 289.6 25.013926 121.536015  9.53     310    255
  48     4.8       229 1000.3  14.7  90.0  13.1  71   7.9 289.5 25.013896 121.535929  9.51     320    255
  49     4.4       233  999.9  14.7  90.0  13.1  71   7.9 289.5 25.013875 121.535846  9.49     328    255
  50     3.7       237  999.4  14.6  90.2  13.0  70   7.9 289.5 25.013857 121.535763  9.49     337    255
  51     4.0       241  998.9  14.6  90.3  13.0  70   7.9 289.4 25.013839 121.535676  9.50     346    255
  52     3.9       245  998.5  14.6  90.3  13.0  69   7.9 289.4 25.013817 121.535583  9.48     356    255
  53     4.0       249  998.0  14.5  90.2  13.0  69   7.9 289.4 25.013789 121.535488  9.46     366    255
  54     3.2       252  997.6  14.5  90.1  12.9  68   7.8 289.3 25.013759 121.535401  9.44     375    255
  55     3.9       256  997.2  14.5  90.2  12.9  67   7.8 289.3 25.013730 121.535327  9.43     383    254
  56     3.0       259  996.8  14.5  90.5  13.0  67   7.8 289.3 25.013707 121.535264  9.46     390    254
  57     3.5       263  996.4  14.5  90.9  13.0  66   7.9 289.3 25.013690 121.535205  9.49     396    254
  58     3.1       266  996.0  14.4  91.3  13.0  66   7.9 289.2 25.013676 121.535141  9.51     403    254
  59     3.4       269  995.6  14.4  91.4  13.0  65   7.9 289.2 25.013660 121.535072  9.50     410    254
  60     4.5       274  995.2  14.3  91.3  12.9  64   7.9 289.1 25.013639 121.535004  9.47     417    254
  61     2.7       276  994.7  14.3  91.3  12.9  64   7.9 289.1 25.013612 121.534944  9.44     424    254
  62     2.7       279  994.3  14.3  91.4  12.9  63   8.0 289.1 25.013580 121.534893  9.45     430    254
  63     3.9       283  993.9  14.3  91.7  12.9  63   8.0 289.1 25.013544 121.534851  9.47     435    254
  64     3.7       287  993.5  14.2  92.0  12.9  62   8.1 289.0 25.013505 121.534811  9.48     440    253
  65     3.5       290  993.0  14.2  92.1  12.9  62   8.1 289.0 25.013466 121.534769  9.47     445    253
  66     3.8       294  992.6  14.1  92.0  12.9  61   8.2 288.9 25.013425 121.534719  9.44     452    252
  67     4.4       298  992.1  14.1  92.0  12.8  61   8.3 288.9 25.013385 121.534658  9.41     459    252
  68     4.2       302  991.6  14.1  92.1  12.8  60   8.3 288.9 25.013343 121.534585  9.41     467    252
  69     4.5       307  991.1  14.0  92.5  12.8  60   8.4 288.8 25.013300 121.534502  9.43     477    252
  70     4.2       311  990.7  14.0  92.8  12.8  60   8.5 288.8 25.013255 121.534416  9.44     486    251
  71     4.9       316  990.2  13.9  93.0  12.8  59   8.6 288.7 25.013211 121.534331  9.44     496    251
  72     5.0       321  989.7  13.9  93.2  12.8  59   8.7 288.7 25.013168 121.534249  9.43     506    251
  73     3.1       324  989.3  13.8  93.2  12.8  59   8.9 288.6 25.013127 121.534171  9.42     515    251
  74     3.3       327  988.9  13.8  93.3  12.7  58   9.0 288.6 25.013088 121.534091  9.40     524    251
  75     3.0       330  988.5  13.8  93.5  12.7  58   9.1 288.6 25.013049 121.534004  9.41     533    250
  76     3.0       333  988.1  13.8  93.9  12.8  58   9.2 288.6 25.013007 121.533911  9.44     544    250
  77     2.1       336  987.8  13.7  94.3  12.8  58   9.3 288.5 25.012961 121.533816  9.47     554    250
  78     3.0       339  987.4  13.7  94.4  12.8  57   9.5 288.5 25.012910 121.533728  9.47     565    250
  79     2.9       341  987.1  13.7  94.4  12.8  57   9.6 288.5 25.012858 121.533650  9.46     574    250
  80     3.5       345  986.8  13.7  94.5  12.8  57   9.7 288.5 25.012809 121.533581  9.45     582    249
  81     2.1       347  986.5  13.6  94.7  12.8  57   9.9 288.4 25.012766 121.533516  9.45     590    249
  82     2.8       350  986.1  13.6  94.9  12.8  56  10.0 288.4 25.012726 121.533450  9.46     598    249
  83     2.5       352  985.8  13.6  95.1  12.8  56  10.1 288.4 25.012684 121.533378  9.47     607    249
  84     2.6       355  985.5  13.6  95.3  12.8  56  10.2 288.4 25.012640 121.533296  9.48     616    249
  85     2.9       358  985.2  13.5  95.3  12.8  56  10.4 288.4 25.012593 121.533206  9.48     626    249
  86     2.7       361  984.9  13.5  95.1  12.8  55  10.5 288.3 25.012544 121.533115  9.46     637    248
  87     2.4       363  984.5  13.5  94.8  12.7  55  10.6 288.3 25.012493 121.533029  9.43     647    248
  88     3.6       367  984.2  13.5  94.4  12.7  55  10.7 288.3 25.012441 121.532949  9.39     657    248
  89     2.7       369  983.9  13.5  94.2  12.6  55  10.8 288.3 25.012385 121.532872  9.36     666    248
  90     2.3       372  983.6  13.5  94.1  12.6  54  10.9 288.3 25.012324 121.532794  9.35     676    248
  91     2.5       374  983.2  13.5  94.0  12.5  54  10.9 288.3 25.012260 121.532708  9.34     687    247
  92     3.1       377  982.9  13.5  94.2  12.6  54  11.0 288.3 25.012195 121.532612  9.34     699    247
  93     3.5       381  982.6  13.4  94.5  12.6  54  11.1 288.2 25.012131 121.532506  9.36     711    247
  94     2.0       383  982.3  13.4  94.7  12.6  53  11.2 288.2 25.012071 121.532393  9.36     724    247
  95     2.0       385  982.0  13.4  94.6  12.5  53  11.2 288.1 25.012009 121.532281  9.33     737    247
  96     3.7       389  981.7  13.3  94.5  12.5  53  11.3 288.1 25.011942 121.532171  9.31     751    246
  97     1.8       390  981.3  13.3  94.5  12.5  53  11.3 288.1 25.011867 121.532067  9.30     764    246
  98     3.0       393  981.0  13.3  94.8  12.5  53  11.4 288.1 25.011790 121.531968  9.32     776    246
  99     2.5       396  980.7  13.3  95.1  12.5  52  11.4 288.0 25.011713 121.531877  9.32     788    246
 100     3.5       399  980.4  13.2  94.8  12.4  52  11.5 288.0 25.011641 121.531795  9.30     799    245
 101     2.8       402  980.1  13.3  94.3  12.4  52  11.5 288.0 25.011573 121.531718  9.25     809    245
 102     2.5       405  979.8  13.3  93.6  12.3  52  11.5 288.0 25.011508 121.531642  9.19     819    245
 103     2.6       407  979.4  13.3  92.6  12.1  52  11.6 288.0 25.011443 121.531563  9.11     829    245
 104     3.3       411  979.2  13.3  91.4  12.0  51  11.6 288.1 25.011375 121.531476  9.02     841    244
 105     2.7       413  978.9  13.4  90.7  11.9  51  11.6 288.1 25.011306 121.531382  8.97     852    244
 106     2.0       415  978.6  13.4  90.7  11.9  51  11.7 288.1 25.011237 121.531286  8.97     864    244
 107     1.8       417  978.4  13.3  91.1  11.9  51  11.7 288.1 25.011171 121.531194  9.00     876    244
 108     1.7       419  978.1  13.3  91.8  12.0  51  11.7 288.0 25.011111 121.531108  9.05     887    244
 109     1.1       420  977.9  13.3  92.6  12.1  51  11.8 288.0 25.011056 121.531030  9.10     897    244
 110     1.6       422  977.7  13.2  93.0  12.1  51  11.8 288.0 25.011003 121.530955  9.12     906    243
 111     2.5       424  977.5  13.2  92.8  12.1  51  11.9 288.0 25.010952 121.530879  9.10     915    243
 112     2.1       426  977.2  13.2  92.7  12.1  51  11.9 288.0 25.010899 121.530798  9.11     925    243
 113     1.6       428  977.0  13.2  93.5  12.2  51  12.0 288.0 25.010842 121.530712  9.17     936    243
 114     3.0       431  976.7  13.1  94.1  12.2  51  12.1 287.9 25.010778 121.530621  9.19     947    243
 115     2.5       433  976.4  13.1  93.6  12.1  51  12.1 287.9 25.010708 121.530527  9.13     959    243
 116     2.3       436  976.1  13.1  92.7  12.0  51  12.2 287.9 25.010637 121.530434  9.06     971    243
 117     1.8       437  975.8  13.1  92.7  12.0  51  12.3 287.9 25.010565 121.530341  9.06     983    243
 118     2.5       440  975.5  13.1  94.1  12.2  51  12.4 287.8 25.010494 121.530244  9.18     995    242
 119     3.4       443  975.2  13.0  95.8  12.3  51  12.5 287.8 25.010422 121.530145  9.28    1008    242
 120     3.4       447  974.9  12.9  96.3  12.4  51  12.6 287.7 25.010347 121.530043  9.29    1021    242
 121     3.1       450  974.5  12.9  95.9  12.2  51  12.7 287.6 25.010270 121.529943  9.23    1034    242
 122     3.1       453  974.2  12.9  95.0  12.1  51  12.8 287.6 25.010194 121.529845  9.14    1047    242
 123     2.7       455  973.8  12.9  93.4  11.9  51  12.9 287.6 25.010119 121.529750  9.02    1059    242
 124     3.6       459  973.4  13.0  92.2  11.7  51  13.0 287.7 25.010045 121.529655  8.93    1071    242
 125     3.4       462  973.1  13.0  92.0  11.7  52  13.1 287.7 25.009970 121.529559  8.91    1084    241
 126     2.6       465  972.7  12.9  92.4  11.7  52  13.2 287.6 25.009891 121.529460  8.94    1097    241
 127     3.0       468  972.3  12.9  92.9  11.8  52  13.4 287.6 25.009807 121.529361  8.97    1110    241
 128     3.1       471  972.0  12.9  92.9  11.8  52  13.5 287.6 25.009720 121.529260  8.96    1124    241
 129     4.4       475  971.6  12.9  92.3  11.7  52  13.6 287.6 25.009631 121.529158  8.91    1137    241
 130     3.7       479  971.2  12.9  91.3  11.5  53  13.7 287.6 25.009544 121.529054  8.82    1151    241
 131     3.0       482  970.8  12.9  90.5  11.4  53  13.8 287.6 25.009460 121.528946  8.75    1165    240
 132     3.6       486  970.4  12.9  89.8  11.3  53  13.9 287.6 25.009378 121.528833  8.70    1180    240
 133     3.1       489  970.0  13.0  88.7  11.1  53  14.0 287.6 25.009301 121.528714  8.61    1194    240
 134     2.5       491  969.7  13.0  88.1  11.1  54  14.1 287.7 25.009227 121.528592  8.60    1209    240
 135     3.5       495  969.3  13.0  88.9  11.3  54  14.2 287.7 25.009155 121.528469  8.69    1224    240
 136     3.4       498  968.9  13.0  90.1  11.4  54  14.3 287.7 25.009085 121.528348  8.78    1238    240
 137     3.6       502  968.5  12.9  90.9  11.5  55  14.4 287.6 25.009017 121.528229  8.82    1253    240
 138     3.6       505  968.2  12.9  90.7  11.4  55  14.5 287.5 25.008949 121.528113  8.77    1266    240
 139     2.8       508  967.8  12.8  89.6  11.2  55  14.5 287.5 25.008880 121.527998  8.66    1280    240
 140     3.3       511  967.5  12.9  88.5  11.0  55  14.6 287.5 25.008809 121.527882  8.56    1294    240
 141     2.4       514  967.1  12.9  88.8  11.1  56  14.7 287.5 25.008736 121.527763  8.60    1309    240
 142     3.2       517  966.7  12.8  90.9  11.4  56  14.8 287.5 25.008662 121.527641  8.78    1324    240
 143     2.5       520  966.4  12.7  92.5  11.6  56  14.9 287.5 25.008589 121.527514  8.90    1339    240
 144     3.2       523  966.0  12.7  93.0  11.6  56  15.0 287.4 25.008516 121.527384  8.92    1354    240
 145     3.2       526  965.6  12.7  92.9  11.6  56  15.1 287.4 25.008442 121.527254  8.90    1370    240
 146     3.8       530  965.2  12.6  93.0  11.5  56  15.2 287.3 25.008366 121.527125  8.90    1385    240
 147     3.1       533  964.8  12.6  93.0  11.5  57  15.2 287.3 25.008289 121.527000  8.88    1400    240
 148     5.0       538  964.3  12.6  92.9  11.5  57  15.3 287.3 25.008212 121.526876  8.86    1415    240
 149     4.6       542  963.8  12.5  93.1  11.4  57  15.4 287.2 25.008138 121.526755  8.85    1430    240
 150     3.9       546  963.3  12.5  93.6  11.5  57  15.5 287.1 25.008070 121.526633  8.86    1445    240
 151     4.4       551  962.8  12.4  94.2  11.5  57  15.6 287.1 25.008007 121.526507  8.88    1459    240
 152     4.8       556  962.2  12.3  94.5  11.5  57  15.7 287.0 25.007946 121.526376  8.89    1474    240
 153     5.8       561  961.6  12.3  94.7  11.4  57  15.8 287.0 25.007884 121.526238  8.87    1489    240
 154     5.9       567  961.0  12.2  94.5  11.4  57  15.9 286.9 25.007818 121.526096  8.84    1506    240
 155     5.2       572  960.4  12.2  94.2  11.3  57  15.9 286.9 25.007743 121.525950  8.81    1522    240
 156     5.0       577  959.8  12.2  94.1  11.3  57  16.0 286.8 25.007662 121.525806  8.77    1540    240
 157     5.4       583  959.2  12.1  94.1  11.2  57  16.1 286.8 25.007574 121.525664  8.76    1557    240
 158     5.6       588  958.6  12.1  94.4  11.2  57  16.2 286.8 25.007482 121.525525  8.77    1574    240
 159     4.5       593  958.0  12.0  94.8  11.2  57  16.3 286.7 25.007388 121.525387  8.78    1591    240
 160     5.4       598  957.5  12.0  95.1  11.2  57  16.4 286.7 25.007293 121.525251  8.78    1609    240
 161     5.4       604  956.9  11.9  95.3  11.2  57  16.4 286.6 25.007198 121.525118  8.78    1625    239
 162     4.9       609  956.4  11.9  95.6  11.2  57  16.5 286.6 25.007106 121.524988  8.79    1642    239
 163     3.9       613  955.8  11.9  96.0  11.2  57  16.6 286.5 25.007018 121.524862  8.80    1658    239
 164     5.1       618  955.3  11.8  96.1  11.2  57  16.7 286.5 25.006933 121.524739  8.80    1673    239
 165     5.2       623  954.8  11.8  96.3  11.2  57  16.7 286.5 25.006851 121.524616  8.79    1689    239
 166     3.8       627  954.3  11.7  96.5  11.2  57  16.8 286.4 25.006770 121.524487  8.80    1704    239
 167     4.0       631  953.8  11.7  97.1  11.3  57  16.9 286.4 25.006689 121.524352  8.83    1721    239
 168     3.4       634  953.4  11.6  98.3  11.4  57  16.9 286.3 25.006606 121.524211  8.91    1738    239
 169     3.9       638  952.9  11.6  99.5  11.5  57  17.0 286.3 25.006520 121.524068  8.98    1755    239
 170     4.2       642  952.5  11.5 100.0  11.5  57  17.0 286.2 25.006431 121.523926  8.99    1772    239
 171     3.8       646  952.1  11.5 100.0  11.5  58  17.1 286.2 25.006343 121.523784  8.97    1790    239
 172     3.1       649  951.7  11.4 100.0  11.4  58  17.1 286.1 25.006256 121.523640  8.95    1807    239
 173     3.3       652  951.4  11.4  99.8  11.4  58  17.2 286.1 25.006171 121.523492  8.92    1825    239
 174     3.3       656  951.0  11.4  99.7  11.3  58  17.2 286.1 25.006089 121.523340  8.90    1843    239
 175     2.5       658  950.7  11.4  99.7  11.3  58  17.3 286.1 25.006008 121.523183  8.89    1861    239
 176     2.2       660  950.4  11.3  99.6  11.3  58  17.3 286.0 25.005927 121.523025  8.88    1879    239
 177     2.6       663  950.1  11.3  99.3  11.2  58  17.3 286.0 25.005846 121.522865  8.85    1897    239
 178     2.4       665  949.8  11.3  98.9  11.1  59  17.3 286.0 25.005767 121.522707  8.81    1916    239
 179     2.8       668  949.4  11.3  98.7  11.1  59  17.4 286.0 25.005688 121.522552  8.78    1934    239
 180     3.0       671  949.1  11.3  98.4  11.1  59  17.4 286.0 25.005609 121.522400  8.76    1951    239
 181     2.8       674  948.8  11.3  98.0  11.0  59  17.4 286.0 25.005531 121.522251  8.72    1969    239
 182     2.6       677  948.5  11.3  97.7  10.9  59  17.4 285.9 25.005453 121.522106  8.69    1986    239
 183     3.5       680  948.1  11.3  97.4  10.9  59  17.4 285.9 25.005374 121.521962  8.66    2003    239
 184     4.0       684  947.8  11.3  97.8  10.9  59  17.4 285.9 25.005294 121.521818  8.69    2020    239
 185     1.9       686  947.4  11.2  98.7  11.0  60  17.4 285.9 25.005214 121.521675  8.76    2037    239
 186     2.6       689  947.1  11.2  99.5  11.1  60  17.4 285.9 25.005136 121.521531  8.81    2054    239
 187     3.3       692  946.8  11.2  99.8  11.1  60  17.4 285.8 25.005058 121.521385  8.83    2071    239
 188     2.8       695  946.4  11.1  99.5  11.1  60  17.4 285.8 25.004980 121.521236  8.80    2088    239
 189     3.1       698  946.0  11.1  98.3  10.9  60  17.4 285.8 25.004903 121.521085  8.69    2105    239
 190     4.5       702  945.7  11.2  96.2  10.6  60  17.3 285.8 25.004826 121.520934  8.53    2123    239
 191     2.9       705  945.3  11.3  93.4  10.3  60  17.3 285.9 25.004749 121.520784  8.36    2140    239
 192     3.7       709  944.9  11.5  91.6  10.2  60  17.3 286.1 25.004673 121.520633  8.27    2158    239
 193     2.7       712  944.6  11.6  91.0  10.1  60  17.3 286.1 25.004597 121.520481  8.27    2175    239
 194     4.0       716  944.2  11.6  91.0  10.2  60  17.3 286.2 25.004520 121.520327  8.29    2193    239
 195     3.1       719  943.8  11.6  91.1  10.2  60  17.2 286.2 25.004444 121.520174  8.30    2210    239
 196     2.2       721  943.5  11.6  91.3  10.2  60  17.2 286.2 25.004367 121.520021  8.32    2228    239
 197     3.0       724  943.1  11.6  91.6  10.2  60  17.2 286.2 25.004289 121.519870  8.34    2246    239
 198     3.7       728  942.7  11.5  91.9  10.3  60  17.2 286.1 25.004211 121.519718  8.36    2263    239
 199     3.3       731  942.3  11.5  92.1  10.3  60  17.2 286.1 25.004133 121.519568  8.37    2281    239
 200     4.1       735  941.9  11.5  92.2  10.3  60  17.1 286.1 25.004053 121.519420  8.36    2298    239
 201     3.8       739  941.5  11.5  92.1  10.2  60  17.1 286.1 25.003973 121.519274  8.34    2315    239
 202     4.0       743  941.1  11.4  91.8  10.1  60  17.1 286.0 25.003893 121.519130  8.30    2332    239
 203     3.8       747  940.7  11.4  91.3  10.1  60  17.1 286.0 25.003812 121.518988  8.26    2349    239
 204     2.9       749  940.3  11.4  91.0  10.0  60  17.0 286.0 25.003733 121.518846  8.22    2366    239
 205     3.3       753  939.9  11.4  90.9  10.0  60  17.0 286.0 25.003654 121.518704  8.21    2383    239
 206     4.1       757  939.5  11.4  91.0  10.0  60  17.0 285.9 25.003576 121.518562  8.21    2399    239
 207     4.0       761  939.1  11.3  91.3  10.0  60  17.0 285.9 25.003500 121.518419  8.22    2416    239
 208     3.3       764  938.6  11.3  91.6  10.0  60  16.9 285.9 25.003424 121.518275  8.23    2433    239
 209     4.3       768  938.2  11.2  91.7  10.0  60  16.9 285.8 25.003351 121.518129  8.22    2450    239
 210     3.7       772  937.8  11.2  91.8   9.9  60  16.9 285.8 25.003278 121.517982  8.21    2467    239
 211     3.8       776  937.3  11.2  91.7   9.9  60  16.9 285.7 25.003206 121.517835  8.19    2484    239
 212     3.8       780  936.9  11.2  91.6   9.8  60  16.8 285.7 25.003133 121.517688  8.17    2500    239
 213     4.4       784  936.5  11.1  91.7   9.8  60  16.8 285.7 25.003060 121.517542  8.17    2517    239
 214     3.3       787  936.0  11.1  92.0   9.9  60  16.8 285.7 25.002986 121.517396  8.19    2534    239
 215     4.4       792  935.6  11.1  92.4   9.9  60  16.8 285.6 25.002912 121.517251  8.20    2551    239
 216     3.9       796  935.1  11.0  92.6   9.9  60  16.7 285.6 25.002839 121.517105  8.20    2568    239
 217     4.4       800  934.7  11.0  92.7   9.8  60  16.7 285.5 25.002766 121.516960  8.19    2584    239
 218     3.5       803  934.2  10.9  92.6   9.8  60  16.7 285.5 25.002693 121.516815  8.17    2601    239
 219     4.2       808  933.8  10.9  92.6   9.8  60  16.7 285.5 25.002619 121.516672  8.16    2618    239
 220     4.0       812  933.3  10.9  92.6   9.7  60  16.7 285.5 25.002544 121.516531  8.15    2634    239
 221     4.3       816  932.9  10.9  92.5   9.7  60  16.6 285.4 25.002468 121.516389  8.14    2651    239
 222     3.7       820  932.4  10.9  92.5   9.7  60  16.6 285.4 25.002392 121.516248  8.13    2667    239
 223     4.4       824  932.0  10.8  92.6   9.7  60  16.6 285.4 25.002317 121.516105  8.14    2684    239
 224     3.8       828  931.5  10.8  92.8   9.7  60  16.6 285.4 25.002243 121.515963  8.14    2701    239
 225     5.3       833  931.0  10.8  92.9   9.7  60  16.6 285.3 25.002170 121.515820  8.14    2717    239
 226     3.2       836  930.6  10.7  93.1   9.7  60  16.6 285.3 25.002098 121.515678  8.13    2733    239
 227     3.6       840  930.1  10.7  93.2   9.7  60  16.6 285.3 25.002026 121.515536  8.13    2750    239
 228     5.2       845  929.6  10.7  93.2   9.6  60  16.5 285.2 25.001953 121.515396  8.13    2766    239
 229     4.5       850  929.1  10.7  93.3   9.6  60  16.5 285.2 25.001880 121.515256  8.13    2782    239
 230     3.9       854  928.6  10.6  93.5   9.6  60  16.5 285.2 25.001804 121.515116  8.12    2799    239
 231     4.4       858  928.2  10.6  93.6   9.6  60  16.5 285.2 25.001727 121.514975  8.12    2815    239
 232     4.2       862  927.6  10.6  93.7   9.6  60  16.5 285.1 25.001649 121.514834  8.12    2832    239
 233     4.7       867  927.1  10.5  93.9   9.6  60  16.5 285.1 25.001571 121.514692  8.12    2849    239
 234     4.7       872  926.6  10.5  94.1   9.6  60  16.4 285.0 25.001494 121.514550  8.12    2866    239
 235     5.4       877  926.1  10.4  94.3   9.6  60  16.4 285.0 25.001419 121.514407  8.12    2882    239
 236     5.0       882  925.6  10.4  94.3   9.5  60  16.4 285.0 25.001346 121.514262  8.10    2899    239
 237     4.1       886  925.1  10.4  94.2   9.5  60  16.4 284.9 25.001274 121.514115  8.08    2916    239
 238     4.5       891  924.6  10.3  94.2   9.4  60  16.4 284.9 25.001201 121.513968  8.06    2933    239
 239     3.7       894  924.1  10.3  94.2   9.4  59  16.3 284.9 25.001126 121.513822  8.05    2950    239
 240     4.6       899  923.6  10.3  94.3   9.4  59  16.3 284.8 25.001050 121.513678  8.06    2966    239
 241     5.1       904  923.1  10.3  94.5   9.4  59  16.3 284.8 25.000972 121.513537  8.07    2983    239
 242     5.4       910  922.6  10.3  94.8   9.5  59  16.2 284.8 25.000895 121.513397  8.10    2999    239
 243     3.8       913  922.1  10.2  95.1   9.5  59  16.2 284.8 25.000820 121.513260  8.11    3016    239
 244     4.6       918  921.6  10.2  95.4   9.5  59  16.2 284.8 25.000745 121.513125  8.12    3032    239
 245     4.1       922  921.1  10.2  95.8   9.5  59  16.1 284.7 25.000671 121.512991  8.13    3048    239
 246     4.4       926  920.6  10.1  96.1   9.5  59  16.1 284.7 25.000597 121.512857  8.15    3063    239
 247     4.1       931  920.1  10.1  96.4   9.5  59  16.0 284.6 25.000523 121.512722  8.16    3079    239
 248     4.5       935  919.6  10.0  96.7   9.5  59  16.0 284.6 25.000449 121.512588  8.16    3095    239
 249     4.7       940  919.2  10.0  96.7   9.5  59  15.9 284.6 25.000374 121.512454  8.14    3111    239
 250     4.0       944  918.7  10.0  96.5   9.4  58  15.9 284.5 25.000300 121.512320  8.11    3127    239
 251     4.3       948  918.2   9.9  96.3   9.4  58  15.8 284.5 25.000225 121.512186  8.09    3143    239
 252     4.5       953  917.7   9.9  96.3   9.4  58  15.8 284.5 25.000150 121.512052  8.08    3159    239
 253     3.3       956  917.3   9.9  96.6   9.4  58  15.7 284.4 25.000073 121.511916  8.09    3175    239
 254     4.8       961  916.8   9.8  96.9   9.4  58  15.7 284.4 24.999997 121.511780  8.10    3191    239
 255     4.3       965  916.3   9.8  97.1   9.4  58  15.6 284.4 24.999920 121.511644  8.10    3207    239
 256     5.3       970  915.8   9.8  97.2   9.3  58  15.6 284.3 24.999843 121.511508  8.09    3223    239
 257     4.2       974  915.3   9.7  97.3   9.3  58  15.5 284.3 24.999765 121.511374  8.08    3239    239
 258     4.5       979  914.9   9.7  97.5   9.3  58  15.5 284.3 24.999688 121.511241  8.09    3255    239
 259     4.0       983  914.4   9.7  97.7   9.3  57  15.4 284.2 24.999612 121.511113  8.09    3270    239
 260     3.8       987  913.9   9.6  98.0   9.3  57  15.4 284.2 24.999537 121.510988  8.10    3286    239
 261     5.0       992  913.4   9.6  98.6   9.4  57  15.3 284.1 24.999462 121.510866  8.13    3300    239
 262     4.3       996  913.0   9.5  99.0   9.4  57  15.3 284.1 24.999387 121.510745  8.13    3315    239
 263     4.3      1000  912.5   9.5  99.3   9.4  57  15.2 284.0 24.999312 121.510624  8.13    3330    239
 264     4.4      1005  912.0   9.4  99.4   9.3  57  15.1 284.0 24.999238 121.510503  8.12    3345    239
 265     3.1      1008  911.6   9.4  99.5   9.3  57  15.1 284.0 24.999164 121.510381  8.11    3359    239
 266     4.5      1012  911.1   9.4  99.4   9.3  57  15.0 283.9 24.999090 121.510257  8.10    3374    239
 267     4.7      1017  910.6   9.4  99.2   9.2  57  15.0 283.9 24.999015 121.510132  8.08    3389    239
 268     4.1      1021  910.1   9.3  99.1   9.2  57  14.9 283.9 24.998939 121.510008  8.07    3404    239
 269     4.5      1026  909.7   9.3  99.3   9.2  57  14.9 283.9 24.998864 121.509883  8.07    3420    239
 270     5.1      1031  909.2   9.3  99.5   9.2  57  14.9 283.8 24.998790 121.509759  8.07    3435    239
 271     4.7      1036  908.7   9.2  99.8   9.2  57  14.8 283.8 24.998717 121.509635  8.07    3449    239
 272     4.2      1040  908.2   9.2  99.8   9.2  57  14.8 283.7 24.998645 121.509511  8.06    3464    239
 273     3.8      1044  907.7   9.2  99.8   9.1  57  14.7 283.7 24.998574 121.509390  8.04    3479    239
 274     4.2      1048  907.3   9.1  99.8   9.1  57  14.7 283.7 24.998502 121.509271  8.03    3493    239
 275     4.0      1052  906.8   9.1  99.9   9.1  57  14.7 283.6 24.998430 121.509154  8.03    3507    239
 276     3.7      1055  906.4   9.1  99.9   9.1  57  14.6 283.6 24.998358 121.509035  8.02    3522    239
 277     4.4      1060  905.9   9.1  99.8   9.0  57  14.6 283.6 24.998288 121.508915  8.01    3536    239
 278     5.4      1065  905.5   9.0  99.6   9.0  58  14.6 283.6 24.998218 121.508794  7.98    3551    239
 279     4.1      1069  905.0   9.0  99.4   8.9  58  14.6 283.5 24.998149 121.508673  7.95    3565    239
 280     2.9      1072  904.6   9.0  99.4   8.9  58  14.5 283.5 24.998078 121.508554  7.94    3579    239
 281     4.0      1076  904.2   9.0  99.7   8.9  58  14.5 283.5 24.998006 121.508437  7.95    3594    239
 282     3.5      1080  903.7   8.9  99.8   8.9  58  14.5 283.5 24.997934 121.508319  7.95    3608    239
 283     4.2      1084  903.3   8.9  99.8   8.9  58  14.5 283.4 24.997863 121.508202  7.95    3622    239
 284     4.2      1088  902.9   8.9 100.0   8.9  58  14.5 283.4 24.997794 121.508085  7.96    3636    239
 285     4.3      1093  902.4   8.9 100.0   8.9  58  14.5 283.4 24.997726 121.507967  7.95    3650    239
 286     3.7      1096  902.0   8.9  99.7   8.8  58  14.5 283.4 24.997660 121.507845  7.92    3665    239
 287     4.2      1100  901.6   8.8  99.4   8.7  58  14.4 283.3 24.997593 121.507720  7.88    3679    239
 288     3.5      1104  901.2   8.8  99.4   8.7  59  14.4 283.3 24.997526 121.507593  7.87    3694    239
 289     3.9      1108  900.8   8.8  99.6   8.7  59  14.4 283.3 24.997458 121.507464  7.88    3709    239
 290     3.1      1111  900.4   8.8  99.8   8.7  59  14.4 283.3 24.997391 121.507335  7.89    3724    239
 291     3.0      1114  900.0   8.7 100.0   8.7  59  14.4 283.3 24.997325 121.507208  7.90    3739    239
 292     4.3      1118  899.6   8.7 100.0   8.7  59  14.4 283.2 24.997259 121.507081  7.90    3754    239
 293     2.6      1121  899.3   8.7 100.0   8.7  59  14.4 283.2 24.997194 121.506956  7.89    3768    239
 294     3.9      1125  898.9   8.7 100.0   8.7  59  14.4 283.2 24.997130 121.506833  7.89    3783    239
 295     3.4      1128  898.5   8.7 100.0   8.7  59  14.4 283.2 24.997066 121.506711  7.88    3797    239
 296     3.5      1132  898.1   8.7 100.0   8.7  59  14.4 283.2 24.997003 121.506589  7.88    3811    239
 297     3.5      1135  897.7   8.7 100.0   8.7  59  14.3 283.2 24.996940 121.506465  7.88    3825    239
 298     3.9      1139  897.3   8.7 100.0   8.7  59  14.3 283.2 24.996875 121.506341  7.87    3840    239
 299     4.0      1143  896.9   8.6 100.0   8.6  59  14.3 283.1 24.996810 121.506216  7.87    3854    239
 300     3.8      1147  896.5   8.6 100.0   8.6  59  14.3 283.1 24.996744 121.506093  7.86    3869    239
 301     3.7      1151  896.1   8.6 100.0   8.6  59  14.3 283.1 24.996677 121.505971  7.85    3883    239
 302     3.4      1154  895.8   8.6  99.9   8.6  60  14.3 283.1 24.996610 121.505852  7.84    3897    239
 303     2.7      1157  895.4   8.6  99.9   8.6  60  14.3 283.1 24.996542 121.505733  7.84    3911    239
 304     3.8      1161  895.0   8.6 100.0   8.6  60  14.3 283.0 24.996475 121.505614  7.84    3925    239
 305     3.6      1164  894.7   8.5 100.0   8.5  60  14.3 283.0 24.996408 121.505494  7.83    3940    239
 306     3.5      1168  894.3   8.5  99.9   8.5  60  14.2 283.0 24.996342 121.505375  7.82    3954    239
 307     2.4      1170  894.0   8.5  99.8   8.5  60  14.2 283.0 24.996276 121.505255  7.81    3968    239
 308     3.8      1174  893.6   8.5  99.7   8.4  60  14.2 283.0 24.996211 121.505135  7.80    3982    239
 309     2.7      1177  893.3   8.5  99.8   8.4  60  14.2 283.0 24.996146 121.505016  7.79    3996    239
 310     3.2      1180  892.9   8.5  99.9   8.4  60  14.2 282.9 24.996082 121.504896  7.79    4010    239
 311     2.8      1183  892.6   8.4 100.0   8.4  60  14.2 282.9 24.996018 121.504774  7.80    4024    239
 312     3.3      1186  892.2   8.4 100.0   8.4  60  14.2 282.9 24.995956 121.504652  7.79    4038    239
 313     3.8      1190  891.9   8.4 100.0   8.4  60  14.2 282.9 24.995893 121.504529  7.79    4053    239
 314     3.6      1193  891.5   8.4 100.0   8.4  60  14.2 282.9 24.995830 121.504407  7.78    4067    239
 315     2.9      1196  891.2   8.4 100.0   8.4  60  14.2 282.9 24.995767 121.504284  7.77    4081    239
 316     2.5      1199  890.8   8.4  99.9   8.3  60  14.2 282.8 24.995704 121.504160  7.76    4095    239
 317     4.1      1203  890.5   8.3  99.9   8.3  60  14.2 282.8 24.995642 121.504036  7.75    4110    239
 318     3.4      1206  890.1   8.3  99.9   8.3  60  14.2 282.8 24.995579 121.503912  7.75    4124    239
 319     3.2      1209  889.8   8.3 100.0   8.3  60  14.2 282.8 24.995515 121.503790  7.75    4138    239
 320     3.0      1212  889.4   8.3 100.0   8.3  60  14.2 282.8 24.995449 121.503668  7.75    4152    239
 321     3.8      1216  889.0   8.3 100.0   8.3  60  14.2 282.7 24.995383 121.503546  7.74    4167    239
 322     3.8      1220  888.6   8.3 100.0   8.3  60  14.1 282.7 24.995319 121.503425  7.73    4181    239
 323     2.8      1223  888.3   8.2 100.0   8.2  60  14.1 282.7 24.995258 121.503302  7.73    4195    239
 324     3.9      1227  887.9   8.2 100.0   8.2  60  14.1 282.7 24.995198 121.503179  7.72    4209    239
 325     3.3      1230  887.5   8.2  99.8   8.2  60  14.1 282.7 24.995137 121.503056  7.70    4223    239
 326     4.2      1234  887.1   8.2  99.7   8.1  61  14.1 282.7 24.995075 121.502933  7.69    4237    239
 327     3.7      1238  886.7   8.2  99.8   8.1  61  14.1 282.6 24.995012 121.502811  7.69    4252    239
 328     3.6      1242  886.3   8.2  99.9   8.1  61  14.0 282.6 24.994947 121.502687  7.70    4266    239
 329     3.7      1245  885.9   8.1 100.0   8.1  61  14.0 282.6 24.994882 121.502563  7.70    4280    239
 330     4.3      1250  885.4   8.1 100.0   8.1  61  14.0 282.6 24.994816 121.502437  7.69    4295    239
 331     4.1      1254  885.0   8.1 100.0   8.1  61  13.9 282.6 24.994750 121.502309  7.69    4310    239
 332     3.5      1257  884.6   8.1 100.0   8.1  61  13.9 282.6 24.994686 121.502184  7.69    4324    239
 333     4.8      1262  884.1   8.1 100.0   8.1  61  13.8 282.6 24.994623 121.502062  7.68    4339    239
 334     3.8      1266  883.7   8.1 100.0   8.1  61  13.8 282.5 24.994561 121.501943  7.68    4352    239
 335     3.4      1269  883.2   8.1 100.0   8.1  61  13.7 282.5 24.994499 121.501826  7.69    4366    239
 336     5.3      1274  882.7   8.1 100.0   8.1  62  13.6 282.6 24.994436 121.501707  7.70    4380    239
 337     4.8      1279  882.2   8.1 100.0   8.1  62  13.6 282.6 24.994375 121.501585  7.71    4394    239
 338     5.5      1285  881.7   8.1 100.0   8.1  62  13.5 282.6 24.994316 121.501460  7.70    4408    239
 339     4.9      1290  881.1   8.1  99.9   8.0  62  13.4 282.5 24.994257 121.501336  7.69    4422    239
 340     5.3      1295  880.6   8.0  99.9   8.0  63  13.4 282.5 24.994199 121.501215  7.68    4436    239
 341     5.3      1300  880.0   8.0 100.0   8.0  63  13.3 282.4 24.994140 121.501099  7.67    4450    239
 342     5.4      1306  879.4   8.0 100.0   7.9  63  13.2 282.4 24.994084 121.500985  7.66    4463    239
 343     5.4      1311  878.8   8.0 100.0   7.9  63  13.1 282.4 24.994029 121.500872  7.66    4476    239
 344     6.5      1318  878.2   8.0  99.9   8.0  64  13.0 282.4 24.993975 121.500760  7.68    4488    239
 345     4.7      1322  877.6   8.0  99.8   8.0  64  12.9 282.5 24.993921 121.500650  7.68    4501    239
 346     6.5      1329  877.0   8.0  99.6   8.0  65  12.9 282.5 24.993868 121.500541  7.68    4513    239
 347     6.3      1335  876.4   8.0  99.4   7.9  65  12.8 282.5 24.993818 121.500433  7.65    4526    239
 348     5.7      1341  875.8   8.0  99.2   7.8  65  12.7 282.4 24.993772 121.500324  7.62    4538    239
 349     5.8      1347  875.1   7.9  99.1   7.8  66  12.6 282.4 24.993730 121.500213  7.60    4550    239
 350     5.6      1352  874.5   7.9  99.3   7.8  66  12.5 282.3 24.993690 121.500097  7.60    4562    239
 351     5.0      1357  873.9   7.8  99.4   7.8  67  12.4 282.3 24.993652 121.499977  7.60    4575    239
 352     6.0      1363  873.3   7.8  99.5   7.8  67  12.4 282.3 24.993612 121.499856  7.61    4587    239
 353     6.1      1369  872.8   7.8  99.7   7.8  68  12.3 282.3 24.993572 121.499737  7.62    4600    239
 354     4.9      1374  872.2   7.8  99.8   7.8  68  12.2 282.3 24.993528 121.499622  7.63    4613    240
 355     5.8      1380  871.6   7.8  99.8   7.8  69  12.2 282.3 24.993483 121.499510  7.63    4625    240
 356     5.7      1386  871.0   7.8  99.8   7.8  69  12.1 282.2 24.993439 121.499399  7.63    4637    240
 357     5.8      1392  870.4   7.9  99.9   7.9  70  12.0 282.4 24.993399 121.499288  7.70    4649    240
 358     5.7      1397  869.8   7.9 100.0   7.9  70  12.0 282.4 24.993364 121.499176  7.73    4661    240
 359     4.5      1402  869.2   7.9  99.9   7.9  71  12.0 282.4 24.993334 121.499067  7.73    4672    240
 360     5.4      1407  868.7   7.9 100.0   7.9  71  11.9 282.4 24.993307 121.498960  7.71    4683    240
 361     6.0      1413  868.1   7.8 100.0   7.8  72  11.9 282.3 24.993280 121.498858  7.68    4693    240
 362     6.1      1419  867.5   7.8 100.0   7.8  72  11.9 282.3 24.993253 121.498759  7.68    4703    240
 363     4.8      1424  867.0   7.8 100.0   7.8  73  11.9 282.3 24.993227 121.498661  7.69    4713    240
 364     5.1      1429  866.4   7.8  99.8   7.8  73  11.8 282.3 24.993202 121.498562  7.68    4723    240
 365     5.2      1434  865.9   7.8  99.7   7.7  74  11.8 282.2 24.993179 121.498459  7.66    4733    240
 366     5.0      1439  865.3   7.7  99.6   7.7  74  11.9 282.2 24.993155 121.498350  7.64    4744    240
 367     5.4      1445  864.8   7.7  99.6   7.7  75  11.9 282.2 24.993130 121.498235  7.64    4756    240
 368     4.9      1450  864.3   7.7  99.8   7.7  75  11.9 282.2 24.993103 121.498118  7.64    4767    240
 369     4.6      1454  863.7   7.7 100.0   7.7  76  11.9 282.1 24.993075 121.498000  7.64    4779    240
 370     5.5      1460  863.2   7.6 100.0   7.6  76  11.9 282.0 24.993046 121.497885  7.61    4791    240
 371     5.7      1465  862.6   7.5 100.0   7.5  76  12.0 282.0 24.993019 121.497772  7.59    4802    240
 372     4.9      1470  862.1   7.5 100.0   7.5  77  12.0 282.0 24.992994 121.497662  7.59    4813    240
 373     5.0      1475  861.5   7.5 100.0   7.5  77  12.1 281.9 24.992972 121.497550  7.57    4824    240
 374     6.3      1482  860.9   7.4  99.9   7.4  77  12.1 281.9 24.992953 121.497433  7.54    4836    240
 375     5.3      1487  860.3   7.4  99.8   7.3  78  12.1 281.8 24.992936 121.497312  7.51    4847    240
 376     6.2      1493  859.8   7.4  99.8   7.3  78  12.2 281.8 24.992920 121.497190  7.50    4859    240
 377     5.1      1498  859.2   7.3  99.7   7.3  78  12.2 281.8 24.992903 121.497068  7.49    4870    240
 378     5.9      1504  858.6   7.3  99.6   7.3  79  12.3 281.7 24.992884 121.496949  7.48    4882    240
 379     5.3      1510  858.0   7.3  99.6   7.2  79  12.3 281.7 24.992862 121.496831  7.48    4894    240
 380     5.1      1515  857.4   7.3  99.6   7.2  79  12.4 281.7 24.992839 121.496713  7.47    4905    240
 381     6.8      1521  856.9   7.3  99.5   7.2  79  12.4 281.7 24.992816 121.496592  7.46    4917    241
 382     5.2      1527  856.3   7.2  99.5   7.1  79  12.5 281.6 24.992796 121.496468  7.44    4929    241
 383     5.3      1532  855.7   7.2  99.6   7.1  80  12.5 281.6 24.992777 121.496342  7.43    4941    241
 384     5.0      1537  855.1   7.1  99.7   7.1  80  12.5 281.6 24.992758 121.496216  7.43    4953    241
 385     5.4      1542  854.6   7.1  99.8   7.1  80  12.5 281.5 24.992739 121.496088  7.41    4966    241
 386     5.4      1548  854.0   7.0 100.0   7.0  80  12.5 281.4 24.992719 121.495961  7.40    4978    241
 387     5.6      1553  853.5   7.0 100.0   7.0  80  12.5 281.4 24.992700 121.495835  7.39    4990    241
 388     5.8      1559  852.9   7.0 100.0   7.0  80  12.5 281.4 24.992683 121.495714  7.39    5002    241
 389     5.2      1564  852.3   7.0 100.0   7.0  80  12.4 281.4 24.992668 121.495597  7.39    5013    241
 390     5.4      1570  851.7   7.0 100.0   6.9  80  12.4 281.4 24.992656 121.495480  7.38    5024    241
 391     5.8      1576  851.2   6.9  99.9   6.9  80  12.3 281.3 24.992645 121.495359  7.36    5035    241
 392     5.1      1581  850.6   6.9 100.0   6.9  81  12.2 281.3 24.992634 121.495232  7.35    5047    241
 393     5.3      1586  850.0   6.9 100.0   6.9  81  12.1 281.3 24.992623 121.495097  7.35    5059    241
 394     6.6      1593  849.4   6.8 100.0   6.8  81  12.0 281.2 24.992608 121.494955  7.34    5073    241
 395     5.7      1598  848.8   6.8 100.0   6.8  81  11.9 281.2 24.992587 121.494810  7.33    5087    241
 396     6.6      1605  848.2   6.8 100.0   6.8  81  11.8 281.2 24.992561 121.494666  7.31    5101    241
 397     5.7      1611  847.6   6.7  99.9   6.7  81  11.6 281.1 24.992531 121.494529  7.28    5115    241
 398     7.2      1618  847.0   6.7  99.7   6.6  81  11.5 281.0 24.992502 121.494403  7.25    5127    241
 399     4.9      1623  846.5   6.6  99.6   6.6  81  11.3 281.0 24.992476 121.494286  7.23    5139    241
 400     4.3      1627  845.9   6.6  99.5   6.5  82  11.1 281.0 24.992453 121.494177  7.21    5150    241
 401     3.2      1630  845.4   6.6  99.6   6.5  82  10.9 280.9 24.992434 121.494071  7.21    5160    242
 402     5.5      1636  844.9   6.5  99.9   6.5  82  10.7 280.9 24.992418 121.493963  7.22    5171    242
 403     6.6      1642  844.4   6.5 100.0   6.5  82  10.5 280.9 24.992407 121.493854  7.22    5181    242
 404     5.3      1647  843.8   6.5 100.0   6.5  83  10.3 280.9 24.992399 121.493746  7.21    5191    242
 405     5.3      1653  843.3   6.5 100.0   6.5  83  10.1 280.8 24.992390 121.493643  7.21    5201    242
 406     4.7      1657  842.9   6.4 100.0   6.4  84  10.0 280.8 24.992379 121.493548  7.20    5210    242
 407     3.9      1661  842.4   6.4 100.0   6.4  85   9.8 280.8 24.992365 121.493464  7.18    5218    242
 408     4.3      1666  841.9   6.4 100.0   6.4  85   9.6 280.7 24.992350 121.493386  7.17    5226    242
 409     4.6      1670  841.5   6.4 100.0   6.4  86   9.4 280.7 24.992338 121.493311  7.16    5233    242
 410     3.6      1674  841.1   6.3  99.8   6.3  87   9.3 280.7 24.992328 121.493236  7.15    5240    242
 411     4.0      1678  840.7   6.3  99.7   6.3  88   9.2 280.7 24.992321 121.493161  7.13    5247    242
 412     3.6      1682  840.3   6.3  99.8   6.2  89   9.1 280.6 24.992316 121.493087  7.11    5254    242
 413     3.6      1685  840.0   6.2  99.9   6.2  90   9.0 280.6 24.992313 121.493016  7.10    5261    242
 414     2.8      1688  839.6   6.2 100.0   6.2  91   8.9 280.5 24.992310 121.492950  7.10    5267    242
 415     3.1      1691  839.3   6.2 100.0   6.2  92   8.8 280.5 24.992307 121.492887  7.09    5272    242
 416     2.7      1694  839.0   6.2 100.0   6.2  93   8.8 280.5 24.992305 121.492823  7.09    5278    242
 417     3.9      1698  838.6   6.2 100.0   6.2  94   8.7 280.5 24.992308 121.492757  7.10    5284    242
 418     3.3      1701  838.3   6.2 100.0   6.2  95   8.7 280.6 24.992314 121.492688  7.13    5290    242
 419     2.8      1704  838.0   6.3 100.0   6.3  97   8.7 280.7 24.992322 121.492617  7.16    5296    242
 420     3.8      1708  837.6   6.3 100.0   6.3  98   8.8 280.7 24.992334 121.492542  7.19    5302    242
 421     3.0      1711  837.3   6.3  99.4   6.2  99   8.8 280.7 24.992349 121.492462  7.13    5308    242
 422     2.7      1713  837.0   6.2  99.2   6.1 100   8.8 280.6 24.992368 121.492373  7.08    5315    242
 423     3.6      1717  836.6   6.2  99.7   6.1 101   8.9 280.5 24.992392 121.492277  7.10    5322    242
 424     3.3      1720  836.3   6.2 100.0   6.2 102   8.9 280.5 24.992420 121.492175  7.12    5330    242
 425     3.2      1723  835.9   6.2 100.0   6.2 102   9.0 280.6 24.992450 121.492068  7.15    5338    243
 426     4.6      1728  835.6   6.4 100.0   6.4 103   9.0 280.7 24.992480 121.491960  7.22    5346    243
 427     3.9      1732  835.3   6.5 100.0   6.5 104   9.1 280.9 24.992509 121.491852  7.28    5355    243
 428     2.9      1735  835.0   6.4  98.9   6.2 104   9.1 280.8 24.992536 121.491746  7.17    5363    243
 429     2.7      1738  834.7   6.3  98.7   6.1 105   9.2 280.7 24.992562 121.491646  7.11    5370    243
 430     1.3      1739  834.4   6.4  99.4   6.3 105   9.2 280.8 24.992588 121.491552  7.21    5378    243
 431     2.5      1741  834.1   6.5  99.6   6.5 106   9.2 280.9 24.992617 121.491462  7.29    5384    243
 432     2.5      1744  833.8   6.6  99.2   6.5 106   9.2 281.0 24.992648 121.491373  7.29    5391    243
 433     2.8      1747  833.4   6.5  99.0   6.4 107   9.2 280.9 24.992679 121.491283  7.26    5397    243
 434     3.8      1750  833.1   6.5  99.3   6.4 107   9.2 280.9 24.992709 121.491190  7.28    5404    243
 435     4.5      1755  832.6   6.5  99.5   6.5 107   9.2 280.9 24.992737 121.491095  7.30    5411    243
 436     4.8      1760  832.2   6.5  99.5   6.5 107   9.2 280.9 24.992763 121.491000  7.30    5419    243
 437     5.8      1765  831.7   6.5  99.4   6.4 107   9.1 280.9 24.992789 121.490907  7.30    5426    243
 438     4.7      1770  831.2   6.5  99.3   6.4 107   9.1 280.9 24.992815 121.490819  7.29    5432    244
 439     4.4      1774  830.7   6.5  99.1   6.4 108   9.0 280.9 24.992843 121.490736  7.27    5438    244
 440     5.5      1780  830.2   6.4  99.1   6.3 108   8.9 280.8 24.992873 121.490658  7.24    5444    244
 441     5.8      1786  829.6   6.3  99.2   6.2 108   8.8 280.7 24.992907 121.490581  7.19    5449    244
 442     6.3      1792  829.0   6.3  99.8   6.3 108   8.7 280.7 24.992942 121.490504  7.23    5455    244
 443     7.0      1799  828.5   6.4 100.0   6.4 108   8.6 280.7 24.992977 121.490426  7.28    5460    244
 444     6.0      1805  827.9   6.4  99.5   6.3 108   8.5 280.8 24.993009 121.490346  7.26    5466    244
 445     4.5      1810  827.4   6.3  99.0   6.2 108   8.4 280.7 24.993037 121.490266  7.21    5472    244
 446     4.8      1814  826.9   6.3  98.9   6.1 108   8.3 280.7 24.993058 121.490182  7.19    5478    244
 447     4.2      1819  826.4   6.3  99.0   6.1 109   8.2 280.6 24.993071 121.490094  7.18    5486    244
 448     4.7      1823  825.9   6.2  99.1   6.1 109   8.1 280.6 24.993076 121.490002  7.17    5494    244
 449     4.8      1828  825.5   6.2  99.3   6.1 109   8.0 280.5 24.993076 121.489909  7.17    5502    244
 450     4.8      1833  825.0   6.1  99.6   6.1 109   7.9 280.5 24.993073 121.489817  7.17    5511    244
 451     4.6      1838  824.6   6.1  99.9   6.1 109   7.9 280.5 24.993070 121.489728  7.18    5519    244
 452     4.6      1842  824.2   6.0 100.0   6.0 110   7.8 280.4 24.993068 121.489645  7.16    5527    244
 453     3.1      1845  823.9   5.9  99.6   5.9 110   7.7 280.3 24.993070 121.489568  7.09    5533    244
 454     2.6      1848  823.6   5.9  99.8   5.8 111   7.6 280.2 24.993079 121.489498  7.07    5539    244
 455     2.6      1850  823.3   5.9 100.0   5.9 111   7.5 280.2 24.993095 121.489434  7.09    5545    244
 456     1.3      1852  823.1   6.0 100.0   6.0 112   7.5 280.3 24.993121 121.489371  7.13    5549    245
 457     1.7      1854  822.9   6.0 100.0   6.0 112   7.4 280.4 24.993153 121.489306  7.17    5553    245
 458     1.4      1855  822.6   6.1 100.0   6.1 113   7.3 280.5 24.993186 121.489239  7.19    5558    245
 459     2.1      1857  822.4   6.1 100.0   6.1 113   7.3 280.5 24.993217 121.489171  7.20    5563    245
 460     2.7      1860  822.2   6.1 100.0   6.1 114   7.3 280.4 24.993245 121.489105  7.19    5567    245
 461     2.7      1862  822.0   6.0 100.0   6.0 114   7.2 280.4 24.993271 121.489042  7.17    5572    245
 462     2.7      1865  821.7   6.0 100.0   6.0 115   7.2 280.4 24.993295 121.488984  7.16    5576    245
 463     2.0      1867  821.4   6.0 100.0   6.0 115   7.2 280.3 24.993318 121.488933  7.14    5580    245
 464     2.3      1869  821.2   5.9 100.0   5.9 116   7.2 280.3 24.993342 121.488886  7.12    5583    245
 465     3.3      1873  820.8   5.9 100.0   5.9 117   7.2 280.3 24.993367 121.488837  7.12    5586    245
 466     3.4      1876  820.5   5.9 100.0   5.9 117   7.3 280.3 24.993396 121.488784  7.12    5590    245
 467     3.1      1879  820.2   5.9 100.0   5.9 118   7.3 280.3 24.993428 121.488727  7.12    5593    245
 468     4.3      1883  819.8   5.9 100.0   5.9 118   7.3 280.3 24.993464 121.488668  7.12    5597    245
 469     4.2      1888  819.4   5.9  99.8   5.8 118   7.4 280.2 24.993501 121.488610  7.11    5601    245
 470     4.4      1892  819.0   5.9  99.5   5.8 119   7.5 280.2 24.993540 121.488554  7.08    5604    245
 471     3.8      1896  818.6   5.8  99.2   5.7 119   7.5 280.2 24.993578 121.488500  7.05    5607    245
 472     4.2      1900  818.1   5.8  99.0   5.7 119   7.6 280.2 24.993617 121.488447  7.03    5610    245
 473     4.9      1905  817.7   5.8  98.8   5.6 119   7.7 280.2 24.993659 121.488395  7.02    5613    246
 474     4.7      1910  817.3   5.8  98.6   5.6 119   7.8 280.1 24.993702 121.488342  7.00    5616    246
 475     4.9      1915  816.8   5.8  98.5   5.6 119   7.9 280.1 24.993747 121.488287  6.98    5619    246
 476     2.9      1917  816.4   5.7  98.5   5.5 119   8.0 280.1 24.993793 121.488229  6.97    5622    246
 477     4.6      1922  815.9   5.7  98.6   5.5 119   8.1 280.0 24.993838 121.488165  6.97    5626    246
 478     5.4      1927  815.5   5.7  98.8   5.5 119   8.1 280.0 24.993881 121.488096  6.98    5631    246
 479     5.4      1933  815.0   5.7  98.9   5.5 119   8.2 280.0 24.993921 121.488021  6.98    5636    246
 480     3.5      1936  814.6   5.7  99.1   5.5 119   8.2 280.0 24.993959 121.487940  7.00    5641    246
 481     5.0      1941  814.1   5.6  99.4   5.6 119   8.3 280.0 24.993995 121.487852  7.01    5648    246
 482     3.9      1945  813.6   5.6  99.5   5.5 119   8.4 280.0 24.994028 121.487760  7.01    5655    246
 483     4.7      1950  813.1   5.6  99.5   5.5 119   8.4 279.9 24.994058 121.487666  7.00    5662    246
 484     5.2      1955  812.7   5.6  99.5   5.5 120   8.5 279.9 24.994085 121.487573  6.99    5670    246
 485     5.7      1961  812.2   5.5  99.4   5.5 120   8.5 279.9 24.994109 121.487483  6.97    5677    246
 486     5.7      1967  811.7   5.5  99.1   5.4 120   8.6 279.9 24.994131 121.487392  6.95    5684    246
 487     6.0      1973  811.3   5.5  98.9   5.3 120   8.6 279.8 24.994152 121.487298  6.93    5692    246
 488     3.8      1976  810.9   5.5  98.8   5.3 121   8.6 279.8 24.994175 121.487201  6.92    5700    247
 489     3.6      1980  810.5   5.5  98.8   5.3 121   8.6 279.8 24.994203 121.487103  6.92    5708    247
 490     2.9      1983  810.1   5.5  99.0   5.3 122   8.6 279.8 24.994236 121.487009  6.93    5715    247
 491     2.1      1985  809.8   5.5  99.3   5.4 122   8.5 279.8 24.994275 121.486924  6.95    5721    247
 492     2.0      1987  809.5   5.4  99.6   5.4 123   8.5 279.8 24.994316 121.486849  6.96    5727    247
 493     2.2      1989  809.2   5.4 100.0   5.4 124   8.4 279.7 24.994360 121.486780  6.97    5731    247
 494     3.1      1992  808.9   5.4 100.0   5.4 125   8.4 279.7 24.994405 121.486713  6.97    5735    247
 495     3.2      1996  808.6   5.4 100.0   5.4 126   8.3 279.7 24.994449 121.486644  6.97    5740    247
 496     3.7      1999  808.2   5.4 100.0   5.4 128   8.2 279.7 24.994494 121.486574  6.96    5744    247
 497     3.9      2003  807.8   5.3 100.0   5.3 129   8.1 279.7 24.994539 121.486504  6.96    5749    247
 498     4.8      2008  807.4   5.3 100.0   5.3 131   8.0 279.6 24.994585 121.486433  6.95    5754    247
 499     5.3      2013  807.0   5.3  99.7   5.2 132   7.9 279.6 24.994632 121.486363  6.92    5758    247
 500     5.0      2018  806.6   5.3  99.5   5.2 134   7.8 279.6 24.994681 121.486293  6.89    5763    247
 501     3.4      2022  806.1   5.2  99.4   5.2 136   7.7 279.6 24.994731 121.486226  6.88    5767    247
 502     4.2      2026  805.7   5.2  99.3   5.1 138   7.6 279.5 24.994782 121.486164  6.87    5770    248
 503     4.0      2030  805.2   5.2  99.2   5.1 140   7.4 279.5 24.994837 121.486107  6.86    5773    248
 504     6.0      2036  804.7   5.2  99.2   5.1 143   7.3 279.5 24.994891 121.486054  6.84    5776    248
 505     5.6      2041  804.2   5.1  99.3   5.0 145   7.2 279.5 24.994943 121.486004  6.84    5779    248
 506     6.0      2047  803.7   5.1  99.4   5.0 148   7.1 279.4 24.994993 121.485957  6.84    5781    248
 507     4.0      2051  803.3   5.1  99.4   5.0 150   7.0 279.4 24.995043 121.485914  6.84    5783    248
 508     4.6      2056  802.8   5.1  99.6   5.1 152   6.9 279.4 24.995098 121.485877  6.87    5784    248
 509     5.2      2061  802.4   5.1  99.7   5.1 154   6.9 279.5 24.995159 121.485846  6.89    5784    248
 510     5.2      2066  802.0   5.2  99.5   5.1 156   6.8 279.5 24.995226 121.485822  6.89    5784    248
 511     3.2      2070  801.6   5.2  99.3   5.1 158   6.7 279.5 24.995300 121.485804  6.87    5783    248
 512     3.1      2073  801.2   5.1  99.2   5.0 161   6.6 279.4 24.995377 121.485789  6.86    5781    248
 513     2.9      2076  800.9   5.1  99.3   5.0 163   6.6 279.4 24.995453 121.485778  6.86    5779    248
 514     2.6      2078  800.6   5.1  99.6   5.0 166   6.5 279.4 24.995524 121.485771  6.87    5776    248
 515     3.7      2082  800.3   5.1  99.8   5.1 168   6.4 279.5 24.995591 121.485768  6.90    5774    249
 516     2.9      2085  800.1   5.3 100.0   5.3 171   6.4 279.6 24.995653 121.485771  7.00    5771    249
 517     2.9      2088  799.8   5.6 100.0   5.6 174   6.3 280.0 24.995715 121.485778  7.16    5768    249
 518     2.4      2090  799.6   5.9 100.0   5.9 176   6.3 280.3 24.995777 121.485789  7.32    5765    249
 519     1.2      2091  799.4   6.1 100.0   6.1 179   6.2 280.5 24.995841 121.485803  7.41    5761    249
 520     0.3      2091  799.2   6.3  99.5   6.2 181   6.2 280.7 24.995905 121.485819  7.47    5757    249
 521     2.0      2093  799.0   6.6  98.8   6.4 183   6.1 281.0 24.995966 121.485836  7.58    5753    249
 522     1.7      2095  798.8   7.0  98.1   6.7 186   6.1 281.4 24.996023 121.485852  7.72    5749    249
 523     3.2      2098  798.6   7.2  97.2   6.8 188   6.1 281.7 24.996074 121.485868  7.80    5745    249
 524     3.7      2102  798.3   7.3  96.7   6.8 190   6.1 281.8 24.996119 121.485881  7.82    5742    249
 525     2.7      2105  798.1   7.4  96.7   6.9 192   6.0 281.8 24.996159 121.485894  7.83    5739    249
 526     2.1      2107  797.8   7.4  96.9   6.9 195   6.0 281.9 24.996198 121.485905  7.86    5737    249
 527     2.5      2109  797.6   7.4  96.9   6.9 197   6.0 281.9 24.996238 121.485917  7.89    5734    249
 528     2.3      2112  797.4   7.5  96.8   7.0 199   6.0 282.0 24.996283 121.485932  7.91    5731    249
 529     2.8      2115  797.1   7.5  96.5   7.0 201   6.0 282.0 24.996331 121.485950  7.92    5727    249
 530     2.2      2117  796.9   7.6  96.3   7.0 203   6.1 282.1 24.996380 121.485971  7.92    5723    249
 531     0.9      2118  796.7   7.6  96.2   7.0 205   6.1 282.1 24.996429 121.485992  7.92    5720    249
 532     2.1      2120  796.4   7.6  96.5   7.0 207   6.1 282.1 24.996477 121.486013  7.94    5716    249
 533     2.8      2123  796.2   7.6  96.6   7.1 209   6.2 282.1 24.996526 121.486034  7.96    5712    249
 534     2.5      2125  795.9   7.6  96.6   7.1 210   6.2 282.1 24.996577 121.486056  7.98    5708    249
 535     2.9      2128  795.6   7.7  96.4   7.1 212   6.3 282.2 24.996631 121.486081  8.02    5703    250
 536     3.7      2132  795.2   7.8  95.9   7.2 214   6.4 282.4 24.996684 121.486110  8.06    5698    250
 537     4.5      2136  794.9   8.0  95.3   7.3 216   6.5 282.5 24.996734 121.486143  8.09    5693    250
 538     4.9      2141  794.4   8.1  94.7   7.3 217   6.6 282.6 24.996782 121.486180  8.09    5688    250
 539     4.9      2146  794.0   8.2  94.0   7.3 219   6.7 282.7 24.996826 121.486219  8.09    5683    250
 540     4.9      2151  793.6   8.2  93.6   7.3 220   6.8 282.8 24.996867 121.486264  8.10    5677    250
 541     4.7      2156  793.1   8.3  93.4   7.3 221   6.9 282.8 24.996906 121.486313  8.11    5671    250
 542     4.1      2160  792.7   8.3  93.1   7.3 223   7.1 282.9 24.996946 121.486364  8.12    5664    250
 543     5.6      2165  792.3   8.4  92.8   7.3 224   7.2 283.0 24.996986 121.486414  8.14    5658    250
 544     4.8      2170  791.8   8.5  92.4   7.4 225   7.4 283.1 24.997026 121.486464  8.17    5652    250
 545     4.1      2174  791.4   8.6  92.1   7.4 226   7.6 283.1 24.997067 121.486517  8.18    5645    250
 546     3.8      2178  791.0   8.7  91.6   7.4 227   7.8 283.2 24.997111 121.486574  8.19    5638    250
 547     3.0      2181  790.7   8.8  91.2   7.4 228   7.9 283.3 24.997158 121.486637  8.22    5630    250
 548     4.2      2185  790.3   8.9  90.8   7.5 229   8.1 283.5 24.997209 121.486704  8.27    5622    250
 549     4.2      2190  789.9   9.0  90.5   7.5 230   8.3 283.6 24.997260 121.486776  8.29    5613    250
 550     3.1      2193  789.5   9.1  90.2   7.6 230   8.5 283.7 24.997311 121.486849  8.31    5604    250
 551     4.1      2197  789.2   9.2  89.7   7.6 231   8.7 283.8 24.997358 121.486923  8.35    5596    250
 552     3.5      2200  788.8   9.4  89.1   7.7 231   8.9 284.0 24.997402 121.486998  8.41    5587    250
 553     4.3      2205  788.4   9.5  88.6   7.7 232   9.2 284.1 24.997445 121.487072  8.43    5578    250
 554     4.4      2209  788.0   9.5  88.4   7.7 232   9.4 284.1 24.997489 121.487145  8.40    5570    250
 555     4.3      2213  787.6   9.5  88.7   7.7 233   9.6 284.1 24.997534 121.487218  8.40    5561    250
 556     5.0      2218  787.3   9.4  89.0   7.7 233   9.8 284.0 24.997580 121.487291  8.42    5552    250
 557     3.7      2222  786.9   9.3  89.1   7.7 234  10.1 283.9 24.997626 121.487366  8.39    5544    250
 558     2.4      2224  786.5   9.3  89.4   7.6 234  10.3 283.9 24.997676 121.487441  8.38    5534    250
 559     3.4      2228  786.2   9.3  89.5   7.6 234  10.5 283.9 24.997731 121.487518  8.39    5525    250
 560     4.0      2232  785.8   9.4  89.2   7.7 235  10.7 284.0 24.997792 121.487596  8.43    5515    250
 561     4.3      2236  785.5   9.6  88.6   7.8 235  11.0 284.2 24.997858 121.487679  8.48    5505    250
 562     4.2      2240  785.2   9.7  88.1   7.8 235  11.2 284.3 24.997927 121.487765  8.51    5494    250
 563     3.1      2244  784.9   9.7  87.9   7.8 235  11.4 284.3 24.997997 121.487855  8.50    5483    250
 564     2.9      2246  784.6   9.7  87.8   7.8 236  11.6 284.3 24.998066 121.487950  8.50    5472    250
 565     1.9      2248  784.4   9.7  87.6   7.8 236  11.8 284.3 24.998133 121.488048  8.48    5460    250
 566     2.2      2251  784.1   9.7  87.4   7.7 236  12.0 284.3 24.998197 121.488148  8.47    5448    250
 567     2.5      2253  783.9   9.8  87.0   7.7 236  12.2 284.4 24.998259 121.488249  8.48    5436    250
 568     1.9      2255  783.6  10.0  85.3   7.7 237  12.4 284.7 24.998321 121.488352  8.46    5424    251
 569     3.2      2258  783.4  10.4  82.0   7.5 237  12.6 285.0 24.998383 121.488459  8.34    5411    251
 570     3.2      2261  783.1  10.8  78.4   7.2 237  12.8 285.4 24.998446 121.488572  8.19    5398    251
 571     3.4      2265  782.9  11.1  76.1   7.1 237  13.0 285.6 24.998509 121.488691  8.09    5385    251
 572     2.1      2267  782.7  11.2  75.6   7.0 237  13.1 285.7 24.998575 121.488813  8.08    5370    251
 573     1.6      2269  782.5  11.1  76.0   7.1 238  13.3 285.7 24.998643 121.488938  8.09    5356    251
 574     2.3      2271  782.3  11.1  75.8   7.0 238  13.4 285.7 24.998714 121.489063  8.08    5342    251
 575     1.2      2272  782.2  11.2  75.5   7.0 238  13.5 285.7 24.998787 121.489187  8.07    5327    251
 576     0.8      2273  782.0  11.2  75.8   7.1 238  13.6 285.7 24.998860 121.489310  8.11    5313    251
 577     0.9      2274  781.9  11.1  77.1   7.3 239  13.7 285.7 24.998932 121.489434  8.24    5298    251
 578     1.4      2275  781.8  11.1  79.3   7.7 239  13.8 285.7 24.999002 121.489557  8.46    5284    251
 579     0.8      2276  781.7  11.1  80.4   7.9 239  13.9 285.8 24.999069 121.489679  8.58    5270    251
 580     0.9      2277  781.6  11.1  79.6   7.7 239  13.9 285.7 24.999135 121.489800  8.50    5256    251
 581     0.7      2278  781.5  11.1  77.9   7.4 239  14.0 285.7 24.999201 121.489922  8.32    5242    251
 582     1.9      2279  781.4  11.1  76.5   7.2 240  14.0 285.7 24.999267 121.490045  8.18    5228    251
 583     1.0      2281  781.4  11.2  75.1   7.0 240  14.1 285.7 24.999333 121.490170  8.06    5213    251
 584     0.3      2281  781.3  11.3  74.2   6.9 240  14.1 285.8 24.999399 121.490296  8.00    5199    251
 585     0.4      2281  781.2  11.3  74.0   6.9 240  14.1 285.9 24.999465 121.490420  8.00    5185    251
 586     1.7      2283  781.1  11.4  74.1   6.9 240  14.1 285.9 24.999531 121.490544  8.03    5171    251
 587     0.2      2283  781.0  11.4  74.1   6.9 241  14.1 285.9 24.999595 121.490668  8.04    5157    251
 588     1.7      2285  780.9  11.4  74.0   6.9 241  14.1 285.9 24.999658 121.490794  8.03    5142    251
 589     0.3      2285  780.8  11.4  74.0   6.9 241  14.0 285.9 24.999720 121.490922  8.04    5128    251
 590     1.4      2286  780.8  11.4  74.2   7.0 241  14.0 285.9 24.999780 121.491051  8.06    5113    251
 591     0.4      2287  780.7  11.4  74.3   7.0 241  14.0 285.9 24.999838 121.491180  8.07    5099    251
 592     0.6      2288  780.6  11.4  74.2   7.0 241  13.9 285.9 24.999895 121.491305  8.06    5085    251
 593     2.0      2290  780.5  11.5  73.4   6.9 241  13.9 286.0 24.999952 121.491428  8.02    5071    251
 594     1.0      2291  780.4  11.6  71.9   6.7 242  13.9 286.1 25.000010 121.491548  7.90    5058    251
 595     0.8      2291  780.3  11.7  69.5   6.3 242  13.8 286.2 25.000068 121.491666  7.73    5044    251
 596     1.3      2293  780.2  11.9  67.1   6.0 242  13.8 286.3 25.000125 121.491783  7.53    5031    251
 597     0.9      2294  780.1  12.0  65.5   5.8 242  13.7 286.4 25.000182 121.491899  7.42    5018    251
 598     1.2      2295  779.9  12.1  65.1   5.7 242  13.7 286.5 25.000239 121.492017  7.41    5005    251
 599     1.4      2296  779.8  12.1  65.1   5.8 242  13.6 286.6 25.000297 121.492134  7.43    4991    251
 600     1.4      2298  779.7  12.1  65.2   5.8 242  13.6 286.6 25.000355 121.492250  7.44    4978    251
 601     0.9      2299  779.6  12.1  65.2   5.8 242  13.6 286.6 25.000413 121.492366  7.45    4965    251
 602     1.9      2300  779.4  12.1  65.1   5.8 242  13.5 286.6 25.000471 121.492481  7.45    4952    252
 603     1.8      2302  779.3  12.2  65.0   5.8 243  13.5 286.6 25.000528 121.492597  7.44    4939    252
 604     1.9      2304  779.2  12.2  65.0   5.8 243  13.5 286.6 25.000584 121.492712  7.45    4926    252
 605     1.1      2305  779.0  12.2  65.0   5.8 243  13.4 286.6 25.000640 121.492827  7.44    4913    252
 606     1.4      2307  778.9  12.2  64.8   5.8 243  13.4 286.6 25.000694 121.492942  7.42    4900    252
 607     1.1      2308  778.7  12.2  64.4   5.7 243  13.4 286.6 25.000748 121.493057  7.39    4887    252
 608     1.7      2309  778.6  12.2  63.8   5.6 243  13.3 286.6 25.000801 121.493174  7.33    4874    252
 609     1.8      2311  778.5  12.2  63.4   5.5 243  13.3 286.6 25.000853 121.493292  7.29    4861    252
 610     0.8      2312  778.3  12.2  63.4   5.5 243  13.3 286.7 25.000906 121.493413  7.30    4847    252
 611     1.5      2313  778.2  12.2  63.4   5.5 243  13.3 286.7 25.000958 121.493535  7.31    4834    252
 612     1.8      2315  778.1  12.2  63.3   5.5 244  13.3 286.6 25.001011 121.493659  7.29    4820    252
 613     1.2      2316  777.9  12.2  63.1   5.4 244  13.3 286.6 25.001063 121.493780  7.27    4807    252
 614     2.4      2319  777.7  12.2  62.8   5.4 244  13.2 286.6 25.001116 121.493899  7.24    4794    252
 615     1.8      2321  777.6  12.2  62.6   5.3 244  13.2 286.6 25.001167 121.494015  7.21    4781    252
 616     1.9      2323  777.4  12.2  62.5   5.3 244  13.2 286.6 25.001219 121.494130  7.21    4768    252
 617     0.6      2323  777.3  12.2  62.4   5.3 244  13.2 286.6 25.001270 121.494244  7.20    4755    252
 618     2.4      2326  777.1  12.2  62.3   5.2 244  13.2 286.6 25.001320 121.494358  7.18    4742    252
 619     2.4      2328  776.9  12.2  62.2   5.2 244  13.2 286.6 25.001371 121.494474  7.17    4730    252
 620     1.5      2329  776.7  12.2  62.1   5.2 244  13.2 286.6 25.001422 121.494590  7.15    4717    252
 621     2.1      2331  776.6  12.2  61.9   5.2 244  13.2 286.6 25.001475 121.494705  7.14    4704    252
 622     1.9      2333  776.4  12.2  61.9   5.2 245  13.2 286.6 25.001530 121.494818  7.14    4691    252
 623     1.9      2335  776.2  12.2  62.0   5.2 245  13.1 286.6 25.001586 121.494931  7.14    4678    252
 624     1.9      2337  776.0  12.2  62.0   5.1 245  13.1 286.6 25.001643 121.495046  7.14    4665    252
 625     1.7      2339  775.9  12.2  61.9   5.1 245  13.1 286.6 25.001699 121.495162  7.13    4652    252
 626     1.9      2341  775.7  12.2  62.0   5.1 245  13.1 286.6 25.001753 121.495280  7.13    4639    252
 627     2.0      2343  775.5  12.2  62.1   5.1 245  13.1 286.6 25.001805 121.495400  7.15    4626    252
 628     2.3      2345  775.3  12.2  62.2   5.2 245  13.1 286.6 25.001855 121.495518  7.16    4613    252
 629     2.4      2347  775.1  12.2  62.2   5.2 245  13.1 286.5 25.001904 121.495636  7.16    4600    252
 630     2.4      2350  774.9  12.1  62.3   5.2 245  13.1 286.5 25.001951 121.495751  7.16    4587    252
 631     1.6      2351  774.7  12.1  62.4   5.2 245  13.1 286.5 25.001998 121.495864  7.17    4575    252
 632     1.5      2353  774.5  12.1  62.4   5.2 245  13.1 286.5 25.002045 121.495977  7.17    4562    252
 633     2.5      2356  774.3  12.1  62.4   5.2 245  13.1 286.5 25.002092 121.496090  7.16    4550    252
 634     2.2      2358  774.1  12.1  62.4   5.2 245  13.1 286.5 25.002139 121.496205  7.16    4537    252
 635     2.3      2360  773.9  12.1  62.5   5.2 245  13.1 286.5 25.002188 121.496320  7.16    4524    252
 636     2.1      2362  773.7  12.1  62.6   5.2 246  13.1 286.5 25.002238 121.496435  7.17    4512    252
 637     2.5      2365  773.5  12.0  62.6   5.1 246  13.1 286.4 25.002290 121.496547  7.16    4499    252
 638     2.0      2367  773.3  12.0  62.5   5.1 246  13.0 286.4 25.002342 121.496661  7.15    4486    252
 639     2.6      2369  773.1  12.0  62.5   5.1 246  13.0 286.4 25.002393 121.496778  7.14    4473    252
 640     2.8      2372  772.8  12.0  62.5   5.1 246  13.0 286.4 25.002441 121.496903  7.14    4460    252
 641     2.2      2374  772.6  12.0  62.6   5.1 246  13.0 286.4 25.002484 121.497037  7.13    4445    252
 642     2.2      2376  772.4  12.0  62.7   5.1 246  13.0 286.3 25.002522 121.497178  7.14    4431    252
 643     2.4      2379  772.1  11.9  62.8   5.1 246  13.0 286.3 25.002562 121.497315  7.15    4416    252
 644     3.2      2382  771.9  11.9  62.9   5.1 246  13.0 286.3 25.002606 121.497445  7.15    4402    252
 645     2.8      2385  771.7  11.9  63.0   5.1 246  13.0 286.3 25.002653 121.497568  7.15    4389    252
 646     2.3      2387  771.4  11.9  63.0   5.1 246  13.0 286.3 25.002698 121.497688  7.14    4376    252
 647     2.0      2389  771.2  11.8  62.9   5.0 246  12.9 286.2 25.002743 121.497805  7.12    4363    252
 648     2.8      2392  771.0  11.8  62.7   5.0 246  12.9 286.2 25.002788 121.497919  7.10    4350    252
 649     3.1      2395  770.7  11.8  62.7   5.0 246  12.9 286.2 25.002832 121.498031  7.10    4338    252
 650     2.5      2398  770.5  11.8  62.7   5.0 246  12.9 286.2 25.002876 121.498142  7.09    4326    252
 651     2.5      2400  770.2  11.8  62.7   4.9 246  12.9 286.2 25.002921 121.498253  7.09    4314    252
 652     2.6      2403  770.0  11.8  62.7   4.9 246  12.9 286.1 25.002966 121.498365  7.08    4301    252
 653     2.6      2405  769.7  11.7  62.8   4.9 246  12.9 286.1 25.003012 121.498479  7.07    4289    252
 654     2.9      2408  769.5  11.7  62.7   4.9 246  12.8 286.1 25.003059 121.498593  7.06    4276    253
 655     2.9      2411  769.2  11.7  62.6   4.8 246  12.8 286.1 25.003107 121.498708  7.04    4264    253
 656     3.0      2414  768.9  11.7  62.4   4.7 246  12.8 286.0 25.003154 121.498824  7.01    4251    253
 657     2.9      2417  768.7  11.7  62.1   4.7 246  12.8 286.0 25.003203 121.498939  6.97    4238    253
 658     2.3      2419  768.4  11.6  61.9   4.6 246  12.8 286.0 25.003252 121.499055  6.94    4225    253
 659     3.8      2423  768.1  11.6  61.7   4.5 246  12.8 286.0 25.003302 121.499171  6.91    4213    253
 660     3.3      2426  767.9  11.6  61.5   4.5 246  12.8 286.0 25.003351 121.499288  6.89    4200    253
 661     2.7      2429  767.6  11.6  61.5   4.5 246  12.8 285.9 25.003400 121.499404  6.88    4187    253
 662     3.2      2432  767.3  11.6  61.6   4.5 246  12.8 285.9 25.003447 121.499522  6.89    4174    253
 663     2.6      2435  767.0  11.6  61.6   4.5 246  12.8 285.9 25.003494 121.499639  6.88    4161    253
 664     2.5      2437  766.8  11.5  61.6   4.4 246  12.8 285.9 25.003540 121.499757  6.87    4148    253
 665     2.7      2440  766.5  11.5  61.5   4.4 246  12.8 285.8 25.003585 121.499873  6.85    4136    253
 666     3.2      2443  766.2  11.5  61.4   4.3 246  12.8 285.8 25.003631 121.499988  6.83    4123    253
 667     3.5      2447  766.0  11.5  61.1   4.3 246  12.8 285.8 25.003677 121.500102  6.79    4111    253
 668     2.5      2449  765.7  11.5  60.8   4.2 246  12.8 285.8 25.003723 121.500215  6.76    4098    253
 669     2.9      2452  765.4  11.4  60.6   4.1 246  12.8 285.8 25.003769 121.500328  6.73    4086    253
 670     3.2      2455  765.2  11.4  60.5   4.1 246  12.8 285.7 25.003816 121.500441  6.70    4073    253
 671     2.7      2458  764.9  11.4  60.2   4.0 246  12.8 285.7 25.003865 121.500554  6.67    4061    253
 672     3.2      2461  764.6  11.4  60.1   3.9 247  12.9 285.7 25.003913 121.500668  6.65    4048    253
 673     3.6      2465  764.3  11.4  60.0   3.9 247  12.9 285.7 25.003962 121.500785  6.63    4035    253
 674     3.5      2469  764.0  11.3  59.7   3.8 247  12.9 285.6 25.004009 121.500903  6.59    4022    253
 675     2.9      2471  763.7  11.3  59.5   3.7 247  12.9 285.6 25.004056 121.501022  6.56    4009    253
 676     2.9      2474  763.4  11.3  59.4   3.7 247  12.9 285.6 25.004102 121.501141  6.55    3996    253
 677     3.2      2477  763.2  11.3  59.4   3.7 247  12.9 285.6 25.004147 121.501261  6.54    3983    253
 678     2.7      2480  762.9  11.3  59.4   3.6 247  12.9 285.5 25.004190 121.501380  6.53    3970    253
 679     3.5      2484  762.6  11.2  59.2   3.6 247  13.0 285.5 25.004234 121.501499  6.50    3958    253
 680     2.7      2486  762.3  11.2  58.7   3.4 247  13.0 285.5 25.004277 121.501618  6.44    3945    253
 681     4.0      2490  762.0  11.2  58.2   3.3 248  13.0 285.4 25.004320 121.501734  6.37    3932    253
 682     2.4      2493  761.7  11.2  57.6   3.1 248  13.0 285.4 25.004365 121.501849  6.31    3919    253
 683     3.3      2496  761.4  11.2  57.2   3.0 248  13.1 285.4 25.004410 121.501965  6.26    3907    253
 684     2.9      2499  761.2  11.1  56.9   2.9 248  13.1 285.4 25.004456 121.502082  6.23    3894    253
 685     3.3      2502  760.9  11.1  56.6   2.8 248  13.1 285.3 25.004503 121.502200  6.19    3881    253
 686     3.8      2506  760.6  11.1  56.2   2.7 248  13.1 285.3 25.004550 121.502319  6.14    3868    253
 687     3.3      2509  760.3  11.1  55.7   2.6 248  13.2 285.3 25.004597 121.502438  6.08    3855    253
 688     3.6      2513  760.0  11.1  55.2   2.5 248  13.2 285.3 25.004644 121.502558  6.02    3842    253
 689     3.2      2516  759.7  11.1  54.9   2.4 249  13.2 285.3 25.004691 121.502679  6.00    3829    253
 690     2.8      2519  759.4  11.1  54.9   2.4 249  13.3 285.3 25.004736 121.502802  5.99    3815    253
 691     2.8      2522  759.1  11.1  54.9   2.4 249  13.3 285.3 25.004780 121.502926  5.99    3802    253
 692     2.8      2524  758.8  11.1  54.9   2.4 249  13.3 285.3 25.004823 121.503050  6.00    3789    253
 693     3.9      2528  758.5  11.1  55.2   2.4 249  13.3 285.3 25.004864 121.503174  6.02    3775    253
 694     2.7      2531  758.3  11.1  55.5   2.5 249  13.4 285.3 25.004904 121.503298  6.05    3762    253
 695     3.3      2534  758.0  11.0  55.7   2.5 249  13.4 285.2 25.004944 121.503423  6.07    3749    253
 696     3.4      2538  757.7  11.0  55.8   2.5 250  13.4 285.2 25.004984 121.503549  6.08    3735    253
 697     3.0      2541  757.4  11.0  55.8   2.5 250  13.5 285.2 25.005024 121.503674  6.07    3722    253
 698     3.0      2544  757.1  11.0  55.9   2.5 250  13.5 285.2 25.005065 121.503800  6.08    3709    253
 699     3.0      2547  756.8  10.9  56.0   2.5 250  13.5 285.2 25.005107 121.503924  6.09    3695    253
 700     3.4      2550  756.5  10.9  56.2   2.6 250  13.6 285.1 25.005151 121.504048  6.10    3682    253
 701     3.1      2553  756.3  10.9  56.6   2.6 250  13.6 285.1 25.005195 121.504171  6.13    3668    253
 702     3.5      2557  756.0  10.9  57.0   2.7 250  13.6 285.1 25.005239 121.504295  6.17    3655    253
 703     3.2      2560  755.7  10.9  57.8   2.9 250  13.6 285.1 25.005282 121.504420  6.25    3642    253
 704     3.3      2563  755.4  10.8  58.8   3.1 250  13.7 285.1 25.005325 121.504547  6.35    3628    253
 705     2.9      2566  755.1  10.8  59.5   3.3 250  13.7 285.1 25.005367 121.504676  6.42    3614    253
 706     2.9      2569  754.8  10.8  59.9   3.3 250  13.7 285.1 25.005409 121.504804  6.46    3600    253
 707     3.4      2572  754.5  10.8  60.2   3.4 250  13.7 285.0 25.005451 121.504933  6.48    3587    253
 708     3.6      2576  754.2  10.7  60.5   3.4 250  13.7 285.0 25.005492 121.505061  6.50    3573    253
 709     3.3      2579  753.9  10.7  60.8   3.5 250  13.8 285.0 25.005533 121.505190  6.53    3559    254
 710     2.7      2582  753.7  10.7  61.0   3.5 250  13.8 285.0 25.005574 121.505320  6.54    3545    254
 711     3.1      2585  753.4  10.7  61.1   3.5 250  13.8 284.9 25.005615 121.505450  6.55    3531    254
 712     3.0      2588  753.1  10.6  61.2   3.5 250  13.8 284.9 25.005654 121.505581  6.54    3517    254
 713     3.0      2591  752.8  10.6  61.0   3.4 250  13.8 284.9 25.005693 121.505714  6.53    3503    254
 714     3.4      2594  752.5  10.6  60.5   3.3 250  13.8 284.9 25.005733 121.505846  6.47    3489    254
 715     3.5      2598  752.2  10.6  60.0   3.2 250  13.8 284.9 25.005774 121.505977  6.41    3475    254
 716     3.1      2601  752.0  10.6  59.7   3.1 250  13.8 284.9 25.005817 121.506107  6.38    3461    254
 717     3.3      2604  751.7  10.6  59.4   3.1 250  13.8 284.9 25.005860 121.506237  6.36    3448    254
 718     2.1      2606  751.4  10.6  59.2   3.0 250  13.8 284.8 25.005904 121.506366  6.33    3434    254
 719     2.9      2609  751.1  10.6  59.1   2.9 250  13.8 284.8 25.005949 121.506497  6.31    3420    254
 720     3.4      2613  750.8  10.6  59.0   2.9 250  13.8 284.8 25.005993 121.506629  6.30    3405    254
 721     4.4      2617  750.5  10.6  59.3   3.0 250  13.8 284.8 25.006037 121.506761  6.33    3391    254
 722     2.5      2620  750.3  10.6  59.6   3.0 250  13.8 284.8 25.006082 121.506891  6.36    3377    254
 723     3.1      2623  750.0  10.5  59.9   3.1 250  13.8 284.8 25.006127 121.507019  6.39    3363    254
 724     3.5      2626  749.7  10.5  60.1   3.1 250  13.8 284.8 25.006171 121.507146  6.40    3350    254
 725     3.2      2629  749.4  10.5  60.4   3.2 250  13.8 284.7 25.006215 121.507270  6.42    3336    254
 726     2.7      2632  749.1  10.5  60.4   3.1 250  13.8 284.7 25.006258 121.507394  6.42    3323    254
 727     3.4      2636  748.8  10.5  60.1   3.1 249  13.8 284.7 25.006301 121.507518  6.39    3310    254
 728     3.2      2639  748.6  10.4  59.7   2.9 249  13.8 284.7 25.006344 121.507641  6.34    3296    254
 729     2.8      2642  748.3  10.4  59.0   2.8 249  13.8 284.7 25.006388 121.507765  6.26    3283    254
 730     3.2      2645  748.0  10.4  58.0   2.5 249  13.8 284.6 25.006432 121.507890  6.16    3270    254
 731     3.2      2648  747.7  10.4  57.0   2.3 249  13.8 284.6 25.006476 121.508016  6.05    3256    254
 732     3.3      2651  747.4  10.4  56.2   2.1 249  13.8 284.6 25.006522 121.508143  5.96    3242    254
 733     2.4      2654  747.2  10.4  55.6   1.9 249  13.7 284.6 25.006568 121.508270  5.90    3229    254
 734     3.9      2658  746.9  10.4  55.3   1.9 249  13.7 284.6 25.006613 121.508397  5.87    3215    254
 735     3.0      2661  746.6  10.4  55.4   1.9 249  13.7 284.6 25.006659 121.508525  5.88    3201    254
 736     2.8      2663  746.4  10.4  55.5   1.9 249  13.7 284.6 25.006705 121.508652  5.89    3187    254
 737     2.4      2666  746.1  10.4  55.5   1.9 249  13.7 284.5 25.006751 121.508779  5.88    3174    254
 738     1.7      2668  745.8  10.4  55.5   1.9 249  13.7 284.5 25.006797 121.508905  5.88    3160    254
 739     4.3      2672  745.6  10.3  55.5   1.8 249  13.7 284.5 25.006842 121.509032  5.87    3146    254
 740     3.1      2675  745.3  10.3  55.3   1.8 249  13.7 284.5 25.006886 121.509157  5.85    3133    254
 741     2.6      2678  745.1  10.3  54.9   1.6 249  13.7 284.5 25.006929 121.509282  5.80    3119    254
 742     2.4      2680  744.8  10.3  54.4   1.5 249  13.7 284.4 25.006973 121.509407  5.74    3106    254
 743     3.6      2684  744.5  10.3  53.9   1.4 248  13.7 284.4 25.007017 121.509532  5.69    3092    254
 744     3.3      2687  744.3  10.3  53.5   1.2 248  13.7 284.4 25.007063 121.509656  5.64    3079    254
 745     2.7      2690  744.0  10.3  53.0   1.1 248  13.7 284.4 25.007109 121.509780  5.59    3065    254
 746     2.8      2692  743.7  10.2  52.7   1.0 248  13.7 284.4 25.007157 121.509903  5.55    3052    254
 747     2.7      2695  743.5  10.2  52.2   0.9 248  13.7 284.3 25.007204 121.510028  5.50    3038    254
 748     2.9      2698  743.2  10.2  51.7   0.7 248  13.7 284.3 25.007250 121.510154  5.44    3025    254
 749     3.4      2701  742.9  10.2  51.2   0.6 248  13.7 284.3 25.007295 121.510281  5.38    3011    254
 750     3.0      2704  742.7  10.2  50.9   0.5 248  13.7 284.3 25.007340 121.510409  5.35    2997    254
 751     3.4      2708  742.4  10.2  50.7   0.4 248  13.7 284.2 25.007386 121.510537  5.33    2984    254
 752     2.5      2710  742.2  10.2  50.4   0.3 248  13.7 284.2 25.007431 121.510663  5.29    2970    254
 753     2.3      2713  741.9  10.1  50.0   0.2 248  13.7 284.2 25.007477 121.510790  5.24    2956    254
 754     3.2      2716  741.7  10.1  49.7   0.1 248  13.6 284.2 25.007522 121.510916  5.21    2943    254
 755     2.6      2718  741.4  10.1  49.5   0.1 248  13.6 284.2 25.007566 121.511041  5.19    2929    254
 756     3.0      2721  741.2  10.1  49.4   0.0 248  13.6 284.2 25.007611 121.511165  5.17    2916    254
 757     2.8      2724  740.9  10.1  49.4   0.0 248  13.6 284.1 25.007656 121.511288  5.17    2902    255
 758     2.7      2727  740.7  10.1  49.4  -0.0 248  13.6 284.1 25.007701 121.511412  5.16    2889    255
 759     2.9      2730  740.4  10.1  49.5  -0.0 248  13.6 284.1 25.007745 121.511537  5.17    2876    255
 760     2.8      2733  740.2  10.0  49.6   0.0 248  13.6 284.1 25.007791 121.511662  5.18    2862    255
 761     2.6      2735  739.9  10.0  49.8   0.0 248  13.6 284.1 25.007837 121.511787  5.18    2849    255
 762     3.0      2738  739.7  10.0  49.9   0.0 248  13.6 284.0 25.007884 121.511911  5.19    2835    255
 763     3.1      2741  739.4  10.0  49.9   0.0 248  13.6 284.0 25.007932 121.512035  5.19    2822    255
 764     2.1      2743  739.2  10.0  50.1   0.1 248  13.6 284.0 25.007981 121.512159  5.20    2808    255
 765     2.6      2746  738.9  10.0  50.3   0.1 248  13.6 284.0 25.008031 121.512284  5.22    2794    255
 766     3.2      2749  738.7   9.9  50.5   0.1 248  13.6 284.0 25.008081 121.512408  5.24    2781    255
 767     2.4      2752  738.5   9.9  50.5   0.1 249  13.6 284.0 25.008130 121.512532  5.24    2767    255
 768     3.2      2755  738.2   9.9  50.5   0.1 249  13.6 284.0 25.008180 121.512655  5.24    2754    255
 769     1.7      2756  738.0   9.9  50.6   0.1 249  13.6 283.9 25.008230 121.512777  5.24    2741    255
 770     2.9      2759  737.8   9.9  50.6   0.1 249  13.6 283.9 25.008282 121.512899  5.24    2727    255
 771     3.0      2762  737.5   9.9  50.5   0.1 249  13.6 283.9 25.008332 121.513021  5.22    2714    255
 772     1.7      2764  737.3   9.8  50.2  -0.0 249  13.6 283.9 25.008380 121.513143  5.19    2701    255
 773     3.5      2768  737.0   9.8  50.1  -0.0 249  13.6 283.9 25.008424 121.513268  5.18    2687    255
 774     2.8      2770  736.8   9.8  50.1  -0.1 249  13.6 283.9 25.008466 121.513395  5.17    2674    255
 775     3.0      2773  736.6   9.8  50.1  -0.1 250  13.6 283.8 25.008506 121.513522  5.17    2660    255
 776     2.2      2776  736.4   9.8  50.2  -0.1 250  13.6 283.8 25.008544 121.513650  5.17    2646    255
 777     2.3      2778  736.1   9.8  50.2  -0.1 250  13.6 283.8 25.008581 121.513778  5.17    2633    255
 778     2.5      2780  735.9   9.7  50.3  -0.1 250  13.5 283.8 25.008618 121.513906  5.17    2619    255
 779     2.3      2783  735.7   9.7  50.3  -0.1 250  13.5 283.8 25.008655 121.514034  5.17    2606    255
 780     2.5      2785  735.5   9.7  50.4  -0.1 250  13.5 283.7 25.008693 121.514161  5.17    2592    255
 781     2.2      2787  735.3   9.7  50.4  -0.1 251  13.5 283.7 25.008731 121.514288  5.16    2579    255
 782     3.0      2790  735.0   9.7  50.4  -0.1 251  13.5 283.7 25.008769 121.514416  5.16    2565    255
 783     2.0      2792  734.8   9.6  50.4  -0.2 251  13.5 283.7 25.008807 121.514543  5.16    2552    255
 784     2.7      2795  734.6   9.6  50.4  -0.2 251  13.5 283.6 25.008846 121.514670  5.15    2538    255
 785     2.7      2798  734.4   9.6  50.4  -0.2 251  13.5 283.6 25.008884 121.514796  5.14    2525    255
 786     3.1      2801  734.1   9.6  50.5  -0.2 251  13.5 283.6 25.008922 121.514923  5.14    2511    255
 787     2.1      2803  733.9   9.5  50.5  -0.2 252  13.5 283.6 25.008959 121.515050  5.14    2498    255
 788     2.8      2806  733.7   9.5  50.5  -0.2 252  13.4 283.5 25.008997 121.515178  5.13    2485    255
 789     2.3      2808  733.5   9.5  50.4  -0.3 252  13.4 283.5 25.009033 121.515306  5.12    2471    255
 790     3.0      2811  733.2   9.5  50.4  -0.3 252  13.4 283.5 25.009070 121.515434  5.11    2457    255
 791     2.1      2813  733.0   9.5  50.4  -0.3 252  13.4 283.5 25.009107 121.515562  5.10    2444    255
 792     2.2      2815  732.8   9.4  50.4  -0.3 252  13.4 283.5 25.009144 121.515690  5.10    2430    255
 793     1.8      2817  732.6   9.4  50.4  -0.3 252  13.4 283.5 25.009181 121.515817  5.10    2417    255
 794     2.4      2820  732.4   9.4  50.5  -0.3 252  13.4 283.4 25.009218 121.515942  5.11    2404    255
 795     2.4      2822  732.2   9.4  50.7  -0.3 253  13.4 283.4 25.009254 121.516067  5.12    2390    256
 796     2.8      2825  732.0   9.4  51.0  -0.2 253  13.4 283.4 25.009291 121.516192  5.14    2377    256
 797     2.4      2827  731.8   9.4  51.3  -0.2 253  13.4 283.4 25.009328 121.516315  5.17    2364    256
 798     1.4      2828  731.6   9.3  51.6  -0.1 253  13.3 283.4 25.009366 121.516438  5.19    2351    256
 799     2.8      2831  731.4   9.3  51.8  -0.1 253  13.3 283.4 25.009404 121.516563  5.21    2338    256
 800     2.0      2833  731.2   9.3  52.2   0.0 253  13.3 283.3 25.009441 121.516688  5.24    2325    256
 801     2.5      2836  731.0   9.3  52.6   0.1 253  13.3 283.3 25.009479 121.516814  5.28    2311    256
 802     2.0      2838  730.8   9.2  53.1   0.2 253  13.3 283.3 25.009515 121.516940  5.32    2298    256
 803     2.5      2840  730.6   9.2  53.7   0.3 254  13.3 283.3 25.009550 121.517066  5.38    2284    256
 804     3.0      2843  730.4   9.2  54.2   0.4 254  13.3 283.3 25.009585 121.517194  5.42    2271    256
 805     1.7      2845  730.2   9.2  54.4   0.5 254  13.3 283.3 25.009618 121.517321  5.43    2258    256
 806     2.6      2848  730.0   9.2  54.7   0.5 254  13.3 283.2 25.009650 121.517448  5.45    2244    256
 807     2.1      2850  729.8   9.1  55.0   0.6 254  13.3 283.2 25.009682 121.517575  5.48    2231    256
 808     1.7      2851  729.6   9.1  55.3   0.7 254  13.3 283.2 25.009714 121.517702  5.51    2218    256
 809     2.8      2854  729.4   9.1  55.8   0.8 254  13.3 283.2 25.009746 121.517829  5.55    2204    256
 810     2.9      2857  729.2   9.1  56.4   0.9 255  13.3 283.2 25.009778 121.517957  5.60    2191    256
 811     2.0      2859  729.0   9.0  57.0   1.0 255  13.3 283.2 25.009810 121.518084  5.65    2178    256
 812     2.5      2862  728.7   9.0  57.4   1.1 255  13.2 283.1 25.009841 121.518212  5.68    2164    256
 813     2.6      2864  728.5   9.0  57.7   1.1 255  13.2 283.1 25.009872 121.518340  5.70    2151    256
 814     2.2      2866  728.3   9.0  57.8   1.1 255  13.2 283.1 25.009902 121.518469  5.71    2138    256
 815     2.0      2868  728.1   8.9  57.9   1.1 255  13.2 283.1 25.009931 121.518596  5.71    2124    256
 816     2.3      2871  727.9   8.9  58.3   1.2 255  13.2 283.1 25.009959 121.518722  5.74    2111    256
 817     1.6      2872  727.8   8.9  58.6   1.3 256  13.2 283.0 25.009986 121.518847  5.77    2098    256
 818     2.4      2875  727.6   8.9  59.1   1.3 256  13.2 283.0 25.010013 121.518971  5.80    2085    256
 819     2.4      2877  727.4   8.8  59.6   1.4 256  13.2 283.0 25.010040 121.519095  5.84    2073    256
 820     2.8      2880  727.2   8.8  60.3   1.5 256  13.2 283.0 25.010068 121.519220  5.90    2060    256
 821     1.6      2882  727.0   8.8  60.8   1.6 256  13.2 283.0 25.010096 121.519346  5.94    2047    256
 822     2.5      2884  726.8   8.8  61.0   1.7 256  13.1 282.9 25.010125 121.519472  5.96    2033    256
 823     1.8      2886  726.6   8.8  61.2   1.7 257  13.1 282.9 25.010152 121.519599  5.97    2020    256
 824     1.8      2888  726.4   8.7  61.5   1.8 257  13.1 282.9 25.010180 121.519727  6.00    2007    256
 825     3.2      2891  726.2   8.7  61.8   1.8 257  13.1 282.9 25.010208 121.519854  6.02    1994    256
 826     2.1      2893  726.0   8.7  61.9   1.8 257  13.1 282.9 25.010237 121.519980  6.03    1981    256
 827     1.7      2895  725.8   8.7  62.1   1.8 257  13.1 282.9 25.010266 121.520107  6.04    1967    256
 828     2.3      2897  725.6   8.7  62.1   1.8 257  13.0 282.9 25.010295 121.520234  6.04    1954    256
 829     2.3      2899  725.4   8.6  62.2   1.8 258  13.0 282.8 25.010325 121.520362  6.03    1941    256
 830     2.2      2901  725.2   8.6  62.3   1.8 258  13.0 282.8 25.010356 121.520489  6.03    1928    256
 831     1.9      2903  725.0   8.6  62.4   1.8 258  13.0 282.8 25.010386 121.520615  6.04    1914    256
 832     2.9      2906  724.8   8.6  62.6   1.8 258  12.9 282.8 25.010412 121.520740  6.05    1901    256
 833     2.7      2909  724.6   8.5  62.8   1.9 258  12.9 282.7 25.010435 121.520866  6.06    1889    256
 834     1.9      2911  724.4   8.5  63.1   1.9 259  12.9 282.7 25.010454 121.520991  6.08    1876    256
 835     1.8      2913  724.2   8.5  63.3   1.9 259  12.9 282.7 25.010473 121.521115  6.09    1863    256
 836     2.4      2915  724.0   8.5  63.3   1.9 259  12.8 282.7 25.010491 121.521238  6.09    1851    256
 837     2.3      2917  723.9   8.5  63.4   1.9 259  12.8 282.7 25.010511 121.521362  6.09    1838    256
 838     2.7      2920  723.7   8.4  63.4   1.9 259  12.8 282.6 25.010532 121.521487  6.09    1825    255
 839     2.2      2922  723.5   8.4  63.5   1.9 260  12.7 282.6 25.010553 121.521612  6.08    1812    255
 840     1.2      2923  723.3   8.4  63.6   1.9 260  12.7 282.6 25.010574 121.521736  6.08    1800    255
 841     2.2      2926  723.1   8.4  63.7   1.9 260  12.7 282.6 25.010595 121.521860  6.09    1787    255
 842     1.6      2927  722.9   8.4  63.8   1.9 261  12.6 282.6 25.010616 121.521983  6.09    1774    255
 843     2.1      2929  722.7   8.3  63.9   1.9 261  12.6 282.5 25.010637 121.522107  6.10    1762    255
 844     2.8      2932  722.5   8.3  63.9   1.9 261  12.6 282.5 25.010658 121.522232  6.10    1749    255
 845     2.5      2935  722.3   8.3  63.9   1.9 261  12.5 282.5 25.010679 121.522357  6.09    1736    255
 846     1.8      2937  722.1   8.3  63.8   1.8 262  12.5 282.5 25.010700 121.522481  6.07    1723    255
 847     2.8      2939  721.9   8.3  63.4   1.7 262  12.4 282.5 25.010720 121.522604  6.03    1711    255
 848     2.4      2942  721.7   8.3  62.7   1.6 263  12.4 282.4 25.010738 121.522725  5.96    1698    255
 849     2.0      2944  721.6   8.3  62.0   1.4 263  12.4 282.4 25.010754 121.522846  5.90    1686    255
 850     1.9      2946  721.4   8.3  61.4   1.3 263  12.3 282.4 25.010767 121.522967  5.85    1674    255
 851     2.5      2948  721.2   8.3  60.9   1.2 264  12.3 282.5 25.010780 121.523087  5.81    1662    255
 852     2.5      2951  721.0   8.3  60.6   1.2 264  12.3 282.5 25.010791 121.523206  5.78    1650    255
 853     2.0      2953  720.8   8.3  60.3   1.1 264  12.2 282.5 25.010801 121.523324  5.75    1638    255
 854     2.4      2955  720.6   8.3  60.0   1.0 265  12.2 282.5 25.010810 121.523441  5.73    1626    255
 855     1.6      2957  720.4   8.3  59.7   1.0 265  12.2 282.4 25.010817 121.523557  5.71    1615    255
 856     2.6      2959  720.2   8.3  59.6   0.9 265  12.2 282.4 25.010824 121.523673  5.69    1603    255
 857     2.3      2961  720.0   8.3  59.5   0.9 266  12.2 282.4 25.010831 121.523791  5.68    1592    255
 858     2.0      2963  719.8   8.3  59.5   0.9 266  12.1 282.4 25.010837 121.523909  5.68    1580    254
 859     2.6      2966  719.6   8.3  59.6   0.9 267  12.1 282.4 25.010844 121.524030  5.68    1568    254
 860     2.4      2968  719.4   8.3  59.6   0.9 267  12.1 282.4 25.010849 121.524151  5.68    1556    254
 861     2.4      2971  719.2   8.2  59.5   0.8 267  12.1 282.4 25.010854 121.524272  5.67    1544    254
 862     1.7      2972  719.0   8.2  59.4   0.8 268  12.1 282.3 25.010858 121.524391  5.65    1533    254
 863     2.7      2975  718.8   8.2  59.3   0.8 268  12.1 282.3 25.010861 121.524509  5.63    1521    254
 864     2.3      2978  718.6   8.2  59.2   0.7 268  12.1 282.3 25.010863 121.524627  5.63    1510    254
 865     2.0      2980  718.4   8.2  59.1   0.7 269  12.1 282.3 25.010863 121.524745  5.61    1498    254
 866     3.0      2983  718.2   8.2  59.0   0.7 269  12.1 282.3 25.010863 121.524862  5.61    1487    254
 867     1.7      2984  718.0   8.2  59.0   0.7 269  12.1 282.3 25.010863 121.524979  5.60    1475    253
 868     2.6      2987  717.8   8.2  58.9   0.6 270  12.1 282.3 25.010863 121.525097  5.59    1464    253
 869     2.3      2989  717.6   8.2  58.6   0.6 270  12.1 282.3 25.010864 121.525216  5.56    1452    253
 870     2.4      2992  717.4   8.2  58.2   0.5 270  12.1 282.3 25.010864 121.525338  5.53    1441    253
 871     2.1      2994  717.2   8.2  57.8   0.4 271  12.1 282.3 25.010864 121.525459  5.49    1429    253
 872     2.7      2996  717.0   8.2  57.5   0.3 271  12.1 282.3 25.010864 121.525578  5.46    1418    253
 873     2.5      2999  716.8   8.2  57.2   0.2 271  12.1 282.3 25.010864 121.525697  5.44    1406    253
 874     1.9      3001  716.6   8.2  57.0   0.2 271  12.1 282.3 25.010864 121.525816  5.43    1395    252
 875     2.4      3003  716.4   8.2  56.9   0.2 272  12.1 282.3 25.010864 121.525934  5.41    1383    252
 876     2.2      3005  716.2   8.2  56.8   0.1 272  12.1 282.2 25.010862 121.526052  5.40    1372    252
 877     2.7      3008  715.9   8.2  56.7   0.1 272  12.1 282.2 25.010858 121.526172  5.39    1361    252
 878     2.2      3010  715.7   8.2  56.4   0.0 272  12.1 282.2 25.010853 121.526292  5.36    1349    252
 879     2.8      3013  715.5   8.2  56.0  -0.1 273  12.1 282.2 25.010847 121.526415  5.32    1338    252
 880     2.4      3016  715.3   8.2  55.2  -0.3 273  12.1 282.2 25.010841 121.526539  5.25    1326    251
 881     2.4      3018  715.1   8.2  54.3  -0.5 273  12.1 282.2 25.010835 121.526665  5.18    1314    251
 882     1.7      3020  714.9   8.2  53.8  -0.6 273  12.1 282.2 25.010828 121.526790  5.14    1302    251
 883     3.1      3023  714.7   8.2  53.5  -0.6 274  12.1 282.3 25.010819 121.526914  5.12    1291    251
 884     2.0      3025  714.5   8.2  53.4  -0.7 274  12.1 282.2 25.010808 121.527036  5.11    1280    251
 885     2.4      3027  714.3   8.2  53.4  -0.7 274  12.1 282.2 25.010797 121.527156  5.10    1269    250
 886     2.5      3030  714.1   8.2  53.4  -0.7 274  12.1 282.2 25.010787 121.527276  5.10    1258    250
 887     2.2      3032  713.9   8.2  53.4  -0.7 275  12.1 282.2 25.010777 121.527394  5.10    1247    250
 888     2.5      3034  713.6   8.2  53.5  -0.7 275  12.1 282.2 25.010767 121.527512  5.10    1236    250
 889     2.6      3037  713.4   8.1  53.6  -0.7 275  12.1 282.2 25.010756 121.527629  5.10    1225    249
 890     2.9      3040  713.2   8.1  53.6  -0.7 275  12.1 282.1 25.010744 121.527746  5.10    1215    249
 891     2.9      3043  713.0   8.1  53.7  -0.7 275  12.1 282.1 25.010733 121.527862  5.10    1204    249
 892     2.5      3045  712.8   8.1  53.7  -0.7 276  12.1 282.1 25.010723 121.527979  5.10    1194    249
 893     2.2      3047  712.5   8.0  53.8  -0.7 276  12.1 282.1 25.010714 121.528095  5.10    1183    248
 894     2.6      3050  712.3   8.0  53.9  -0.7 276  12.1 282.0 25.010704 121.528212  5.10    1173    248
 895     2.5      3053  712.1   8.0  53.9  -0.7 276  12.1 282.0 25.010693 121.528331  5.09    1162    248
 896     2.4      3055  711.9   8.0  54.0  -0.8 276  12.1 282.0 25.010682 121.528451  5.09    1151    248
 897     3.2      3058  711.7   8.0  53.9  -0.8 276  12.1 282.0 25.010669 121.528569  5.09    1141    247
 898     2.0      3060  711.4   7.9  53.9  -0.8 277  12.0 282.0 25.010656 121.528686  5.08    1131    247
 899     2.4      3063  711.2   7.9  54.0  -0.8 277  12.0 281.9 25.010644 121.528801  5.08    1120    247
 900     2.7      3065  711.0   7.9  54.1  -0.8 277  12.0 281.9 25.010630 121.528915  5.08    1110    246
 901     2.3      3068  710.8   7.9  54.2  -0.8 277  12.0 281.9 25.010615 121.529031  5.08    1100    246
 902     2.5      3070  710.6   7.8  54.3  -0.8 277  12.0 281.9 25.010600 121.529148  5.08    1090    246
 903     3.0      3073  710.4   7.8  54.3  -0.8 277  12.0 281.8 25.010583 121.529264  5.08    1080    245
 904     2.6      3076  710.1   7.8  54.3  -0.8 277  12.0 281.8 25.010567 121.529382  5.08    1070    245
 905     2.6      3078  709.9   7.8  54.3  -0.8 277  12.0 281.8 25.010551 121.529501  5.07    1060    245
 906     1.7      3080  709.7   7.8  54.3  -0.9 278  12.0 281.8 25.010535 121.529622  5.07    1050    244
 907     2.2      3082  709.5   7.8  54.3  -0.9 278  12.0 281.8 25.010519 121.529745  5.07    1040    244
 908     3.8      3086  709.3   7.7  54.4  -0.9 278  12.0 281.8 25.010502 121.529868  5.07    1029    243
 909     2.5      3088  709.0   7.7  54.3  -0.9 278  12.0 281.7 25.010486 121.529989  5.06    1019    243
 910     1.7      3090  708.8   7.7  54.3  -0.9 278  12.0 281.7 25.010470 121.530111  5.05    1009    243
 911     2.6      3093  708.6   7.7  54.3  -0.9 278  12.0 281.7 25.010455 121.530230  5.05     999    242
 912     3.3      3096  708.4   7.7  54.3  -0.9 278  12.0 281.7 25.010443 121.530348  5.05     989    242
 913     3.1      3099  708.2   7.7  54.3  -1.0 279  12.0 281.7 25.010431 121.530462  5.04     980    241
 914     2.4      3102  707.9   7.7  54.2  -1.0 279  12.0 281.7 25.010419 121.530575  5.04     970    241
 915     1.4      3103  707.7   7.7  54.2  -1.0 279  12.1 281.7 25.010406 121.530687  5.04     961    241
 916     2.2      3105  707.5   7.7  54.3  -1.0 279  12.1 281.7 25.010392 121.530800  5.05     952    240
 917     2.8      3108  707.3   7.6  54.4  -0.9 279  12.1 281.7 25.010377 121.530913  5.05     943    240
 918     2.7      3111  707.1   7.6  54.6  -0.9 279  12.1 281.6 25.010361 121.531027  5.06     934    239
 919     3.0      3114  706.9   7.6  54.7  -0.9 280  12.1 281.6 25.010344 121.531142  5.07     925    239
 920     2.9      3116  706.7   7.6  54.8  -0.9 280  12.1 281.6 25.010326 121.531258  5.07     916    238
 921     2.0      3118  706.5   7.5  54.9  -0.9 280  12.1 281.6 25.010308 121.531375  5.07     907    238
 922     2.0      3120  706.3   7.5  54.9  -0.9 280  12.1 281.5 25.010289 121.531494  5.06     898    237
 923     2.5      3123  706.0   7.5  55.0  -1.0 280  12.1 281.5 25.010270 121.531613  5.06     889    237
 924     1.9      3125  705.8   7.5  55.1  -1.0 280  12.2 281.5 25.010250 121.531732  5.06     880    236
 925     2.8      3128  705.6   7.4  55.1  -1.0 281  12.2 281.5 25.010229 121.531851  5.06     872    236
 926     2.9      3131  705.4   7.4  55.2  -1.0 281  12.2 281.4 25.010206 121.531970  5.06     863    235
 927     2.4      3133  705.2   7.4  55.3  -1.0 281  12.2 281.4 25.010183 121.532088  5.06     855    235
 928     1.6      3135  705.0   7.4  55.3  -1.0 281  12.2 281.4 25.010160 121.532205  5.06     847    234
 929     2.0      3137  704.8   7.4  55.4  -1.0 281  12.3 281.4 25.010137 121.532323  5.06     839    233
 930     2.9      3140  704.6   7.3  55.5  -1.0 282  12.3 281.3 25.010114 121.532441  5.06     831    233
 931     2.9      3143  704.4   7.3  55.6  -1.0 282  12.3 281.3 25.010090 121.532560  5.07     823    232
 932     1.8      3144  704.2   7.3  55.7  -1.0 282  12.3 281.3 25.010067 121.532679  5.07     815    231
 933     1.8      3146  704.0   7.3  55.7  -1.0 282  12.4 281.3 25.010043 121.532798  5.07     807    231
 934     2.6      3149  703.8   7.3  55.8  -1.0 282  12.4 281.3 25.010018 121.532917  5.07     800    230
 935     2.3      3151  703.6   7.2  55.8  -1.0 282  12.4 281.3 25.009991 121.533037  5.07     792    229
 936     2.9      3154  703.4   7.2  55.9  -1.0 282  12.5 281.2 25.009964 121.533156  5.08     785    229
 937     2.2      3156  703.2   7.2  56.1  -0.9 283  12.5 281.2 25.009937 121.533275  5.09     778    228
 938     2.8      3159  703.0   7.2  56.3  -0.9 283  12.5 281.2 25.009911 121.533393  5.10     772    227
 939     2.6      3162  702.7   7.2  56.4  -0.9 283  12.5 281.2 25.009886 121.533512  5.11     765    226
 940     2.8      3164  702.5   7.1  56.6  -0.9 283  12.6 281.2 25.009862 121.533631  5.11     758    225
 941     3.0      3167  702.3   7.1  56.7  -0.9 283  12.6 281.2 25.009839 121.533751  5.12     751    225
 942     2.1      3170  702.1   7.1  56.8  -0.9 283  12.6 281.1 25.009816 121.533872  5.12     744    224
 943     2.1      3172  701.8   7.1  57.0  -0.8 283  12.7 281.1 25.009792 121.533995  5.14     738    223
 944     2.8      3174  701.6   7.1  57.3  -0.8 283  12.7 281.1 25.009767 121.534119  5.16     731    222
 945     3.0      3177  701.4   7.1  57.6  -0.7 283  12.7 281.1 25.009739 121.534244  5.18     725    221
 946     3.0      3180  701.2   7.0  58.1  -0.6 283  12.8 281.1 25.009710 121.534368  5.22     720    220
 947     1.6      3182  701.0   7.0  58.6  -0.5 283  12.8 281.1 25.009679 121.534491  5.27     714    219
 948     2.5      3185  700.8   7.0  58.9  -0.4 283  12.8 281.1 25.009648 121.534613  5.30     709    218
 949     2.5      3187  700.6   7.0  59.2  -0.4 283  12.9 281.1 25.009618 121.534736  5.31     704    218
 950     2.1      3189  700.4   7.0  59.3  -0.4 283  12.9 281.1 25.009589 121.534858  5.32     699    217
 951     2.3      3191  700.2   7.0  59.4  -0.4 283  12.9 281.0 25.009561 121.534980  5.33     695    216
 952     2.4      3194  700.0   7.0  59.5  -0.4 283  13.0 281.0 25.009535 121.535103  5.33     690    215
 953     2.3      3196  699.8   6.9  59.6  -0.4 283  13.0 281.0 25.009511 121.535226  5.34     685    214
 954     2.4      3199  699.6   6.9  59.8  -0.3 283  13.0 281.0 25.009488 121.535351  5.35     680    213
 955     2.4      3201  699.4   6.9  60.0  -0.3 283  13.0 281.0 25.009464 121.535478  5.35     676    212
 956     2.8      3204  699.2   6.9  60.1  -0.3 283  13.1 280.9 25.009440 121.535607  5.36     671    211
 957     2.0      3206  699.0   6.9  60.2  -0.3 283  13.1 280.9 25.009414 121.535735  5.36     667    209
 958     2.7      3208  698.7   6.8  60.2  -0.3 283  13.1 280.9 25.009387 121.535864  5.35     664    208
 959     3.0      3211  698.5   6.8  60.3  -0.3 283  13.1 280.9 25.009359 121.535992  5.36     660    207
 960     2.0      3213  698.3   6.8  60.4  -0.3 283  13.1 280.9 25.009330 121.536120  5.36     657    206
 961     2.2      3216  698.1   6.8  60.5  -0.3 283  13.2 280.8 25.009301 121.536247  5.36     655    205
 962     2.7      3218  697.9   6.7  60.6  -0.3 283  13.2 280.8 25.009271 121.536376  5.36     652    204
 963     2.6      3221  697.7   6.7  60.6  -0.3 283  13.2 280.8 25.009243 121.536505  5.36     650    203
 964     2.4      3223  697.5   6.7  60.7  -0.3 283  13.2 280.8 25.009216 121.536635  5.36     648    201
 965     2.4      3226  697.3   6.7  60.8  -0.3 283  13.2 280.8 25.009191 121.536763  5.37     646    200
 966     2.6      3228  697.1   6.7  60.9  -0.3 282  13.2 280.8 25.009168 121.536890  5.37     644    199
 967     2.2      3230  696.9   6.7  61.0  -0.3 282  13.2 280.7 25.009146 121.537018  5.38     642    198
 968     2.7      3233  696.7   6.7  61.2  -0.3 282  13.2 280.7 25.009124 121.537147  5.39     641    197
 969     2.5      3236  696.5   6.6  61.3  -0.3 282  13.2 280.7 25.009101 121.537276  5.40     639    196
 970     2.1      3238  696.3   6.6  61.4  -0.3 282  13.2 280.7 25.009077 121.537406  5.40     639    194
 971     2.0      3240  696.1   6.6  61.4  -0.3 282  13.2 280.7 25.009053 121.537534  5.41     638    193
 972     2.4      3242  695.9   6.6  61.4  -0.3 282  13.2 280.7 25.009028 121.537662  5.41     638    192
 973     3.7      3246  695.6   6.6  61.4  -0.3 282  13.2 280.7 25.009002 121.537789  5.41     638    191
 974     1.6      3247  695.4   6.6  61.4  -0.3 282  13.2 280.7 25.008975 121.537915  5.41     639    190
 975     2.7      3250  695.2   6.6  61.4  -0.3 282  13.2 280.7 25.008948 121.538041  5.41     640    189
 976     2.3      3252  695.0   6.6  61.3  -0.3 282  13.2 280.7 25.008920 121.538167  5.41     641    187
 977     2.8      3255  694.8   6.6  61.3  -0.3 282  13.2 280.7 25.008895 121.538293  5.41     642    186
 978     2.4      3258  694.6   6.7  61.2  -0.3 282  13.2 280.7 25.008870 121.538421  5.41     644    185
 979     2.2      3260  694.4   6.7  61.1  -0.3 282  13.2 280.7 25.008847 121.538550  5.41     645    184
 980     3.4      3263  694.1   6.7  60.8  -0.3 282  13.2 280.7 25.008823 121.538679  5.39     647    183
 981     2.8      3266  693.9   6.7  60.5  -0.4 282  13.2 280.8 25.008800 121.538810  5.37     649    182
 982     1.7      3268  693.7   6.7  60.4  -0.4 283  13.2 280.8 25.008775 121.538941  5.36     652    180
 983     2.9      3271  693.5   6.7  60.7  -0.4 283  13.2 280.8 25.008750 121.539071  5.39     655    179
 984     2.6      3273  693.3   6.7  61.2  -0.2 283  13.2 280.8 25.008724 121.539201  5.44     658    178
 985     2.6      3276  693.1   6.7  62.2  -0.0 283  13.2 280.8 25.008699 121.539328  5.52     661    177
 986     2.1      3278  692.9   6.7  63.2   0.2 283  13.2 280.8 25.008674 121.539453  5.60     665    176
 987     2.3      3280  692.7   6.7  64.3   0.4 283  13.2 280.8 25.008649 121.539578  5.71     669    175
 988     2.7      3283  692.4   6.7  65.5   0.7 283  13.2 280.8 25.008622 121.539702  5.81     673    174
 989     2.5      3285  692.2   6.7  66.1   0.8 283  13.2 280.8 25.008596 121.539826  5.88     677    173
 990     2.5      3288  692.0   6.7  66.3   0.9 283  13.2 280.8 25.008568 121.539949  5.90     682    172
 991     2.9      3291  691.8   6.7  66.4   0.9 283  13.2 280.8 25.008539 121.540073  5.90     687    171
 992     2.7      3293  691.6   6.7  66.4   0.9 283  13.2 280.8 25.008509 121.540198  5.91     692    170
 993     1.8      3295  691.4   6.7  66.4   0.9 283  13.2 280.8 25.008479 121.540325  5.91     698    169
 994     2.5      3298  691.2   6.7  66.4   0.9 283  13.2 280.8 25.008449 121.540453  5.91     704    168
 995     2.9      3301  691.0   6.7  66.6   0.9 283  13.2 280.8 25.008419 121.540583  5.92     710    167
 996     2.1      3303  690.8   6.7  66.7   0.9 283  13.3 280.8 25.008390 121.540714  5.94     716    166
 997     2.8      3305  690.6   6.7  66.9   1.0 283  13.3 280.8 25.008363 121.540843  5.95     722    165
 998     2.0      3307  690.4   6.7  67.1   1.0 283  13.3 280.8 25.008338 121.540972  5.97     729    164
 999     3.0      3310  690.1   6.7  67.0   1.0 283  13.3 280.8 25.008313 121.541099  5.97     735    163
1000     2.5      3313  689.9   6.7  66.9   1.0 283  13.3 280.8 25.008288 121.541225  5.96     741    162
1001     2.3      3315  689.7   6.7  67.1   1.0 283  13.3 280.8 25.008263 121.541352  5.98     748    161
1002     2.8      3318  689.5   6.6  67.4   1.1 283  13.3 280.8 25.008238 121.541479  6.01     755    160
1003     2.5      3321  689.3   6.6  67.9   1.1 283  13.3 280.8 25.008212 121.541607  6.05     762    160
1004     2.9      3323  689.1   6.6  68.5   1.2 283  13.3 280.8 25.008187 121.541735  6.09     769    159
1005     1.9      3325  688.9   6.6  69.1   1.4 283  13.3 280.8 25.008160 121.541863  6.14     777    158
1006     2.0      3327  688.7   6.6  69.5   1.4 283  13.3 280.8 25.008133 121.541991  6.18     784    157
1007     3.1      3330  688.5   6.6  69.8   1.5 283  13.3 280.8 25.008105 121.542119  6.20     792    156
1008     2.4      3333  688.3   6.5  70.0   1.5 283  13.3 280.8 25.008075 121.542246  6.20     800    156
1009     2.4      3335  688.0   6.5  70.1   1.5 283  13.3 280.7 25.008046 121.542373  6.21     809    155
1010     2.8      3338  687.8   6.5  70.1   1.5 283  13.3 280.7 25.008016 121.542500  6.20     817    154
1011     2.1      3340  687.6   6.5  70.1   1.4 283  13.3 280.7 25.007986 121.542627  6.20     826    154
1012     2.5      3343  687.4   6.5  70.2   1.4 283  13.3 280.7 25.007956 121.542755  6.19     835    153
1013     2.9      3346  687.2   6.4  70.2   1.4 283  13.3 280.6 25.007926 121.542883  6.19     844    152
1014     1.9      3348  687.0   6.4  70.3   1.4 283  13.3 280.6 25.007896 121.543013  6.20     853    151
1015     2.6      3350  686.8   6.4  70.5   1.5 283  13.3 280.6 25.007867 121.543142  6.21     862    151
1016     2.8      3353  686.6   6.4  70.7   1.5 283  13.3 280.6 25.007839 121.543271  6.22     871    150
1017     2.6      3356  686.4   6.4  70.9   1.5 283  13.3 280.6 25.007813 121.543400  6.23     880    150
1018     2.7      3358  686.2   6.4  71.1   1.5 283  13.3 280.6 25.007787 121.543529  6.25     889    149
1019     2.2      3360  685.9   6.3  71.3   1.5 283  13.3 280.6 25.007761 121.543658  6.25     898    148
1020     2.5      3363  685.7   6.3  71.3   1.5 283  13.3 280.5 25.007735 121.543787  6.25     908    148
1021     2.7      3366  685.5   6.3  71.2   1.5 283  13.3 280.5 25.007708 121.543915  6.24     917    147
1022     2.7      3368  685.3   6.3  71.2   1.5 283  13.2 280.5 25.007681 121.544044  6.23     927    147
1023     1.9      3370  685.1   6.3  71.1   1.4 283  13.2 280.5 25.007654 121.544173  6.22     937    146
1024     2.8      3373  684.9   6.3  71.0   1.4 283  13.2 280.5 25.007626 121.544300  6.21     946    145
1025     2.9      3376  684.7   6.2  70.9   1.4 283  13.2 280.4 25.007599 121.544427  6.19     956    145
1026     2.6      3379  684.5   6.2  70.9   1.4 283  13.2 280.4 25.007572 121.544553  6.19     966    144
1027     2.0      3381  684.3   6.2  71.1   1.4 282  13.2 280.4 25.007546 121.544681  6.19     976    144
1028     2.0      3383  684.1   6.2  71.3   1.4 282  13.2 280.4 25.007521 121.544809  6.20     986    143
1029     2.5      3385  683.9   6.2  71.4   1.4 282  13.2 280.4 25.007498 121.544936  6.20     996    143
1030     2.8      3388  683.7   6.1  71.4   1.4 282  13.2 280.3 25.007474 121.545064  6.19    1005    142
1031     2.2      3390  683.5   6.1  71.4   1.3 282  13.1 280.3 25.007451 121.545191  6.18    1015    142
1032     1.8      3392  683.3   6.1  71.5   1.3 282  13.1 280.3 25.007428 121.545317  6.18    1025    141
1033     2.7      3395  683.1   6.1  71.6   1.3 282  13.1 280.3 25.007406 121.545443  6.19    1035    141
1034     1.7      3396  682.9   6.0  71.8   1.3 282  13.1 280.2 25.007386 121.545568  6.19    1045    140
1035     2.8      3399  682.7   6.0  71.9   1.3 282  13.1 280.2 25.007367 121.545693  6.20    1054    140
1036     2.1      3401  682.5   6.0  72.0   1.3 282  13.1 280.2 25.007349 121.545817  6.20    1064    140
1037     2.6      3404  682.3   6.0  72.1   1.3 282  13.1 280.2 25.007328 121.545943  6.20    1074    139
1038     2.9      3407  682.1   6.0  72.2   1.4 282  13.1 280.2 25.007305 121.546069  6.21    1084    139
1039     2.3      3409  681.9   5.9  72.4   1.4 282  13.1 280.1 25.007280 121.546195  6.21    1095    138
1040     2.2      3411  681.7   5.9  72.5   1.4 282  13.1 280.1 25.007254 121.546321  6.22    1106    138
1041     2.4      3414  681.5   5.9  72.7   1.4 282  13.1 280.1 25.007228 121.546449  6.22    1116    138
1042     3.0      3417  681.3   5.9  72.9   1.4 282  13.1 280.1 25.007204 121.546578  6.23    1127    137
1043     2.4      3419  681.1   5.9  73.0   1.4 282  13.1 280.1 25.007179 121.546707  6.24    1138    137
1044     1.8      3421  680.9   5.8  73.2   1.4 282  13.1 280.1 25.007154 121.546836  6.25    1149    136
1045     2.2      3423  680.7   5.8  73.4   1.4 282  13.1 280.0 25.007127 121.546964  6.26    1160    136
1046     2.7      3426  680.5   5.8  73.5   1.5 282  13.1 280.0 25.007101 121.547090  6.26    1171    136
1047     3.0      3429  680.3   5.8  73.6   1.5 282  13.1 280.0 25.007077 121.547215  6.27    1182    135
1048     2.0      3431  680.1   5.8  73.7   1.5 282  13.1 280.0 25.007056 121.547340  6.27    1192    135
1049     2.2      3433  679.9   5.8  73.7   1.4 282  13.1 280.0 25.007036 121.547465  6.27    1203    135
1050     2.7      3436  679.7   5.7  73.7   1.4 281  13.1 280.0 25.007016 121.547590  6.26    1214    134
1051     2.5      3438  679.5   5.7  73.7   1.4 281  13.2 279.9 25.006996 121.547716  6.25    1224    134
1052     2.3      3440  679.3   5.7  73.6   1.4 281  13.2 279.9 25.006973 121.547841  6.24    1235    134
1053     2.2      3443  679.1   5.7  73.5   1.4 281  13.2 279.9 25.006948 121.547966  6.23    1246    133
1054     1.9      3445  678.9   5.7  73.4   1.3 281  13.2 279.9 25.006922 121.548091  6.22    1257    133
1055     2.7      3447  678.7   5.7  73.4   1.3 281  13.2 279.9 25.006895 121.548218  6.21    1269    133
1056     2.1      3449  678.6   5.7  73.4   1.3 281  13.3 279.9 25.006868 121.548345  6.21    1280    132
1057     2.0      3451  678.4   5.7  73.5   1.3 281  13.3 279.9 25.006843 121.548473  6.21    1292    132
1058     2.2      3454  678.2   5.6  73.7   1.3 281  13.3 279.8 25.006819 121.548602  6.22    1303    132
1059     2.1      3456  678.0   5.6  73.8   1.3 281  13.3 279.8 25.006797 121.548733  6.23    1315    131
1060     2.9      3459  677.8   5.6  74.0   1.3 280  13.4 279.8 25.006774 121.548864  6.24    1326    131
1061     2.8      3461  677.6   5.6  74.2   1.3 280  13.4 279.8 25.006753 121.548995  6.24    1338    131
1062     2.5      3464  677.3   5.5  74.4   1.3 280  13.4 279.7 25.006731 121.549127  6.24    1349    131
1063     2.9      3467  677.1   5.5  74.4   1.3 280  13.4 279.7 25.006709 121.549259  6.24    1361    130
1064     2.3      3469  676.9   5.5  74.4   1.3 280  13.5 279.7 25.006688 121.549391  6.23    1373    130
1065     2.5      3472  676.7   5.5  74.3   1.3 280  13.5 279.7 25.006666 121.549524  6.21    1385    130
1066     3.6      3475  676.5   5.4  74.2   1.2 279  13.5 279.6 25.006644 121.549656  6.20    1397    129
1067     1.9      3477  676.3   5.4  74.3   1.2 279  13.6 279.6 25.006622 121.549788  6.20    1409    129
1068     2.4      3480  676.1   5.4  74.5   1.2 279  13.6 279.6 25.006600 121.549922  6.21    1420    129
1069     1.8      3481  675.9   5.4  74.6   1.3 279  13.6 279.6 25.006580 121.550056  6.22    1432    129
1070     2.4      3484  675.7   5.4  74.8   1.3 279  13.6 279.6 25.006561 121.550192  6.22    1444    128
1071     3.1      3487  675.5   5.4  74.8   1.3 278  13.6 279.6 25.006544 121.550329  6.22    1457    128
1072     2.4      3489  675.3   5.4  74.7   1.2 278  13.7 279.6 25.006529 121.550467  6.22    1469    128
1073     3.0      3492  675.1   5.4  74.7   1.2 278  13.7 279.6 25.006515 121.550604  6.22    1480    128
1074     1.5      3494  674.9   5.4  74.6   1.2 278  13.7 279.6 25.006501 121.550741  6.21    1492    127
1075     2.5      3496  674.7   5.4  74.3   1.2 278  13.7 279.6 25.006488 121.550878  6.19    1504    127
1076     2.2      3498  674.5   5.4  73.6   1.0 278  13.7 279.6 25.006473 121.551013  6.14    1516    127
1077     2.4      3501  674.3   5.4  72.8   0.9 278  13.8 279.6 25.006458 121.551147  6.07    1528    126
1078     2.5      3503  674.1   5.4  72.1   0.8 277  13.8 279.6 25.006443 121.551281  6.02    1540    126
1079     2.1      3505  673.9   5.4  71.6   0.7 277  13.8 279.6 25.006428 121.551416  6.00    1552    126
1080     2.4      3508  673.7   5.4  71.5   0.7 277  13.8 279.6 25.006413 121.551551  5.99    1564    126
1081     2.3      3510  673.5   5.4  71.4   0.7 277  13.8 279.6 25.006397 121.551686  5.97    1576    126
1082     2.4      3512  673.3   5.4  71.1   0.6 277  13.8 279.6 25.006380 121.551821  5.95    1588    125
1083     2.8      3515  673.1   5.4  70.7   0.5 277  13.8 279.6 25.006362 121.551956  5.92    1601    125
1084     2.2      3518  672.9   5.4  70.1   0.4 277  13.8 279.6 25.006345 121.552091  5.88    1613    125
1085     2.0      3520  672.8   5.5  69.5   0.3 277  13.8 279.6 25.006330 121.552227  5.84    1625    125
1086     2.5      3522  672.6   5.5  68.9   0.2 277  13.8 279.6 25.006316 121.552363  5.80    1637    124
1087     2.1      3524  672.4   5.5  68.4   0.2 277  13.8 279.6 25.006302 121.552501  5.77    1650    124
1088     2.2      3526  672.2   5.5  67.8   0.0 277  13.8 279.6 25.006288 121.552638  5.72    1662    124
1089     2.1      3528  672.0   5.5  67.2  -0.1 277  13.8 279.6 25.006274 121.552775  5.68    1674    124
1090     3.1      3532  671.8   5.5  66.8  -0.2 277  13.8 279.6 25.006260 121.552913  5.65    1687    123
1091     2.2      3534  671.6   5.5  66.5  -0.2 277  13.8 279.6 25.006246 121.553051  5.63    1699    123
1092     2.1      3536  671.4   5.5  66.5  -0.2 277  13.8 279.6 25.006232 121.553188  5.62    1712    123
1093     2.5      3538  671.2   5.5  66.5  -0.2 277  13.8 279.6 25.006218 121.553324  5.62    1724    123
1094     2.1      3540  671.0   5.5  66.4  -0.2 277  13.8 279.6 25.006204 121.553459  5.61    1736    123
1095     1.6      3542  670.8   5.5  66.5  -0.3 277  13.8 279.6 25.006190 121.553594  5.61    1749    122
1096     3.2      3545  670.6   5.5  66.5  -0.3 277  13.8 279.6 25.006175 121.553728  5.61    1761    122
1097     3.0      3548  670.4   5.5  66.4  -0.3 277  13.8 279.6 25.006159 121.553862  5.60    1773    122
1098     2.1      3550  670.2   5.4  66.3  -0.3 277  13.8 279.5 25.006143 121.553996  5.59    1786    122
1099     2.6      3553  670.0   5.4  66.3  -0.3 277  13.8 279.5 25.006127 121.554131  5.58    1798    122
1100     2.5      3555  669.8   5.4  66.2  -0.4 277  13.8 279.5 25.006112 121.554267  5.58    1811    122
1101     2.2      3558  669.7   5.4  66.1  -0.4 277  13.8 279.5 25.006097 121.554404  5.57    1824    121
1102     1.8      3559  669.5   5.4  65.9  -0.4 277  13.8 279.5 25.006083 121.554542  5.55    1836    121
1103     2.7      3562  669.3   5.4  65.8  -0.5 277  13.8 279.5 25.006070 121.554681  5.54    1849    121
1104     1.7      3564  669.1   5.4  65.8  -0.5 277  13.8 279.5 25.006057 121.554820  5.53    1862    121
1105     2.8      3567  668.9   5.4  65.7  -0.5 277  13.8 279.5 25.006042 121.554959  5.52    1875    121
1106     2.4      3569  668.7   5.4  65.6  -0.6 277  13.8 279.4 25.006026 121.555096  5.50    1888    120
1107     2.3      3571  668.5   5.4  65.4  -0.6 277  13.8 279.4 25.006009 121.555232  5.49    1900    120
1108     2.1      3573  668.3   5.3  65.3  -0.6 277  13.8 279.4 25.005993 121.555368  5.48    1913    120
1109     2.0      3575  668.2   5.3  65.4  -0.6 277  13.8 279.4 25.005977 121.555502  5.48    1926    120
1110     2.7      3578  668.0   5.3  65.5  -0.6 277  13.7 279.4 25.005962 121.555636  5.49    1938    120
1111     2.6      3581  667.8   5.3  65.6  -0.6 277  13.7 279.4 25.005947 121.555769  5.49    1951    120
1112     2.0      3583  667.6   5.3  65.7  -0.6 277  13.7 279.4 25.005933 121.555903  5.49    1963    119
1113     1.7      3584  667.4   5.3  65.7  -0.6 277  13.7 279.3 25.005919 121.556036  5.49    1976    119
1114     3.3      3588  667.2   5.2  65.9  -0.6 277  13.7 279.3 25.005904 121.556168  5.50    1988    119
1115     2.2      3590  667.0   5.2  66.0  -0.6 277  13.7 279.3 25.005887 121.556301  5.51    2001    119
1116     1.7      3592  666.9   5.2  66.2  -0.6 277  13.7 279.3 25.005870 121.556436  5.51    2014    119
1117     2.1      3594  666.7   5.2  66.4  -0.6 277  13.7 279.3 25.005854 121.556572  5.52    2027    119
1118     2.0      3596  666.5   5.2  66.5  -0.5 278  13.7 279.3 25.005838 121.556709  5.53    2040    119
1119     2.4      3598  666.3   5.1  66.8  -0.5 278  13.6 279.2 25.005821 121.556847  5.54    2053    118
1120     2.9      3601  666.1   5.1  66.9  -0.5 278  13.6 279.2 25.005804 121.556983  5.55    2066    118
1121     2.0      3603  665.9   5.1  67.1  -0.5 278  13.6 279.2 25.005786 121.557117  5.55    2079    118
1122     1.9      3605  665.7   5.1  67.2  -0.5 278  13.6 279.2 25.005768 121.557249  5.55    2091    118
1123     3.0      3608  665.5   5.1  67.3  -0.5 278  13.6 279.1 25.005750 121.557379  5.56    2104    118
1124     2.4      3610  665.3   5.0  67.4  -0.5 278  13.6 279.1 25.005734 121.557509  5.56    2116    118
1125     2.6      3613  665.2   5.0  67.5  -0.5 278  13.5 279.1 25.005719 121.557639  5.56    2129    118
1126     2.0      3615  665.0   5.0  67.6  -0.5 278  13.5 279.1 25.005706 121.557769  5.56    2141    118
1127     2.6      3617  664.8   5.0  67.7  -0.5 278  13.5 279.1 25.005693 121.557900  5.56    2153    117
1128     2.4      3620  664.6   4.9  67.9  -0.5 278  13.5 279.0 25.005679 121.558032  5.57    2166    117
1129     2.0      3622  664.4   4.9  68.1  -0.5 278  13.5 279.0 25.005665 121.558166  5.58    2179    117
1130     1.8      3624  664.2   4.9  68.2  -0.5 278  13.4 279.0 25.005650 121.558300  5.58    2192    117
1131     2.4      3626  664.0   4.9  68.3  -0.5 278  13.4 279.0 25.005635 121.558436  5.59    2204    117
1132     2.2      3628  663.9   4.9  68.3  -0.5 278  13.4 279.0 25.005618 121.558572  5.58    2218    117
1133     2.3      3631  663.7   4.8  68.4  -0.5 278  13.4 278.9 25.005601 121.558709  5.58    2231    117
1134     2.1      3633  663.5   4.8  68.5  -0.5 278  13.4 278.9 25.005583 121.558846  5.58    2244    117
1135     3.1      3636  663.3   4.8  68.7  -0.4 278  13.3 278.9 25.005566 121.558981  5.60    2257    117
1136     2.1      3638  663.1   4.8  69.1  -0.4 278  13.3 278.9 25.005549 121.559116  5.62    2270    116
1137     1.8      3640  663.0   4.8  69.5  -0.3 278  13.3 278.9 25.005532 121.559249  5.65    2283    116
1138     2.5      3642  662.8   4.7  69.7  -0.3 278  13.3 278.9 25.005515 121.559380  5.65    2296    116
1139     1.5      3643  662.6   4.7  69.7  -0.3 278  13.3 278.8 25.005496 121.559507  5.65    2308    116
1140     1.6      3645  662.5   4.7  69.9  -0.3 279  13.2 278.8 25.005478 121.559631  5.65    2320    116
1141     2.4      3647  662.3   4.7  70.0  -0.3 279  13.2 278.8 25.005461 121.559751  5.66    2332    116
1142     3.1      3651  662.1   4.6  70.1  -0.3 279  13.2 278.8 25.005445 121.559870  5.66    2344    116
1143     1.7      3652  661.9   4.6  70.1  -0.3 279  13.2 278.7 25.005430 121.559989  5.65    2355    116
1144     2.1      3654  661.8   4.6  70.1  -0.4 279  13.2 278.7 25.005416 121.560110  5.65    2367    116
1145     2.1      3656  661.6   4.6  70.1  -0.4 279  13.2 278.7 25.005401 121.560236  5.64    2379    116
1146     2.3      3659  661.4   4.6  70.1  -0.4 279  13.2 278.7 25.005385 121.560364  5.63    2391    115
1147     2.1      3661  661.2   4.6  70.2  -0.4 279  13.2 278.7 25.005369 121.560496  5.63    2404    115
1148     3.1      3664  661.0   4.5  70.3  -0.4 279  13.1 278.6 25.005352 121.560628  5.63    2417    115
1149     1.6      3665  660.9   4.5  70.3  -0.4 279  13.1 278.6 25.005334 121.560760  5.63    2430    115
1150     1.5      3667  660.7   4.5  70.4  -0.4 279  13.1 278.6 25.005315 121.560891  5.63    2443    115
1151     2.6      3670  660.5   4.5  70.4  -0.4 279  13.1 278.6 25.005296 121.561021  5.63    2456    115
1152     2.3      3672  660.3   4.5  70.5  -0.4 279  13.1 278.6 25.005277 121.561151  5.63    2468    115
1153     2.0      3674  660.1   4.4  70.5  -0.4 279  13.1 278.5 25.005257 121.561279  5.62    2481    115
1154     2.3      3676  660.0   4.4  70.4  -0.5 279  13.1 278.5 25.005238 121.561407  5.62    2494    115
1155     2.4      3679  659.8   4.4  70.4  -0.5 279  13.1 278.5 25.005218 121.561536  5.61    2507    115
1156     2.9      3682  659.6   4.4  70.4  -0.5 279  13.1 278.5 25.005197 121.561665  5.61    2519    115
1157     2.0      3684  659.4   4.4  70.2  -0.5 279  13.1 278.5 25.005176 121.561795  5.59    2532    115
1158     2.5      3686  659.2   4.4  69.7  -0.6 279  13.1 278.5 25.005154 121.561924  5.56    2545    114
1159     1.5      3688  659.0   4.4  69.0  -0.8 279  13.1 278.5 25.005132 121.562054  5.50    2558    114
1160     2.7      3690  658.8   4.4  67.9  -1.0 279  13.1 278.5 25.005112 121.562183  5.41    2571    114
1161     2.1      3692  658.7   4.4  66.5  -1.3 279  13.1 278.5 25.005094 121.562311  5.30    2584    114
1162     2.0      3694  658.5   4.4  65.7  -1.4 279  13.1 278.4 25.005077 121.562437  5.24    2596    114
1163     2.8      3697  658.3   4.4  65.6  -1.5 279  13.1 278.4 25.005061 121.562562  5.22    2608    114
1164     2.6      3700  658.1   4.4  65.6  -1.5 279  13.1 278.4 25.005044 121.562687  5.22    2620    114
1165     2.1      3702  657.9   4.4  65.3  -1.6 280  13.1 278.4 25.005026 121.562811  5.20    2633    114
1166     2.2      3704  657.7   4.4  64.9  -1.7 280  13.1 278.4 25.005007 121.562936  5.16    2645    114
1167     1.7      3706  657.6   4.3  64.2  -1.8 280  13.1 278.4 25.004987 121.563062  5.11    2658    114
1168     2.9      3709  657.4   4.3  64.3  -1.8 280  13.1 278.3 25.004967 121.563188  5.10    2670    114
1169     1.7      3710  657.2   4.3  65.2  -1.6 280  13.1 278.3 25.004946 121.563314  5.17    2683    114
1170     2.5      3713  657.0   4.3  66.2  -1.5 280  13.1 278.3 25.004925 121.563442  5.25    2696    114
1171     1.9      3715  656.9   4.3  66.5  -1.4 280  13.1 278.3 25.004905 121.563570  5.27    2708    114
1172     1.9      3717  656.7   4.3  66.4  -1.4 280  13.1 278.3 25.004885 121.563698  5.25    2721    113
1173     1.9      3719  656.5   4.2  66.2  -1.5 280  13.1 278.3 25.004866 121.563827  5.24    2734    113
1174     2.3      3721  656.4   4.2  66.2  -1.5 280  13.1 278.3 25.004846 121.563955  5.22    2747    113
1175     2.3      3723  656.2   4.2  66.5  -1.5 280  13.1 278.2 25.004826 121.564082  5.25    2759    113
1176     2.1      3725  656.0   4.2  67.5  -1.3 280  13.1 278.2 25.004805 121.564209  5.32    2772    113
1177     2.5      3728  655.8   4.1  68.9  -1.0 280  13.1 278.2 25.004783 121.564337  5.42    2785    113
1178     2.2      3730  655.6   4.1  70.0  -0.9 280  13.1 278.2 25.004761 121.564466  5.50    2798    113
1179     2.8      3733  655.4   4.1  70.2  -0.8 279  13.2 278.2 25.004739 121.564595  5.51    2811    113
1180     1.5      3734  655.3   4.1  69.9  -0.9 279  13.2 278.2 25.004718 121.564724  5.48    2824    113
1181     2.6      3737  655.1   4.1  69.3  -1.0 279  13.2 278.1 25.004698 121.564852  5.43    2836    113
1182     2.8      3740  654.9   4.1  68.1  -1.3 279  13.2 278.1 25.004678 121.564979  5.33    2849    113
1183     2.6      3742  654.7   4.1  67.0  -1.5 279  13.2 278.1 25.004658 121.565108  5.25    2862    113
1184     1.8      3744  654.5   4.1  66.3  -1.6 279  13.2 278.1 25.004638 121.565236  5.19    2875    113
1185     2.2      3746  654.3   4.1  65.8  -1.7 279  13.2 278.1 25.004618 121.565364  5.15    2888    113
1186     2.5      3749  654.1   4.1  65.4  -1.8 279  13.3 278.1 25.004599 121.565492  5.12    2900    113
1187     1.7      3751  653.9   4.0  65.1  -1.9 279  13.3 278.1 25.004582 121.565619  5.09    2913    113
1188     2.6      3753  653.8   4.0  64.3  -2.1 279  13.3 278.0 25.004567 121.565746  5.03    2925    112
1189     2.9      3756  653.6   4.0  63.3  -2.3 279  13.3 278.0 25.004552 121.565873  4.95    2938    112
1190     2.3      3758  653.4   4.0  62.6  -2.5 279  13.3 278.0 25.004535 121.566001  4.89    2950    112
1191     1.8      3760  653.2   4.0  62.3  -2.5 279  13.3 278.0 25.004517 121.566131  4.87    2963    112
1192     2.4      3763  653.0   4.0  62.0  -2.6 279  13.3 278.0 25.004499 121.566262  4.84    2976    112
1193     2.2      3765  652.8   4.0  61.8  -2.7 279  13.4 277.9 25.004481 121.566394  4.82    2989    112
1194     2.2      3767  652.7   4.0  61.7  -2.7 279  13.4 277.9 25.004463 121.566526  4.81    3003    112
1195     1.9      3769  652.5   3.9  61.7  -2.7 279  13.4 277.9 25.004445 121.566658  4.80    3016    112
1196     3.2      3772  652.3   3.9  61.8  -2.7 279  13.4 277.9 25.004426 121.566789  4.81    3029    112
1197     2.3      3774  652.1   3.9  61.8  -2.7 279  13.4 277.9 25.004406 121.566920  4.80    3042    112
1198     1.7      3776  651.9   3.9  61.8  -2.7 279  13.4 277.9 25.004386 121.567052  4.80    3055    112
1199     2.9      3779  651.7   3.9  61.9  -2.7 279  13.5 277.9 25.004366 121.567184  4.81    3068    112
1200     2.6      3782  651.5   3.9  62.0  -2.7 279  13.5 277.9 25.004345 121.567318  4.82    3082    112
1201     2.5      3784  651.3   3.9  62.2  -2.7 279  13.5 277.9 25.004325 121.567452  4.83    3095    112
1202     2.0      3786  651.1   3.9  62.3  -2.7 279  13.5 277.8 25.004304 121.567586  4.84    3108    112
1203     2.6      3789  650.9   3.9  62.5  -2.7 279  13.5 277.8 25.004284 121.567719  4.84    3122    112
1204     2.7      3791  650.7   3.8  62.7  -2.6 279  13.6 277.8 25.004265 121.567851  4.85    3135    112
1205     2.1      3794  650.5   3.8  62.9  -2.6 279  13.6 277.8 25.004247 121.567984  4.87    3148    111
1206     2.3      3796  650.3   3.8  63.3  -2.5 279  13.6 277.8 25.004229 121.568117  4.89    3161    111
1207     2.9      3799  650.2   3.8  63.6  -2.5 279  13.6 277.8 25.004212 121.568250  4.91    3175    111
1208     1.9      3801  650.0   3.8  63.8  -2.4 279  13.7 277.8 25.004195 121.568382  4.93    3188    111
1209     2.0      3803  649.8   3.8  63.9  -2.4 279  13.7 277.8 25.004178 121.568514  4.93    3201    111
1210     3.2      3806  649.6   3.8  64.0  -2.4 279  13.7 277.7 25.004160 121.568645  4.94    3214    111
1211     2.1      3808  649.4   3.7  64.0  -2.4 279  13.7 277.7 25.004141 121.568777  4.93    3227    111
1212     2.8      3811  649.2   3.7  64.1  -2.4 279  13.8 277.7 25.004124 121.568909  4.94    3240    111
1213     2.4      3813  649.0   3.7  64.4  -2.4 279  13.8 277.7 25.004107 121.569042  4.96    3253    111
1214     2.5      3816  648.8   3.7  64.6  -2.4 279  13.8 277.7 25.004089 121.569175  4.97    3267    111
1215     2.1      3818  648.6   3.7  64.8  -2.3 280  13.9 277.6 25.004071 121.569309  4.97    3280    111
1216     2.4      3820  648.3   3.6  65.0  -2.3 280  13.9 277.6 25.004052 121.569445  4.99    3294    111
1217     3.0      3823  648.1   3.6  65.3  -2.3 280  13.9 277.6 25.004033 121.569581  5.00    3307    111
1218     3.4      3827  647.9   3.6  65.4  -2.3 280  14.0 277.6 25.004015 121.569717  5.01    3321    111
1219     3.0      3830  647.7   3.6  65.2  -2.3 280  14.0 277.6 25.003996 121.569852  4.98    3334    111
1220     2.9      3832  647.4   3.6  64.9  -2.4 281  14.0 277.5 25.003975 121.569986  4.95    3348    111
1221     3.7      3836  647.2   3.5  64.7  -2.5 281  14.1 277.5 25.003954 121.570122  4.93    3361    111
1222     3.0      3839  646.9   3.5  64.6  -2.5 281  14.1 277.5 25.003932 121.570261  4.91    3375    111
1223     3.2      3842  646.7   3.5  64.5  -2.6 281  14.1 277.4 25.003910 121.570404  4.90    3390    111
1224     2.6      3845  646.4   3.4  64.5  -2.6 282  14.2 277.4 25.003886 121.570550  4.90    3404    111
1225     2.3      3847  646.2   3.4  64.5  -2.6 282  14.2 277.4 25.003861 121.570696  4.89    3419    110
1226     3.4      3851  646.0   3.4  64.6  -2.6 282  14.2 277.4 25.003835 121.570841  4.89    3434    110
1227     3.2      3854  645.8   3.4  64.8  -2.6 283  14.2 277.4 25.003807 121.570985  4.90    3449    110
1228     3.0      3857  645.5   3.4  64.8  -2.6 283  14.3 277.4 25.003777 121.571127  4.90    3463    110
1229     2.6      3859  645.3   3.4  64.8  -2.6 283  14.3 277.4 25.003743 121.571268  4.91    3478    110
1230     2.5      3862  645.1   3.4  64.9  -2.6 284  14.3 277.3 25.003707 121.571407  4.91    3493    110
1231     2.2      3864  644.9   3.4  65.0  -2.6 284  14.3 277.3 25.003669 121.571544  4.91    3507    110
1232     2.5      3867  644.7   3.3  64.9  -2.6 284  14.3 277.3 25.003632 121.571678  4.90    3521    110
1233     3.5      3870  644.4   3.3  64.6  -2.7 285  14.3 277.3 25.003597 121.571809  4.87    3535    110
1234     3.1      3873  644.2   3.4  63.8  -2.8 285  14.4 277.3 25.003564 121.571938  4.83    3548    110
1235     2.0      3875  644.0   3.4  63.0  -3.0 285  14.4 277.4 25.003531 121.572066  4.78    3562    110
1236     2.9      3878  643.8   3.4  62.3  -3.1 286  14.4 277.4 25.003499 121.572197  4.75    3575    110
1237     2.7      3881  643.6   3.5  62.1  -3.1 286  14.4 277.4 25.003466 121.572332  4.73    3590    110
1238     2.6      3883  643.4   3.4  62.1  -3.1 286  14.4 277.4 25.003432 121.572472  4.73    3604    110
1239     3.4      3887  643.1   3.4  62.2  -3.1 287  14.4 277.4 25.003396 121.572614  4.73    3619    110
1240     3.0      3890  642.9   3.4  62.2  -3.1 287  14.4 277.4 25.003359 121.572756  4.73    3634    110
1241     3.0      3893  642.7   3.4  62.0  -3.2 287  14.4 277.3 25.003320 121.572899  4.71    3649    110
1242     2.4      3895  642.5   3.4  61.6  -3.3 288  14.5 277.3 25.003281 121.573043  4.68    3664    110
1243     2.3      3898  642.3   3.4  60.9  -3.4 288  14.5 277.3 25.003242 121.573185  4.64    3679    110
1244     2.1      3900  642.1   3.4  60.1  -3.6 288  14.5 277.4 25.003202 121.573324  4.59    3694    110
1245     2.6      3902  641.9   3.5  59.1  -3.7 288  14.5 277.4 25.003160 121.573457  4.52    3708    110
1246     2.6      3905  641.7   3.5  58.4  -3.8 289  14.5 277.4 25.003117 121.573586  4.49    3722    110
1247     1.4      3906  641.6   3.5  58.3  -3.9 289  14.5 277.4 25.003072 121.573713  4.48    3735    110
1248     2.7      3909  641.4   3.5  58.4  -3.9 289  14.6 277.4 25.003024 121.573839  4.49    3749    110
1249     2.7      3912  641.2   3.5  58.6  -3.8 289  14.6 277.4 25.002975 121.573967  4.50    3763    110
1250     1.4      3913  641.0   3.5  58.8  -3.8 289  14.6 277.4 25.002925 121.574098  4.51    3778    110
1251     1.1      3914  640.9   3.5  59.1  -3.8 290  14.6 277.4 25.002877 121.574233  4.52    3792    110
1252     2.6      3917  640.7   3.4  59.3  -3.8 290  14.6 277.3 25.002831 121.574371  4.53    3807    110
1253     3.4      3920  640.5   3.4  59.3  -3.8 290  14.7 277.3 25.002786 121.574510  4.52    3822    110
1254     2.8      3923  640.3   3.4  58.9  -3.9 290  14.7 277.3 25.002742 121.574648  4.49    3837    110
1255     2.2      3925  640.1   3.4  58.4  -4.0 290  14.7 277.3 25.002699 121.574783  4.46    3851    110
1256     2.6      3928  639.9   3.4  58.0  -4.1 290  14.7 277.3 25.002657 121.574918  4.43    3866    110
1257     2.5      3930  639.7   3.4  57.8  -4.1 290  14.8 277.3 25.002615 121.575052  4.42    3880    110
1258     2.2      3933  639.5   3.4  57.9  -4.1 291  14.8 277.3 25.002573 121.575187  4.42    3894    110
1259     1.9      3934  639.3   3.4  58.3  -4.0 291  14.8 277.3 25.002528 121.575325  4.44    3909    110
1260     3.3      3938  639.1   3.3  58.7  -4.0 291  14.9 277.2 25.002479 121.575464  4.46    3924    110
1261     2.2      3940  638.9   3.3  58.7  -4.0 291  14.9 277.2 25.002428 121.575605  4.45    3939    110
1262     3.0      3943  638.7   3.3  58.2  -4.1 291  14.9 277.2 25.002377 121.575745  4.41    3955    110
1263     2.5      3945  638.5   3.3  57.9  -4.2 291  15.0 277.2 25.002328 121.575886  4.39    3970    110
1264     1.6      3947  638.3   3.3  57.8  -4.2 291  15.0 277.2 25.002281 121.576026  4.38    3985    110
1265     3.5      3950  638.1   3.3  57.7  -4.3 291  15.0 277.1 25.002233 121.576166  4.37    4000    110
1266     2.1      3953  637.9   3.2  57.6  -4.3 291  15.1 277.1 25.002179 121.576306  4.36    4015    110
1267     1.8      3954  637.8   3.2  57.6  -4.3 291  15.1 277.1 25.002125 121.576446  4.36    4031    110
1268     2.7      3957  637.6   3.2  57.8  -4.3 291  15.1 277.1 25.002073 121.576584  4.37    4046    110
1269     2.4      3959  637.4   3.2  57.9  -4.3 291  15.2 277.1 25.002024 121.576723  4.37    4061    110
1270     2.4      3962  637.2   3.2  57.9  -4.3 291  15.2 277.1 25.001976 121.576860  4.37    4076    110
1271     2.0      3964  637.0   3.1  57.7  -4.4 291  15.2 277.0 25.001929 121.576998  4.35    4091    110
1272     2.0      3966  636.8   3.1  57.6  -4.4 291  15.3 277.0 25.001883 121.577138  4.33    4106    110
1273     3.1      3969  636.6   3.1  57.6  -4.4 291  15.3 277.0 25.001839 121.577279  4.33    4121    110
1274     2.6      3972  636.5   3.1  57.6  -4.4 291  15.3 277.0 25.001796 121.577422  4.33    4136    110
1275     2.7      3974  636.3   3.1  57.6  -4.5 291  15.3 277.0 25.001754 121.577567  4.32    4151    110
1276     2.1      3976  636.1   3.1  57.5  -4.5 291  15.4 276.9 25.001712 121.577712  4.32    4167    110
1277     1.6      3978  635.9   3.1  57.4  -4.5 292  15.4 276.9 25.001671 121.577856  4.31    4182    110
1278     2.7      3981  635.7   3.0  57.4  -4.6 292  15.4 276.9 25.001628 121.578001  4.30    4197    110
1279     2.5      3983  635.5   3.0  57.4  -4.6 292  15.4 276.9 25.001582 121.578144  4.29    4213    110
1280     3.0      3986  635.3   3.0  57.5  -4.6 292  15.5 276.9 25.001534 121.578286  4.29    4228    110
1281     3.3      3989  635.1   3.0  57.8  -4.5 292  15.5 276.8 25.001482 121.578426  4.31    4243    110
1282     1.8      3991  634.9   2.9  58.1  -4.5 292  15.5 276.8 25.001429 121.578566  4.32    4258    110
1283     3.1      3994  634.6   2.9  58.3  -4.5 292  15.5 276.8 25.001374 121.578706  4.33    4274    110
1284     2.6      3997  634.4   2.9  58.3  -4.5 292  15.5 276.8 25.001316 121.578846  4.33    4289    110
1285     2.7      4000  634.2   2.8  58.3  -4.5 292  15.5 276.7 25.001255 121.578986  4.31    4305    110
1286     2.6      4002  634.0   2.8  58.3  -4.6 292  15.5 276.7 25.001191 121.579129  4.31    4321    110
1287     3.0      4005  633.8   2.8  58.4  -4.6 292  15.5 276.7 25.001127 121.579273  4.30    4337    110
1288     3.1      4008  633.5   2.8  58.4  -4.6 292  15.6 276.6 25.001065 121.579419  4.30    4353    110
1289     2.5      4011  633.3   2.7  58.3  -4.6 293  15.6 276.6 25.001007 121.579568  4.29    4370    110
1290     4.4      4015  633.1   2.7  58.4  -4.6 293  15.6 276.6 25.000955 121.579719  4.29    4386    110
1291     2.5      4018  632.9   2.7  58.5  -4.6 293  15.6 276.6 25.000905 121.579871  4.29    4402    110
1292     1.9      4020  632.6   2.7  58.5  -4.6 293  15.6 276.5 25.000856 121.580022  4.29    4418    110
1293     2.5      4022  632.4   2.6  58.5  -4.7 293  15.6 276.5 25.000808 121.580167  4.28    4434    110
1294     3.2      4026  632.2   2.6  58.6  -4.7 293  15.6 276.5 25.000758 121.580307  4.28    4449    110
1295     2.4      4028  632.0   2.6  58.5  -4.7 293  15.6 276.5 25.000707 121.580444  4.27    4464    110
1296     2.5      4030  631.8   2.6  58.4  -4.8 293  15.6 276.4 25.000654 121.580580  4.25    4479    110
1297     2.7      4033  631.6   2.5  58.4  -4.8 293  15.6 276.4 25.000599 121.580715  4.25    4494    110
1298     3.0      4036  631.4   2.5  58.5  -4.8 293  15.7 276.4 25.000541 121.580850  4.25    4509    110
1299     3.0      4039  631.2   2.5  58.5  -4.8 293  15.7 276.4 25.000481 121.580986  4.25    4524    110
1300     2.0      4041  631.0   2.5  58.5  -4.8 293  15.7 276.4 25.000421 121.581121  4.24    4539    110
1301     2.1      4043  630.8   2.5  58.6  -4.8 293  15.7 276.3 25.000363 121.581258  4.25    4555    110
1302     1.8      4045  630.6   2.4  58.9  -4.8 294  15.7 276.3 25.000306 121.581399  4.26    4570    110
1303     2.7      4048  630.4   2.4  59.2  -4.7 294  15.7 276.3 25.000252 121.581541  4.27    4586    110
1304     2.9      4051  630.2   2.4  59.4  -4.7 294  15.7 276.2 25.000199 121.581685  4.28    4601    110
1305     2.8      4053  630.0   2.3  59.6  -4.7 294  15.8 276.2 25.000145 121.581830  4.29    4617    110
1306     2.8      4056  629.8   2.3  59.6  -4.7 294  15.8 276.2 25.000088 121.581975  4.28    4633    110
1307     3.5      4060  629.6   2.3  59.6  -4.7 294  15.8 276.2 25.000028 121.582119  4.28    4649    110
1308     2.6      4062  629.4   2.3  59.6  -4.8 294  15.8 276.1 24.999965 121.582263  4.27    4665    110
1309     2.3      4065  629.1   2.3  59.4  -4.8 294  15.8 276.1 24.999901 121.582408  4.25    4681    110
1310     2.1      4067  628.9   2.2  59.2  -4.9 294  15.9 276.1 24.999838 121.582553  4.23    4697    110
1311     3.4      4070  628.7   2.2  59.2  -5.0 294  15.9 276.0 24.999776 121.582700  4.21    4714    110
1312     3.5      4074  628.5   2.2  59.3  -5.0 294  15.9 276.0 24.999716 121.582847  4.21    4730    110
1313     2.9      4077  628.3   2.1  59.4  -5.0 294  15.9 276.0 24.999658 121.582993  4.22    4746    110
1314     2.3      4079  628.0   2.1  59.4  -5.0 294  15.9 276.0 24.999603 121.583138  4.22    4762    111
1315     2.8      4082  627.8   2.1  59.5  -5.0 294  15.9 275.9 24.999551 121.583284  4.21    4778    111
1316     3.0      4085  627.6   2.0  59.4  -5.0 294  16.0 275.9 24.999499 121.583429  4.20    4793    111
1317     2.4      4087  627.4   2.0  59.2  -5.1 294  16.0 275.9 24.999446 121.583573  4.19    4809    111
1318     2.9      4090  627.2   2.0  59.3  -5.1 295  16.0 275.9 24.999391 121.583717  4.19    4825    111
1319     2.7      4093  627.0   2.0  59.5  -5.1 295  16.0 275.9 24.999333 121.583861  4.20    4841    111
1320     2.1      4095  626.8   2.0  59.6  -5.1 295  16.0 275.8 24.999275 121.584006  4.19    4857    111
1321     2.4      4097  626.6   1.9  59.7  -5.1 295  16.0 275.8 24.999217 121.584153  4.19    4873    111
1322     2.8      4100  626.4   1.9  59.8  -5.0 295  16.0 275.8 24.999158 121.584300  4.20    4889    111
1323     2.3      4102  626.3   1.9  60.0  -5.0 295  16.0 275.8 24.999097 121.584446  4.21    4905    111
1324     2.0      4104  626.1   1.9  60.1  -5.0 295  16.0 275.7 24.999036 121.584589  4.21    4921    111
1325     2.3      4107  625.9   1.9  60.3  -5.0 296  16.0 275.7 24.998974 121.584730  4.21    4937    111
1326     2.3      4109  625.7   1.8  60.4  -5.0 296  16.0 275.7 24.998914 121.584869  4.22    4953    111
1327     1.7      4111  625.5   1.8  60.6  -5.0 296  16.0 275.7 24.998852 121.585008  4.22    4968    111
1328     3.5      4114  625.3   1.8  60.9  -5.0 296  16.0 275.6 24.998788 121.585148  4.23    4984    111
1329     2.7      4117  625.1   1.7  61.0  -5.0 296  16.0 275.6 24.998724 121.585290  4.23    5000    111
1330     1.9      4119  624.9   1.7  61.0  -5.0 296  16.0 275.6 24.998658 121.585434  4.23    5016    111
1331     3.1      4122  624.8   1.7  61.0  -5.0 297  16.1 275.6 24.998592 121.585579  4.22    5032    111
1332     1.7      4124  624.6   1.7  60.9  -5.0 297  16.1 275.5 24.998524 121.585724  4.22    5049    111
1333     2.4      4126  624.4   1.7  60.8  -5.1 297  16.1 275.5 24.998456 121.585869  4.20    5065    111
1334     1.9      4128  624.2   1.6  60.7  -5.1 297  16.1 275.5 24.998387 121.586011  4.19    5081    111
1335     2.2      4130  624.1   1.6  60.7  -5.1 297  16.1 275.5 24.998320 121.586151  4.19    5097    111
1336     2.9      4133  623.9   1.6  60.9  -5.1 297  16.1 275.5 24.998252 121.586288  4.19    5113    111
1337     1.5      4135  623.7   1.6  61.2  -5.1 297  16.2 275.4 24.998185 121.586423  4.21    5128    111
1338     2.0      4137  623.5   1.5  61.4  -5.1 297  16.2 275.4 24.998118 121.586557  4.21    5143    111
1339     2.4      4139  623.4   1.5  61.5  -5.1 297  16.2 275.4 24.998052 121.586691  4.21    5158    111
1340     2.5      4142  623.2   1.5  61.6  -5.1 297  16.2 275.4 24.997985 121.586826  4.22    5174    111
1341     3.0      4145  623.0   1.5  61.7  -5.1 298  16.2 275.3 24.997918 121.586964  4.22    5190    111
1342     1.1      4146  622.9   1.5  61.7  -5.1 298  16.3 275.3 24.997848 121.587103  4.21    5205    111
1343     1.9      4148  622.7   1.4  61.4  -5.2 298  16.3 275.3 24.997777 121.587245  4.19    5222    111
1344     2.5      4150  622.5   1.4  61.1  -5.2 297  16.3 275.3 24.997705 121.587387  4.17    5238    111
1345     2.5      4153  622.3   1.4  61.1  -5.2 297  16.3 275.3 24.997634 121.587530  4.17    5254    111
1346     2.2      4155  622.2   1.4  61.4  -5.2 297  16.3 275.3 24.997563 121.587675  4.18    5271    111
1347     2.3      4157  622.0   1.4  61.6  -5.2 297  16.3 275.2 24.997492 121.587821  4.19    5287    111
1348     1.9      4159  621.8   1.4  61.6  -5.2 297  16.4 275.2 24.997422 121.587968  4.19    5304    111
1349     1.9      4161  621.7   1.3  61.4  -5.3 297  16.4 275.2 24.997352 121.588116  4.17    5321    111
1350     2.7      4164  621.5   1.3  60.9  -5.4 297  16.4 275.2 24.997284 121.588264  4.13    5337    111
1351     1.8      4165  621.3   1.3  60.3  -5.5 297  16.4 275.2 24.997216 121.588413  4.09    5354    111
1352     2.2      4168  621.1   1.3  60.0  -5.6 297  16.4 275.2 24.997148 121.588561  4.07    5371    111
1353     2.6      4170  621.0   1.3  60.0  -5.6 297  16.4 275.1 24.997080 121.588710  4.07    5388    111
1354     2.7      4173  620.8   1.3  60.1  -5.6 296  16.4 275.1 24.997012 121.588859  4.07    5404    111
1355     2.4      4175  620.6   1.3  60.1  -5.6 296  16.4 275.1 24.996943 121.589007  4.06    5421    111
1356     2.4      4178  620.4   1.3  60.0  -5.6 296  16.3 275.1 24.996875 121.589155  4.05    5438    111
1357     2.4      4180  620.2   1.2  59.9  -5.7 296  16.3 275.1 24.996808 121.589300  4.04    5454    111
1358     2.2      4182  620.0   1.2  59.7  -5.7 296  16.3 275.0 24.996743 121.589445  4.03    5470    111
1359     2.6      4185  619.9   1.2  59.3  -5.8 295  16.3 275.0 24.996680 121.589589  4.00    5486    111
1360     2.5      4187  619.7   1.2  59.0  -5.9 295  16.3 275.0 24.996620 121.589732  3.98    5502    111
1361     2.2      4190  619.5   1.2  58.7  -6.0 295  16.2 275.0 24.996561 121.589876  3.96    5518    111
1362     2.2      4192  619.3   1.2  58.2  -6.1 295  16.2 275.0 24.996503 121.590020  3.93    5534    111
1363     2.1      4194  619.1   1.3  57.5  -6.2 294  16.2 275.1 24.996446 121.590164  3.89    5550    111
1364     2.7      4197  619.0   1.3  56.8  -6.3 294  16.1 275.1 24.996387 121.590309  3.86    5566    111
1365     1.8      4198  618.8   1.3  56.4  -6.4 294  16.1 275.1 24.996328 121.590455  3.84    5582    111
1366     2.4      4201  618.6   1.4  56.3  -6.4 294  16.1 275.2 24.996270 121.590602  3.84    5598    111
1367     2.0      4203  618.4   1.4  56.5  -6.3 293  16.0 275.2 24.996212 121.590749  3.86    5614    111
1368     2.8      4206  618.3   1.4  56.9  -6.2 293  16.0 275.2 24.996155 121.590896  3.89    5631    111
1369     2.5      4208  618.1   1.4  57.3  -6.1 293  15.9 275.2 24.996098 121.591043  3.92    5647    111
1370     1.8      4210  617.9   1.4  57.7  -6.1 293  15.9 275.2 24.996042 121.591191  3.94    5663    111
1371     3.0      4213  617.7   1.4  58.0  -6.0 292  15.9 275.2 24.995987 121.591338  3.97    5679    111
1372     2.6      4216  617.5   1.4  58.3  -5.9 292  15.8 275.2 24.995933 121.591486  3.99    5695    111
1373     2.4      4218  617.3   1.4  58.7  -5.8 292  15.8 275.2 24.995880 121.591631  4.03    5711    111
1374     2.1      4220  617.1   1.4  58.9  -5.7 292  15.7 275.3 24.995827 121.591774  4.05    5726    111
1375     2.5      4223  617.0   1.5  58.9  -5.7 291  15.7 275.3 24.995776 121.591915  4.07    5742    111
1376     2.4      4225  616.8   1.5  58.8  -5.6 291  15.7 275.4 24.995725 121.592056  4.08    5757    111
1377     2.2      4227  616.6   1.6  58.7  -5.6 291  15.6 275.4 24.995676 121.592197  4.08    5772    111
1378     2.0      4229  616.4   1.6  58.6  -5.6 290  15.6 275.4 24.995627 121.592339  4.08    5788    111
1379     2.8      4232  616.2   1.6  58.5  -5.6 290  15.6 275.5 24.995579 121.592480  4.09    5803    111
1380     2.8      4235  616.1   1.6  58.5  -5.6 290  15.5 275.5 24.995531 121.592623  4.09    5818    111
1381     1.8      4236  615.9   1.7  58.3  -5.6 289  15.5 275.5 24.995483 121.592765  4.09    5834    111
1382     2.8      4239  615.7   1.7  58.2  -5.6 289  15.5 275.5 24.995434 121.592907  4.08    5849    111
1383     1.8      4241  615.5   1.7  58.2  -5.6 289  15.4 275.5 24.995385 121.593050  4.09    5864    111
1384     3.0      4244  615.3   1.7  58.4  -5.6 288  15.4 275.5 24.995338 121.593194  4.10    5880    111
1385     2.8      4247  615.1   1.7  58.5  -5.6 288  15.4 275.5 24.995293 121.593339  4.11    5895    111
1386     1.6      4248  614.9   1.7  58.6  -5.6 288  15.3 275.5 24.995249 121.593484  4.12    5911    111
1387     2.9      4251  614.8   1.7  58.6  -5.6 287  15.3 275.5 24.995206 121.593629  4.12    5926    111
1388     3.0      4254  614.6   1.7  58.7  -5.6 287  15.3 275.5 24.995165 121.593772  4.12    5941    111
1389     2.1      4256  614.4   1.7  58.7  -5.5 286  15.3 275.5 24.995125 121.593916  4.12    5956    111
1390     1.7      4258  614.2   1.7  58.8  -5.5 286  15.2 275.5 24.995086 121.594061  4.13    5972    111
1391     2.4      4261  614.0   1.6  59.1  -5.5 286  15.2 275.5 24.995048 121.594206  4.15    5987    111
1392     2.7      4263  613.9   1.6  59.4  -5.4 285  15.2 275.5 24.995010 121.594351  4.17    6002    111
1393     1.4      4265  613.7   1.6  59.6  -5.4 285  15.2 275.5 24.994972 121.594496  4.19    6017    111
1394     2.5      4267  613.5   1.6  59.8  -5.3 284  15.2 275.5 24.994936 121.594641  4.20    6032    111
1395     3.7      4271  613.3   1.6  60.0  -5.3 284  15.2 275.5 24.994903 121.594787  4.22    6047    111
1396     2.2      4273  613.1   1.6  60.2  -5.2 284  15.1 275.5 24.994871 121.594933  4.23    6062    111
1397     2.0      4275  612.9   1.6  60.5  -5.2 283  15.1 275.5 24.994840 121.595079  4.24    6077    111
1398     2.5      4278  612.7   1.6  60.6  -5.2 283  15.1 275.5 24.994812 121.595225  4.25    6092    111
1399     2.5      4280  612.5   1.6  60.9  -5.1 282  15.1 275.5 24.994784 121.595370  4.27    6107    111
1400     3.2      4283  612.4   1.6  61.3  -5.1 282  15.1 275.5 24.994758 121.595513  4.29    6121    111
1401     1.9      4285  612.2   1.6  61.6  -5.0 281  15.1 275.4 24.994731 121.595655  4.32    6136    111
1402     2.3      4288  612.0   1.6  61.8  -5.0 281  15.1 275.5 24.994705 121.595797  4.33    6150    111
1403     3.0      4291  611.8   1.6  61.7  -5.0 280  15.1 275.5 24.994681 121.595938  4.33    6165    111
1404     2.0      4293  611.6   1.6  61.3  -5.0 280  15.2 275.5 24.994659 121.596078  4.31    6179    111
1405     2.4      4295  611.5   1.6  60.6  -5.2 279  15.2 275.5 24.994639 121.596218  4.27    6193    111
1406     2.2      4297  611.3   1.7  59.9  -5.3 279  15.2 275.5 24.994620 121.596358  4.23    6207    111
1407     1.9      4299  611.1   1.7  59.0  -5.4 279  15.2 275.5 24.994600 121.596501  4.18    6221    111
1408     2.3      4301  610.9   1.7  58.1  -5.6 278  15.2 275.6 24.994581 121.596649  4.12    6236    111
1409     2.6      4304  610.8   1.8  57.1  -5.8 278  15.3 275.6 24.994563 121.596801  4.06    6251    111
1410     2.0      4306  610.6   1.8  56.0  -6.1 277  15.3 275.6 24.994546 121.596959  3.99    6266    111
1411     2.3      4308  610.4   1.8  54.8  -6.3 277  15.3 275.6 24.994531 121.597119  3.92    6282    111
1412     2.0      4310  610.3   1.9  53.5  -6.6 277  15.4 275.7 24.994518 121.597278  3.83    6298    111
1413     2.2      4312  610.1   1.9  51.8  -7.0 276  15.4 275.7 24.994505 121.597433  3.72    6313    111
1414     2.5      4315  609.9   2.0  49.8  -7.4 276  15.4 275.7 24.994491 121.597586  3.59    6328    111
1415     1.5      4316  609.7   2.0  47.4  -8.0 275  15.5 275.7 24.994478 121.597738  3.44    6343    111
1416     2.9      4319  609.5   2.1  45.4  -8.5 275  15.5 275.8 24.994465 121.597890  3.30    6357    111
1417     3.3      4323  609.3   2.1  43.8  -8.9 275  15.6 275.8 24.994454 121.598042  3.20    6372    111
1418     2.7      4325  609.1   2.2  42.6  -9.2 274  15.6 275.9 24.994445 121.598196  3.13    6387    111
1419     3.0      4328  608.9   2.2  41.5  -9.5 274  15.7 275.9 24.994439 121.598350  3.06    6402    110
1420     2.6      4331  608.7   2.2  40.7  -9.7 274  15.7 275.9 24.994434 121.598503  3.00    6417    110
1421     3.1      4334  608.5   2.3  40.2  -9.9 274  15.8 275.9 24.994432 121.598655  2.97    6431    110
1422     2.4      4336  608.3   2.3  39.9 -10.0 273  15.8 275.9 24.994431 121.598809  2.95    6446    110
1423     2.1      4339  608.1   2.3  39.8 -10.0 273  15.9 275.9 24.994428 121.598966  2.94    6461    110
1424     3.0      4342  607.9   2.3  39.7 -10.1 273  15.9 275.9 24.994422 121.599126  2.93    6476    110
1425     2.5      4344  607.7   2.3  39.5 -10.1 273  15.9 275.9 24.994416 121.599287  2.92    6492    110
1426     2.1      4346  607.6   2.2  39.3 -10.2 272  16.0 275.9 24.994411 121.599451  2.91    6507    110
1427     2.9      4349  607.4   2.2  39.1 -10.2 272  16.0 275.9 24.994406 121.599616  2.89    6523    110
1428     2.5      4352  607.2   2.2  39.1 -10.3 272  16.1 275.9 24.994403 121.599782  2.89    6539    110
1429     2.3      4354  607.0   2.2  39.0 -10.3 272  16.1 275.9 24.994399 121.599948  2.88    6555    110
1430     2.5      4356  606.8   2.2  38.9 -10.3 272  16.1 275.8 24.994395 121.600113  2.87    6571    110
1431     2.4      4359  606.6   2.2  38.7 -10.4 271  16.2 275.8 24.994390 121.600277  2.85    6587    110
1432     3.1      4362  606.4   2.2  38.3 -10.6 271  16.2 275.8 24.994384 121.600438  2.82    6602    110
1433     2.7      4365  606.2   2.2  37.7 -10.8 271  16.2 275.8 24.994381 121.600598  2.78    6617    110
1434     2.9      4367  606.0   2.2  37.3 -10.9 271  16.2 275.8 24.994380 121.600758  2.75    6633    110
1435     2.6      4370  605.8   2.2  37.2 -10.9 271  16.3 275.8 24.994380 121.600918  2.75    6648    110
1436     2.8      4373  605.6   2.2  37.3 -10.9 271  16.3 275.8 24.994382 121.601080  2.76    6663    110
1437     2.0      4375  605.4   2.2  37.4 -10.8 270  16.3 275.8 24.994383 121.601241  2.77    6678    110
1438     2.3      4377  605.2   2.2  37.5 -10.8 270  16.3 275.8 24.994382 121.601403  2.77    6694    110
1439     2.8      4380  605.0   2.2  37.6 -10.8 270  16.3 275.8 24.994381 121.601566  2.78    6709    110
1440     2.7      4383  604.8   2.2  37.7 -10.7 270  16.3 275.8 24.994381 121.601730  2.79    6725    110
1441     2.7      4385  604.6   2.2  37.7 -10.7 270  16.3 275.9 24.994383 121.601897  2.80    6741    109
1442     3.0      4388  604.4   2.3  37.8 -10.6 270  16.4 275.9 24.994384 121.602065  2.82    6757    109
1443     2.4      4391  604.2   2.3  37.8 -10.6 269  16.4 276.0 24.994386 121.602233  2.83    6773    109
1444     2.2      4393  604.0   2.4  37.8 -10.6 269  16.4 276.0 24.994387 121.602399  2.83    6789    109
1445     2.8      4396  603.8   2.3  37.8 -10.6 269  16.4 276.0 24.994388 121.602562  2.83    6804    109
1446     3.1      4399  603.6   2.3  38.0 -10.5 269  16.4 276.0 24.994390 121.602723  2.84    6819    109
1447     3.0      4402  603.4   2.3  38.1 -10.5 269  16.4 275.9 24.994392 121.602883  2.85    6835    109
1448     2.9      4405  603.2   2.3  38.1 -10.5 269  16.4 275.9 24.994392 121.603044  2.85    6850    109
1449     2.8      4408  603.0   2.3  38.0 -10.6 268  16.4 275.9 24.994392 121.603203  2.84    6865    109
1450     2.5      4410  602.8   2.3  38.0 -10.6 268  16.4 275.9 24.994393 121.603362  2.84    6880    109
1451     2.9      4413  602.6   2.2  38.1 -10.6 268  16.4 275.9 24.994396 121.603519  2.84    6895    109
1452     2.8      4416  602.3   2.2  38.2 -10.6 268  16.5 275.8 24.994402 121.603676  2.83    6910    109
1453     3.3      4419  602.1   2.1  38.2 -10.6 268  16.5 275.8 24.994411 121.603837  2.83    6925    109
1454     2.5      4422  601.9   2.1  38.3 -10.7 268  16.5 275.7 24.994420 121.604001  2.82    6940    109
1455     2.6      4424  601.7   2.1  38.4 -10.6 267  16.5 275.7 24.994430 121.604168  2.83    6956    109
1456     3.4      4428  601.5   2.1  38.5 -10.6 267  16.5 275.7 24.994440 121.604335  2.84    6972    109
1457     2.5      4430  601.3   2.1  38.6 -10.6 267  16.5 275.7 24.994449 121.604500  2.85    6987    109
1458     1.9      4432  601.1   2.1  38.6 -10.6 267  16.5 275.7 24.994460 121.604664  2.85    7002    109
1459     2.4      4435  600.9   2.1  38.6 -10.6 267  16.6 275.7 24.994470 121.604828  2.85    7018    109
1460     3.0      4437  600.8   2.0  38.6 -10.6 267  16.6 275.7 24.994482 121.604992  2.85    7033    109
1461     1.8      4439  600.6   2.0  38.7 -10.6 266  16.6 275.7 24.994495 121.605155  2.85    7048    108
1462     2.6      4442  600.4   2.0  38.8 -10.6 266  16.6 275.6 24.994508 121.605318  2.85    7063    108
1463     2.7      4445  600.2   2.0  38.8 -10.6 266  16.6 275.6 24.994520 121.605481  2.84    7079    108
1464     3.3      4448  600.0   1.9  39.0 -10.6 266  16.7 275.6 24.994532 121.605645  2.85    7094    108
1465     2.3      4450  599.8   1.9  39.3 -10.5 266  16.7 275.5 24.994544 121.605810  2.87    7109    108
1466     2.8      4453  599.6   1.9  39.6 -10.4 266  16.7 275.5 24.994555 121.605976  2.89    7125    108
1467     2.2      4455  599.4   1.9  39.9 -10.3 266  16.7 275.6 24.994566 121.606141  2.92    7140    108
1468     1.8      4457  599.3   1.9  40.0 -10.3 266  16.7 275.6 24.994577 121.606305  2.93    7156    108
1469     2.6      4460  599.1   1.9  39.9 -10.3 266  16.8 275.6 24.994588 121.606469  2.92    7171    108
1470     3.3      4463  598.9   1.9  39.8 -10.3 266  16.8 275.5 24.994599 121.606634  2.91    7186    108
1471     1.5      4465  598.7   1.9  39.9 -10.3 265  16.8 275.5 24.994611 121.606797  2.91    7202    108
1472     2.7      4467  598.5   1.8  39.9 -10.3 265  16.8 275.5 24.994622 121.606958  2.91    7217    108
1473     2.4      4470  598.3   1.8  40.1 -10.3 265  16.8 275.5 24.994634 121.607117  2.92    7232    108
1474     3.0      4473  598.2   1.8  40.2 -10.3 265  16.9 275.5 24.994646 121.607279  2.92    7247    108
1475     1.8      4474  598.0   1.8  40.3 -10.3 265  16.9 275.4 24.994659 121.607444  2.93    7262    108
1476     2.7      4477  597.8   1.8  40.5 -10.2 265  16.9 275.4 24.994671 121.607609  2.94    7278    108
1477     2.2      4479  597.6   1.8  40.6 -10.2 265  16.9 275.4 24.994685 121.607775  2.95    7293    108
1478     2.9      4482  597.4   1.8  40.8 -10.2 265  16.9 275.4 24.994699 121.607942  2.96    7309    108
1479     2.4      4485  597.2   1.8  41.0 -10.1 265  16.9 275.4 24.994713 121.608109  2.98    7324    108
1480     2.2      4487  597.1   1.8  41.1 -10.1 265  16.9 275.4 24.994728 121.608276  2.98    7340    108
1481     2.8      4490  596.9   1.7  41.2 -10.0 265  17.0 275.4 24.994743 121.608443  2.99    7356    107
1482     2.3      4492  596.7   1.7  41.3 -10.0 265  17.0 275.4 24.994759 121.608610  2.99    7371    107
1483     2.8      4495  596.5   1.7  41.5 -10.0 265  17.0 275.4 24.994774 121.608775  3.00    7387    107
1484     2.9      4498  596.3   1.7  41.7  -9.9 266  17.0 275.3 24.994789 121.608941  3.02    7402    107
1485     2.6      4500  596.1   1.7  42.0  -9.9 266  17.0 275.3 24.994804 121.609108  3.03    7418    107
1486     3.1      4503  595.9   1.6  42.2  -9.8 266  17.0 275.3 24.994818 121.609276  3.05    7434    107
1487     2.7      4506  595.7   1.6  42.3  -9.8 266  17.0 275.3 24.994832 121.609446  3.05    7450    107
1488     2.5      4508  595.5   1.6  42.4  -9.8 266  17.1 275.3 24.994844 121.609617  3.05    7466    107
1489     2.5      4511  595.3   1.6  42.5  -9.8 266  17.1 275.2 24.994854 121.609788  3.05    7482    107
1490     3.1      4514  595.1   1.5  42.6  -9.8 266  17.1 275.2 24.994862 121.609957  3.06    7498    107
1491     2.7      4517  594.9   1.5  42.6  -9.8 266  17.1 275.2 24.994868 121.610125  3.05    7514    107
1492     3.1      4520  594.7   1.5  42.7  -9.8 266  17.1 275.2 24.994876 121.610290  3.06    7530    107
1493     2.7      4523  594.5   1.5  42.9  -9.8 266  17.1 275.1 24.994884 121.610455  3.07    7545    107
1494     2.7      4525  594.3   1.4  43.0  -9.8 266  17.1 275.1 24.994895 121.610619  3.07    7561    107
1495     2.1      4527  594.1   1.4  43.2  -9.7 266  17.1 275.1 24.994907 121.610785  3.08    7576    107
1496     2.8      4530  593.9   1.4  43.5  -9.7 266  17.1 275.1 24.994919 121.610951  3.10    7592    107
1497     2.4      4533  593.7   1.4  43.7  -9.6 267  17.1 275.1 24.994930 121.611118  3.11    7608    107
1498     2.5      4535  593.5   1.4  43.8  -9.6 267  17.1 275.0 24.994940 121.611286  3.12    7624    107
1499     3.1      4538  593.3   1.3  43.9  -9.6 267  17.1 275.0 24.994950 121.611455  3.12    7640    107
1500     2.5      4541  593.1   1.3  43.9  -9.6 267  17.1 275.0 24.994960 121.611627  3.11    7656    107
1501     3.0      4544  592.9   1.3  43.9  -9.6 267  17.1 275.0 24.994971 121.611801  3.11    7673    107
1502     2.8      4547  592.7   1.3  43.7  -9.7 267  17.1 275.0 24.994984 121.611976  3.09    7689    106
1503     1.8      4548  592.5   1.3  43.5  -9.8 267  17.1 274.9 24.994996 121.612151  3.07    7706    106
1504     3.4      4552  592.3   1.2  43.2  -9.9 268  17.1 274.9 24.995008 121.612326  3.05    7722    106
1505     3.1      4555  592.1   1.2  43.0 -10.0 268  17.1 274.9 24.995019 121.612500  3.03    7739    106
1506     3.0      4558  591.8   1.2  43.1 -10.0 268  17.0 274.8 24.995029 121.612674  3.03    7756    106
1507     2.5      4560  591.6   1.2  43.3  -9.9 268  17.0 274.8 24.995039 121.612846  3.04    7772    106
1508     3.4      4564  591.4   1.1  43.4  -9.9 268  17.0 274.8 24.995047 121.613019  3.05    7788    106
1509     2.7      4566  591.2   1.1  43.3 -10.0 269  17.0 274.8 24.995053 121.613192  3.04    7805    106
1510     2.8      4569  591.0   1.1  43.2 -10.0 269  16.9 274.8 24.995058 121.613366  3.03    7822    106
1511     2.7      4572  590.8   1.1  43.2 -10.0 269  16.9 274.7 24.995060 121.613541  3.02    7839    106
1512     3.3      4575  590.6   1.1  43.3 -10.0 269  16.9 274.7 24.995059 121.613716  3.02    7856    106
1513     2.8      4578  590.4   1.0  43.4 -10.0 269  16.8 274.7 24.995057 121.613888  3.03    7872    106
1514     2.9      4581  590.2   1.0  43.6 -10.0 270  16.8 274.7 24.995054 121.614054  3.03    7889    106
1515     2.8      4584  590.0   1.0  43.8 -10.0 270  16.7 274.6 24.995049 121.614217  3.04    7905    106
1516     2.8      4586  589.7   0.9  44.0  -9.9 270  16.7 274.6 24.995044 121.614377  3.05    7920    106
1517     2.3      4589  589.5   0.9  44.0 -10.0 270  16.6 274.6 24.995041 121.614537  3.05    7936    106
1518     2.1      4591  589.3   0.9  43.7 -10.1 270  16.6 274.6 24.995040 121.614698  3.02    7952    106
1519     3.4      4594  589.1   0.9  43.2 -10.2 271  16.5 274.5 24.995038 121.614859  2.98    7967    106
1520     3.5      4598  588.9   0.9  42.3 -10.5 271  16.5 274.5 24.995035 121.615020  2.92    7983    106
1521     2.7      4600  588.7   0.9  41.4 -10.8 271  16.4 274.5 24.995031 121.615180  2.86    7999    106
1522     3.2      4604  588.5   0.9  40.7 -11.0 271  16.4 274.5 24.995027 121.615339  2.81    8014    106
1523     2.5      4606  588.3   0.9  40.1 -11.2 271  16.3 274.5 24.995026 121.615500  2.77    8030    106
1524     2.6      4609  588.1   0.8  40.0 -11.2 271  16.3 274.5 24.995024 121.615662  2.76    8046    106
1525     2.2      4611  587.9   0.8  40.4 -11.1 272  16.2 274.5 24.995022 121.615826  2.79    8062    106
1526     2.9      4614  587.7   0.8  41.0 -10.9 272  16.2 274.4 24.995017 121.615990  2.83    8078    106
1527     3.3      4617  587.5   0.8  41.8 -10.7 272  16.1 274.4 24.995011 121.616153  2.88    8094    106
1528     3.0      4620  587.3   0.8  42.6 -10.5 272  16.1 274.4 24.995002 121.616315  2.94    8110    106
1529     2.6      4623  587.1   0.8  43.4 -10.2 272  16.0 274.5 24.994993 121.616475  2.99    8126    106
1530     3.0      4626  586.9   0.8  44.3 -10.0 272  16.0 274.5 24.994984 121.616635  3.05    8142    106
1531     3.0      4629  586.7   0.8  45.1  -9.8 272  15.9 274.5 24.994977 121.616794  3.11    8157    105
1532     2.4      4631  586.5   0.8  45.7  -9.6 272  15.9 274.5 24.994972 121.616952  3.16    8173    105
1533     2.1      4633  586.3   0.8  46.1  -9.5 272  15.8 274.5 24.994965 121.617111  3.19    8189    105
1534     3.0      4636  586.1   0.8  46.2  -9.4 273  15.8 274.5 24.994958 121.617270  3.20    8204    105
1535     2.9      4639  585.9   0.8  46.3  -9.4 273  15.8 274.5 24.994949 121.617429  3.20    8220    105
1536     2.6      4642  585.7   0.8  46.6  -9.4 273  15.7 274.5 24.994940 121.617587  3.22    8236    105
1537     2.1      4644  585.5   0.8  46.8  -9.3 273  15.7 274.5 24.994932 121.617744  3.23    8251    105
1538     2.2      4646  585.3   0.8  46.9  -9.3 273  15.6 274.4 24.994923 121.617897  3.24    8266    105
1539     3.4      4649  585.1   0.7  47.0  -9.3 273  15.6 274.4 24.994916 121.618047  3.24    8281    105
1540     2.8      4652  584.9   0.7  47.2  -9.3 273  15.6 274.4 24.994908 121.618196  3.24    8296    105
1541     2.9      4655  584.7   0.7  47.4  -9.2 273  15.5 274.4 24.994901 121.618346  3.25    8311    105
1542     3.5      4659  584.5   0.7  47.6  -9.2 273  15.5 274.4 24.994894 121.618498  3.26    8326    105
1543     2.4      4661  584.3   0.6  47.7  -9.2 273  15.4 274.3 24.994886 121.618650  3.27    8341    105
1544     2.5      4663  584.1   0.6  47.9  -9.1 273  15.4 274.3 24.994879 121.618804  3.28    8356    105
1545     2.7      4666  583.9   0.6  48.1  -9.1 273  15.4 274.3 24.994872 121.618958  3.29    8371    105
1546     3.0      4669  583.7   0.6  48.3  -9.1 273  15.3 274.3 24.994864 121.619112  3.30    8387    105
1547     2.4      4672  583.5   0.6  48.4  -9.1 273  15.3 274.3 24.994856 121.619263  3.30    8402    105
1548     2.0      4674  583.3   0.5  48.5  -9.1 273  15.3 274.2 24.994847 121.619413  3.30    8416    105
1549     3.6      4677  583.2   0.5  48.6  -9.1 274  15.3 274.2 24.994838 121.619561  3.31    8431    105
1550     2.1      4679  583.0   0.5  48.8  -9.0 274  15.2 274.2 24.994830 121.619710  3.31    8446    105
1551     2.2      4681  582.8   0.5  48.9  -9.0 274  15.2 274.2 24.994823 121.619859  3.32    8461    105
1552     2.9      4684  582.6   0.5  49.0  -9.0 274  15.2 274.2 24.994816 121.620011  3.32    8476    105
1553     2.0      4686  582.4   0.4  49.2  -9.0 274  15.2 274.1 24.994810 121.620164  3.33    8491    105
1554     3.0      4689  582.2   0.4  49.4  -8.9 274  15.1 274.1 24.994803 121.620317  3.34    8506    105
1555     3.0      4692  582.0   0.4  49.6  -8.9 274  15.1 274.1 24.994794 121.620468  3.35    8521    105
1556     2.4      4695  581.8   0.4  49.8  -8.9 274  15.1 274.1 24.994785 121.620617  3.36    8536    105
1557     2.6      4697  581.6   0.3  50.0  -8.9 274  15.1 274.1 24.994773 121.620762  3.37    8550    105
1558     2.9      4700  581.4   0.3  50.2  -8.8 274  15.1 274.0 24.994761 121.620907  3.38    8565    105
1559     2.5      4703  581.3   0.3  50.4  -8.8 274  15.0 274.0 24.994747 121.621054  3.39    8580    105
1560     2.5      4705  581.1   0.3  50.6  -8.8 274  15.0 274.0 24.994734 121.621204  3.40    8595    105
1561     2.4      4708  580.9   0.3  50.7  -8.8 275  15.0 274.0 24.994721 121.621355  3.40    8610    105
1562     3.2      4711  580.7   0.2  50.6  -8.8 275  15.0 274.0 24.994709 121.621505  3.39    8625    105
1563     2.8      4714  580.5   0.2  50.6  -8.8 275  15.0 273.9 24.994698 121.621654  3.39    8640    105
1564     2.2      4716  580.3   0.2  50.5  -8.9 275  15.0 273.9 24.994688 121.621801  3.38    8654    105
1565     2.9      4719  580.1   0.2  50.5  -8.9 275  14.9 273.9 24.994677 121.621949  3.37    8669    105
1566     2.8      4722  579.9   0.2  50.4  -8.9 275  14.9 273.9 24.994665 121.622097  3.37    8684    105
1567     2.2      4724  579.7   0.2  50.4  -8.9 275  14.9 273.9 24.994651 121.622246  3.36    8699    105
1568     2.8      4727  579.5   0.1  50.4  -8.9 275  14.9 273.9 24.994637 121.622393  3.36    8713    105
1569     2.3      4729  579.3   0.1  50.3  -9.0 275  14.9 273.8 24.994624 121.622541  3.35    8728    105
1570     3.0      4732  579.1   0.1  50.2  -9.0 275  14.9 273.8 24.994611 121.622688  3.34    8743    105
1571     3.0      4735  579.0   0.1  50.1  -9.1 275  14.9 273.8 24.994598 121.622834  3.33    8758    105
1572     2.3      4737  578.8   0.1  50.0  -9.1 275  14.8 273.8 24.994585 121.622979  3.32    8772    105
1573     1.8      4739  578.6   0.1  49.9  -9.2 275  14.8 273.8 24.994572 121.623122  3.31    8787    105
1574     3.1      4742  578.4   0.0  49.7  -9.2 275  14.8 273.7 24.994560 121.623266  3.30    8801    105
1575     3.4      4746  578.2   0.0  49.7  -9.2 275  14.8 273.7 24.994549 121.623414  3.29    8816    105
1576     1.5      4747  578.0   0.0  49.7  -9.2 275  14.8 273.7 24.994538 121.623562  3.29    8831    105
1577     2.6      4750  577.8  -0.0  49.7  -9.3 275  14.8 273.7 24.994527 121.623711  3.28    8845    105
1578     2.5      4752  577.7  -0.0  49.7  -9.3 275  14.7 273.7 24.994515 121.623860  3.28    8860    105
1579     2.6      4755  577.5  -0.1  49.7  -9.3 275  14.7 273.6 24.994503 121.624009  3.27    8875    105
1580     2.6      4757  577.3  -0.1  49.7  -9.3 275  14.7 273.6 24.994491 121.624156  3.27    8890    105
1581     3.3      4761  577.1  -0.1  49.6  -9.4 275  14.7 273.6 24.994478 121.624303  3.26    8905    105
1582     2.2      4763  576.9  -0.1  49.5  -9.4 275  14.7 273.6 24.994465 121.624451  3.25    8919    105
1583     2.5      4765  576.7  -0.1  49.2  -9.5 275  14.7 273.6 24.994451 121.624598  3.23    8934    105
1584     3.0      4768  576.5  -0.2  48.9  -9.6 275  14.7 273.5 24.994437 121.624745  3.21    8949    104
1585     2.3      4771  576.4  -0.2  48.4  -9.7 275  14.6 273.5 24.994423 121.624890  3.17    8964    104
1586     2.4      4773  576.2  -0.2  47.9  -9.9 275  14.6 273.5 24.994410 121.625030  3.13    8978    104
1587     2.5      4776  576.0  -0.2  47.4 -10.0 275  14.6 273.5 24.994396 121.625163  3.10    8991    104
1588     2.5      4778  575.8  -0.2  47.1 -10.1 275  14.6 273.5 24.994386 121.625289  3.08    9004    104
1589     3.1      4781  575.6  -0.2  46.9 -10.2 275  14.6 273.4 24.994382 121.625411  3.06    9016    104
1590     2.2      4783  575.5  -0.2  46.8 -10.2 275  14.6 273.4 24.994383 121.625531  3.05    9027    104
1591     1.9      4785  575.3  -0.3  46.7 -10.3 275  14.6 273.4 24.994383 121.625659  3.05    9040    104
1592     2.8      4788  575.1  -0.3  46.6 -10.3 275  14.6 273.4 24.994379 121.625795  3.03    9053    104
1593     2.2      4790  574.9  -0.3  46.4 -10.4 275  14.6 273.4 24.994370 121.625936  3.02    9067    104
1594     2.7      4793  574.7  -0.3  46.3 -10.4 275  14.6 273.3 24.994359 121.626080  3.01    9082    104
1595     2.1      4795  574.6  -0.3  46.3 -10.5 275  14.7 273.3 24.994347 121.626225  3.00    9096    104
1596     2.8      4798  574.4  -0.4  46.3 -10.5 275  14.7 273.3 24.994334 121.626371  3.00    9111    104
1597     2.4      4800  574.2  -0.4  46.4 -10.5 275  14.7 273.3 24.994320 121.626519  3.01    9126    104
1598     2.6      4803  574.0  -0.4  46.5 -10.5 275  14.7 273.3 24.994305 121.626665  3.01    9141    104
1599     3.4      4806  573.8  -0.4  46.5 -10.5 275  14.7 273.2 24.994290 121.626808  3.00    9155    104
1600     1.9      4808  573.6  -0.4  46.5 -10.5 275  14.8 273.2 24.994274 121.626951  3.00    9169    104
1601     2.5      4811  573.5  -0.5  46.6 -10.5 275  14.8 273.2 24.994259 121.627093  3.00    9184    104
1602     3.0      4814  573.3  -0.5  46.7 -10.5 275  14.8 273.2 24.994246 121.627236  3.01    9198    104
1603     2.4      4816  573.1  -0.5  46.8 -10.5 275  14.9 273.1 24.994236 121.627381  3.01    9213    104
1604     2.1      4818  572.9  -0.5  46.8 -10.5 275  14.9 273.1 24.994228 121.627528  3.00    9227    104
1605     2.7      4821  572.7  -0.5  46.8 -10.5 275  15.0 273.1 24.994221 121.627676  3.00    9242    104
1606     2.9      4824  572.5  -0.6  46.8 -10.5 275  15.0 273.1 24.994215 121.627825  3.00    9257    104
1607     2.6      4826  572.4  -0.6  46.8 -10.6 275  15.1 273.1 24.994208 121.627974  3.00    9272    104
1608     2.4      4829  572.2  -0.6  46.6 -10.6 275  15.1 273.1 24.994200 121.628125  2.98    9286    104
1609     2.4      4831  572.0  -0.6  46.5 -10.7 274  15.2 273.0 24.994191 121.628276  2.97    9302    104
1610     2.5      4834  571.8  -0.6  46.3 -10.7 274  15.2 273.0 24.994182 121.628428  2.95    9317    104
1611     2.8      4837  571.6  -0.7  45.9 -10.9 274  15.2 273.0 24.994173 121.628580  2.92    9332    104
1612     2.3      4839  571.5  -0.7  45.4 -11.0 274  15.3 273.0 24.994164 121.628732  2.89    9347    104
1613     2.1      4841  571.3  -0.7  44.8 -11.2 274  15.3 272.9 24.994152 121.628884  2.85    9362    104
1614     2.5      4843  571.1  -0.7  44.3 -11.4 274  15.4 272.9 24.994140 121.629036  2.81    9377    104
1615     3.6      4847  570.9  -0.7  43.7 -11.5 274  15.4 272.9 24.994127 121.629187  2.78    9393    104
1616     1.8      4849  570.7  -0.7  43.6 -11.6 274  15.5 272.9 24.994114 121.629339  2.77    9408    104
1617     3.1      4852  570.6  -0.7  43.9 -11.5 274  15.5 272.9 24.994102 121.629492  2.78    9423    104
1618     1.6      4854  570.4  -0.8  44.3 -11.4 274  15.6 272.9 24.994091 121.629647  2.80    9439    104
1619     2.1      4856  570.2  -0.8  44.6 -11.3 274  15.6 272.8 24.994081 121.629803  2.82    9454    104
1620     3.9      4859  570.0  -0.8  44.8 -11.3 274  15.6 272.8 24.994071 121.629959  2.83    9470    104
1621     2.6      4862  569.8  -0.8  45.0 -11.3 274  15.7 272.8 24.994063 121.630113  2.84    9485    104
1622     2.2      4864  569.6  -0.8  45.1 -11.3 274  15.7 272.8 24.994056 121.630267  2.85    9500    104
1623     2.6      4867  569.5  -0.8  45.1 -11.3 273  15.7 272.8 24.994050 121.630422  2.85    9516    104
1624     2.9      4870  569.3  -0.9  45.3 -11.2 273  15.8 272.8 24.994043 121.630578  2.85    9531    104
1625     2.7      4872  569.1  -0.9  45.6 -11.2 273  15.8 272.7 24.994036 121.630734  2.87    9547    104
1626     1.8      4874  568.9  -0.9  46.1 -11.0 273  15.8 272.7 24.994030 121.630890  2.90    9562    104
1627     2.6      4877  568.7  -0.9  46.8 -10.9 273  15.8 272.7 24.994023 121.631047  2.94    9578    104
1628     3.0      4880  568.6  -0.9  47.7 -10.6 273  15.9 272.7 24.994017 121.631205  2.99    9593    104
1629     2.3      4882  568.4  -0.9  48.8 -10.4 273  15.9 272.7 24.994009 121.631363  3.06    9609    104
1630     2.2      4884  568.2  -1.0  50.4 -10.0 273  15.9 272.7 24.994001 121.631520  3.16    9625    104
1631     2.6      4887  568.0  -1.0  52.0  -9.6 273  16.0 272.7 24.993993 121.631676  3.25    9640    104
1632     2.7      4890  567.8  -1.0  52.7  -9.4 273  16.0 272.7 24.993984 121.631832  3.30    9656    104
1633     2.3      4892  567.7  -1.0  52.1  -9.6 273  16.0 272.7 24.993976 121.631987  3.26    9671    104
1634     1.5      4893  567.5  -1.0  50.5 -10.0 273  16.1 272.7 24.993968 121.632142  3.16    9687    104
1635     3.3      4897  567.3  -1.0  48.7 -10.5 272  16.1 272.6 24.993961 121.632298  3.04    9702    104
1636     3.1      4900  567.1  -1.0  47.8 -10.7 272  16.1 272.6 24.993956 121.632454  2.98    9718    104
1637     1.9      4902  567.0  -1.1  47.7 -10.8 272  16.1 272.6 24.993952 121.632613  2.98    9733    104
1638     2.3      4904  566.8  -1.1  47.7 -10.8 272  16.2 272.6 24.993949 121.632772  2.97    9749    104
1639     3.1      4907  566.6  -1.1  47.7 -10.8 272  16.2 272.5 24.993947 121.632931  2.97    9765    104
1640     1.9      4909  566.4  -1.1  47.6 -10.8 272  16.2 272.5 24.993946 121.633092  2.96    9781    104
1641     2.6      4912  566.2  -1.1  47.4 -10.9 272  16.3 272.5 24.993942 121.633253  2.94    9796    104
1642     2.7      4914  566.1  -1.2  47.3 -11.0 272  16.3 272.5 24.993938 121.633415  2.93    9812    104
1643     3.3      4918  565.9  -1.2  47.1 -11.0 272  16.4 272.5 24.993932 121.633577  2.92    9829    103
1644     2.3      4920  565.7  -1.2  46.7 -11.1 272  16.4 272.4 24.993925 121.633738  2.89    9845    103
1645     2.1      4922  565.5  -1.2  45.9 -11.4 272  16.4 272.4 24.993919 121.633899  2.84    9860    103
1646     2.7      4925  565.3  -1.2  44.6 -11.8 272  16.5 272.4 24.993915 121.634060  2.75    9876    103
1647     2.8      4928  565.2  -1.2  43.1 -12.2 272  16.5 272.3 24.993911 121.634221  2.66    9892    103
1648     2.5      4930  565.0  -1.3  41.7 -12.6 272  16.5 272.3 24.993908 121.634384  2.57    9909    103
1649     2.4      4933  564.8  -1.3  41.0 -12.8 272  16.6 272.3 24.993906 121.634549  2.53    9925    103
1650     1.9      4934  564.6  -1.3  41.0 -12.8 272  16.6 272.3 24.993904 121.634715  2.52    9941    103
1651     2.4      4937  564.5  -1.3  40.4 -13.1 272  16.7 272.3 24.993902 121.634883  2.48    9958    103
1652     2.6      4939  564.3  -1.3  39.0 -13.5 272  16.7 272.3 24.993899 121.635050  2.40    9974    103
1653     2.5      4942  564.1  -1.3  37.9 -13.8 272  16.7 272.2 24.993895 121.635216  2.33    9991    103
1654     2.1      4944  564.0  -1.3  37.2 -14.1 272  16.8 272.2 24.993891 121.635380  2.29   10007    103
1655     2.2      4946  563.8  -1.3  36.9 -14.2 272  16.8 272.2 24.993887 121.635545  2.27   10023    103
1656     3.1      4949  563.6  -1.3  36.8 -14.2 272  16.8 272.2 24.993882 121.635710  2.26   10040    103
1657     1.7      4951  563.5  -1.3  36.9 -14.2 272  16.9 272.2 24.993878 121.635877  2.27   10056    103
1658     2.9      4954  563.3  -1.4  37.1 -14.1 272  16.9 272.2 24.993872 121.636044  2.28   10073    103
1659     1.6      4956  563.1  -1.4  37.3 -14.1 272  16.9 272.2 24.993865 121.636213  2.29   10089    103
1660     3.0      4958  563.0  -1.4  37.5 -14.0 272  17.0 272.1 24.993857 121.636383  2.30   10106    103
1661     1.8      4960  562.8  -1.4  37.6 -14.0 272  17.0 272.1 24.993849 121.636554  2.30   10123    103
1662     2.7      4963  562.6  -1.4  37.5 -14.1 271  17.0 272.1 24.993842 121.636726  2.29   10140    103
1663     2.4      4965  562.5  -1.4  37.6 -14.1 271  17.1 272.1 24.993836 121.636896  2.29   10157    103
1664     2.2      4968  562.3  -1.5  37.6 -14.1 271  17.1 272.1 24.993831 121.637067  2.30   10174    103
1665     2.5      4970  562.1  -1.5  37.8 -14.0 271  17.1 272.1 24.993828 121.637237  2.30   10191    103
1666     2.6      4973  561.9  -1.5  37.8 -14.0 271  17.1 272.0 24.993825 121.637408  2.30   10208    103
1667     2.8      4976  561.8  -1.5  37.9 -14.0 271  17.2 272.0 24.993823 121.637579  2.30   10225    103
1668     2.6      4978  561.6  -1.5  37.9 -14.0 271  17.2 272.0 24.993821 121.637751  2.30   10242    103
1669     2.7      4981  561.4  -1.5  37.8 -14.1 271  17.2 272.0 24.993819 121.637922  2.30   10259    103
1670     2.0      4983  561.2  -1.6  37.8 -14.1 271  17.2 272.0 24.993818 121.638092  2.29   10276    103
1671     1.6      4984  561.1  -1.6  37.8 -14.1 271  17.2 272.0 24.993817 121.638261  2.29   10292    103
1672     3.0      4987  560.9  -1.6  37.9 -14.1 271  17.3 271.9 24.993815 121.638430  2.29   10309    103
1673     2.5      4990  560.7  -1.6  37.9 -14.1 271  17.3 271.9 24.993811 121.638599  2.29   10326    103
1674     2.7      4993  560.6  -1.6  37.9 -14.1 271  17.3 271.9 24.993806 121.638769  2.29   10342    103
1675     2.0      4995  560.4  -1.6  37.9 -14.1 271  17.3 271.9 24.993801 121.638940  2.29   10359    103
1676     1.8      4997  560.2  -1.7  37.9 -14.1 271  17.3 271.9 24.993795 121.639112  2.29   10377    103
1677     2.7      4999  560.1  -1.7  38.0 -14.2 271  17.3 271.8 24.993789 121.639284  2.29   10394    103
1678     2.5      5002  559.9  -1.7  38.0 -14.2 271  17.4 271.8 24.993784 121.639455  2.29   10411    103
1679     3.0      5005  559.7  -1.7  38.1 -14.2 271  17.4 271.8 24.993781 121.639626  2.29   10428    103
1680     2.0      5007  559.6  -1.7  38.1 -14.2 271  17.4 271.8 24.993780 121.639797  2.29   10444    103
1681     2.7      5009  559.4  -1.8  38.2 -14.2 271  17.4 271.8 24.993779 121.639970  2.29   10461    103
1682     1.6      5011  559.2  -1.8  38.2 -14.2 271  17.4 271.8 24.993779 121.640143  2.29   10479    103
1683     1.9      5013  559.1  -1.8  38.4 -14.1 271  17.4 271.7 24.993780 121.640318  2.30   10496    103
1684     2.9      5016  558.9  -1.8  38.7 -14.0 271  17.4 271.7 24.993780 121.640493  2.31   10513    103
1685     3.1      5019  558.7  -1.8  39.0 -14.0 271  17.4 271.7 24.993777 121.640669  2.33   10530    103
1686     1.8      5021  558.6  -1.9  39.5 -13.8 271  17.4 271.7 24.993772 121.640844  2.36   10548    103
1687     2.2      5023  558.4  -1.9  39.9 -13.7 271  17.5 271.7 24.993766 121.641020  2.38   10565    103
1688     3.1      5026  558.2  -1.9  40.2 -13.6 271  17.5 271.6 24.993760 121.641194  2.39   10583    103
1689     2.0      5028  558.0  -1.9  40.3 -13.6 271  17.5 271.6 24.993754 121.641368  2.40   10600    103
1690     2.4      5030  557.9  -1.9  40.5 -13.6 271  17.5 271.6 24.993749 121.641540  2.40   10617    103
1691     2.3      5033  557.7  -2.0  40.6 -13.6 272  17.5 271.6 24.993745 121.641711  2.41   10634    103
1692     3.0      5036  557.5  -2.0  40.7 -13.6 272  17.5 271.6 24.993741 121.641881  2.41   10651    103
1693     2.0      5038  557.4  -2.0  40.9 -13.5 272  17.5 271.6 24.993737 121.642052  2.42   10668    103
1694     2.8      5041  557.2  -2.0  41.2 -13.5 272  17.5 271.5 24.993734 121.642226  2.43   10685    103
1695     2.5      5043  557.0  -2.0  41.7 -13.3 272  17.5 271.5 24.993730 121.642401  2.46   10702    102
1696     2.2      5045  556.9  -2.1  42.6 -13.1 272  17.5 271.5 24.993726 121.642577  2.51   10720    102
1697     2.7      5048  556.7  -2.1  44.1 -12.7 272  17.6 271.5 24.993723 121.642753  2.60   10737    102
1698     1.7      5050  556.5  -2.1  46.4 -12.1 272  17.6 271.5 24.993718 121.642928  2.73   10755    102
1699     1.9      5052  556.4  -2.1  49.0 -11.4 272  17.6 271.5 24.993713 121.643102  2.88   10772    102
1700     1.9      5054  556.2  -2.1  51.2 -10.9 272  17.6 271.5 24.993708 121.643274  3.01   10789    102
1701     3.1      5057  556.1  -2.2  52.1 -10.7 272  17.6 271.5 24.993702 121.643446  3.06   10806    102
1702     2.0      5059  555.9  -2.2  52.1 -10.7 272  17.6 271.5 24.993697 121.643618  3.05   10823    102
1703     2.5      5061  555.7  -2.2  51.8 -10.8 273  17.7 271.5 24.993692 121.643788  3.03   10840    102
1704     2.5      5064  555.5  -2.2  51.3 -10.9 273  17.7 271.4 24.993684 121.643957  3.00   10857    102
1705     3.0      5067  555.4  -2.2  50.5 -11.1 273  17.7 271.4 24.993676 121.644128  2.95   10874    102
1706     2.3      5069  555.2  -2.2  50.0 -11.2 273  17.7 271.4 24.993667 121.644300  2.92   10891    102
1707     2.2      5071  555.0  -2.2  50.0 -11.3 273  17.8 271.4 24.993657 121.644473  2.92   10909    102
1708     2.9      5074  554.9  -2.2  50.6 -11.1 273  17.8 271.4 24.993647 121.644649  2.96   10926    102
1709     1.7      5076  554.7  -2.2  51.5 -10.9 273  17.8 271.4 24.993637 121.644827  3.01   10944    102
1710     2.2      5078  554.6  -2.3  52.2 -10.7 273  17.8 271.4 24.993627 121.645006  3.05   10962    102
1711     2.6      5080  554.4  -2.3  52.8 -10.6 274  17.9 271.4 24.993617 121.645186  3.08   10980    102
1712     1.7      5082  554.3  -2.3  53.7 -10.4 274  17.9 271.4 24.993606 121.645366  3.14   10998    102
1713     2.2      5084  554.1  -2.3  55.4 -10.0 274  17.9 271.4 24.993595 121.645546  3.24   11016    102
1714     3.1      5087  553.9  -2.3  57.3  -9.6 274  17.9 271.4 24.993584 121.645725  3.35   11034    102
1715     1.2      5089  553.8  -2.3  58.8  -9.2 274  18.0 271.5 24.993573 121.645903  3.44   11052    102
1716     2.6      5091  553.6  -2.3  59.4  -9.1 274  18.0 271.5 24.993561 121.646082  3.48   11070    102
1717     2.5      5094  553.5  -2.3  59.1  -9.2 274  18.0 271.5 24.993549 121.646260  3.46   11088    102
1718     2.4      5096  553.3  -2.2  58.3  -9.3 274  18.0 271.5 24.993534 121.646437  3.42   11105    102
1719     2.5      5099  553.1  -2.2  57.1  -9.6 275  18.1 271.5 24.993518 121.646615  3.35   11123    102
1720     2.3      5101  553.0  -2.2  55.7  -9.9 275  18.1 271.5 24.993500 121.646793  3.27   11141    102
1721     3.3      5104  552.8  -2.2  54.0 -10.2 275  18.1 271.5 24.993483 121.646972  3.18   11160    102
1722     1.6      5106  552.6  -2.2  52.8 -10.5 275  18.1 271.5 24.993466 121.647151  3.11   11178    102
1723     1.9      5108  552.5  -2.1  52.0 -10.7 275  18.1 271.5 24.993450 121.647331  3.07   11196    102
1724     1.9      5110  552.3  -2.1  51.2 -10.9 275  18.1 271.5 24.993435 121.647512  3.03   11214    102
1725     2.5      5112  552.2  -2.1  50.5 -11.0 275  18.2 271.5 24.993421 121.647693  2.99   11232    102
1726     2.9      5115  552.0  -2.1  49.9 -11.2 275  18.2 271.5 24.993407 121.647874  2.96   11250    102
1727     2.0      5117  551.8  -2.1  49.4 -11.3 275  18.2 271.6 24.993394 121.648056  2.94   11269    102
1728     2.1      5119  551.7  -2.1  48.9 -11.4 275  18.2 271.6 24.993380 121.648237  2.91   11287    102
1729     2.7      5122  551.5  -2.1  48.1 -11.6 276  18.2 271.6 24.993366 121.648418  2.86   11305    102
1730     2.5      5124  551.3  -2.1  47.1 -11.8 276  18.2 271.6 24.993349 121.648599  2.81   11323    102
1731     2.2      5127  551.2  -2.0  46.2 -12.1 276  18.2 271.6 24.993331 121.648779  2.76   11342    102
1732     3.0      5130  551.0  -2.0  45.5 -12.3 276  18.2 271.6 24.993312 121.648959  2.71   11360    102
1733     2.0      5132  550.8  -2.0  44.8 -12.4 276  18.2 271.6 24.993293 121.649137  2.68   11378    102
1734     2.6      5134  550.7  -2.0  44.3 -12.6 276  18.2 271.6 24.993273 121.649315  2.65   11396    102
1735     1.7      5136  550.5  -2.0  43.9 -12.7 276  18.2 271.6 24.993254 121.649493  2.63   11414    102
1736     2.5      5138  550.3  -2.0  43.6 -12.8 276  18.2 271.6 24.993236 121.649672  2.61   11432    102
1737     2.3      5141  550.2  -2.0  43.4 -12.8 276  18.2 271.6 24.993219 121.649851  2.60   11450    102
1738     2.7      5143  550.0  -2.0  43.2 -12.9 276  18.2 271.5 24.993203 121.650030  2.58   11468    102
1739     2.9      5146  549.8  -2.0  43.0 -12.9 276  18.2 271.5 24.993188 121.650210  2.57   11486    102
1740     3.1      5149  549.6  -2.1  42.9 -13.0 276  18.3 271.5 24.993173 121.650391  2.56   11505    102
1741     2.3      5152  549.5  -2.1  42.7 -13.1 276  18.3 271.5 24.993156 121.650572  2.55   11523    102
1742     2.4      5154  549.3  -2.1  42.6 -13.1 276  18.3 271.5 24.993139 121.650753  2.54   11541    102
1743     1.9      5156  549.1  -2.1  42.7 -13.1 277  18.3 271.5 24.993121 121.650932  2.55   11559    102
1744     2.1      5158  549.0  -2.1  42.9 -13.0 277  18.3 271.5 24.993102 121.651112  2.56   11577    102
1745     2.8      5161  548.8  -2.1  43.1 -13.0 277  18.3 271.5 24.993082 121.651290  2.57   11596    102
1746     2.5      5163  548.7  -2.1  43.2 -13.0 277  18.3 271.4 24.993061 121.651468  2.57   11614    102
1747     1.8      5165  548.5  -2.1  43.2 -13.0 277  18.3 271.4 24.993039 121.651645  2.57   11632    102
1748     2.6      5168  548.3  -2.2  43.2 -13.0 277  18.3 271.4 24.993017 121.651822  2.57   11650    102
1749     2.1      5170  548.2  -2.2  43.1 -13.0 277  18.4 271.4 24.992996 121.652001  2.56   11668    102
1750     2.5      5172  548.0  -2.2  43.0 -13.1 277  18.4 271.4 24.992975 121.652181  2.55   11686    102
1751     2.5      5175  547.8  -2.2  43.0 -13.1 277  18.4 271.4 24.992955 121.652364  2.55   11705    102
1752     2.7      5178  547.7  -2.2  43.0 -13.1 277  18.4 271.3 24.992935 121.652546  2.55   11723    102
1753     2.1      5180  547.5  -2.2  43.0 -13.1 277  18.4 271.3 24.992914 121.652730  2.55   11742    102
1754     1.8      5181  547.3  -2.3  43.1 -13.1 277  18.4 271.3 24.992893 121.652914  2.55   11760    102
1755     2.8      5184  547.2  -2.3  43.2 -13.1 277  18.4 271.3 24.992872 121.653097  2.55   11779    102
1756     3.1      5187  547.0  -2.3  43.3 -13.1 277  18.5 271.3 24.992852 121.653280  2.56   11798    102
1757     2.0      5189  546.8  -2.3  43.5 -13.0 277  18.5 271.3 24.992831 121.653464  2.57   11816    102
1758     2.4      5192  546.7  -2.3  43.8 -13.0 277  18.5 271.3 24.992809 121.653649  2.58   11835    102
1759     2.2      5194  546.5  -2.3  44.1 -12.9 277  18.5 271.2 24.992788 121.653834  2.59   11854    102
1760     2.6      5197  546.3  -2.4  44.3 -12.9 277  18.5 271.2 24.992768 121.654018  2.60   11873    102
1761     3.0      5200  546.2  -2.4  44.5 -12.8 277  18.5 271.2 24.992748 121.654201  2.61   11891    102
1762     2.3      5202  546.0  -2.4  44.6 -12.8 277  18.5 271.2 24.992728 121.654385  2.62   11910    102
1763     2.9      5205  545.8  -2.4  44.6 -12.8 277  18.5 271.2 24.992709 121.654570  2.62   11928    102
1764     2.2      5207  545.6  -2.4  44.2 -12.9 277  18.5 271.2 24.992691 121.654756  2.59   11947    102
1765     2.0      5209  545.5  -2.4  43.6 -13.1 276  18.5 271.2 24.992673 121.654941  2.56   11966    102
1766     2.6      5212  545.3  -2.4  43.1 -13.3 276  18.5 271.1 24.992656 121.655126  2.52   11985    102
1767     2.1      5214  545.2  -2.4  42.7 -13.4 276  18.5 271.1 24.992639 121.655309  2.50   12003    102
1768     2.7      5216  545.0  -2.4  42.6 -13.4 276  18.5 271.1 24.992623 121.655490  2.49   12021    102
1769     2.4      5219  544.8  -2.5  42.4 -13.5 276  18.5 271.1 24.992607 121.655669  2.48   12040    102
1770     2.3      5221  544.7  -2.5  41.9 -13.7 276  18.6 271.1 24.992592 121.655847  2.45   12057    102
1771     2.0      5223  544.5  -2.5  41.2 -13.9 276  18.6 271.1 24.992577 121.656025  2.41   12075    102
1772     2.6      5226  544.3  -2.5  40.5 -14.1 276  18.6 271.0 24.992562 121.656204  2.36   12093    102
1773     2.6      5228  544.2  -2.5  39.7 -14.4 276  18.6 271.0 24.992547 121.656383  2.31   12111    102
1774     1.7      5230  544.0  -2.5  38.4 -14.8 276  18.6 271.0 24.992531 121.656563  2.24   12130    102
1775     2.2      5232  543.9  -2.5  36.9 -15.3 276  18.6 271.0 24.992516 121.656744  2.15   12148    102
1776     3.0      5235  543.7  -2.5  36.0 -15.6 276  18.6 271.0 24.992501 121.656926  2.10   12166    102
1777     2.6      5238  543.5  -2.5  35.9 -15.6 276  18.6 271.0 24.992485 121.657109  2.09   12185    102
1778     2.8      5241  543.3  -2.6  36.0 -15.6 276  18.6 270.9 24.992467 121.657292  2.09   12203    102
1779     2.5      5243  543.2  -2.6  35.7 -15.7 276  18.6 270.9 24.992449 121.657476  2.08   12222    102
1780     3.2      5246  543.0  -2.6  35.0 -15.9 276  18.7 270.9 24.992431 121.657661  2.03   12241    102
1781     1.9      5248  542.8  -2.6  34.2 -16.2 276  18.7 270.9 24.992413 121.657845  1.99   12259    102
1782     2.1      5250  542.7  -2.6  33.7 -16.4 276  18.7 270.9 24.992395 121.658029  1.96   12278    102
1783     2.2      5252  542.5  -2.6  33.5 -16.5 276  18.7 270.8 24.992375 121.658211  1.94   12296    102
1784     2.4      5255  542.3  -2.6  33.3 -16.6 276  18.8 270.8 24.992357 121.658393  1.93   12315    102
1785     2.4      5257  542.2  -2.7  33.3 -16.6 276  18.8 270.8 24.992338 121.658574  1.92   12333    102
1786     2.1      5259  542.0  -2.7  33.1 -16.7 276  18.8 270.8 24.992321 121.658754  1.92   12351    102
1787     1.9      5261  541.9  -2.7  33.0 -16.8 276  18.8 270.8 24.992305 121.658934  1.90   12369    102
1788     2.6      5264  541.7  -2.7  32.8 -16.8 276  18.9 270.8 24.992289 121.659115  1.89   12388    102
1789     2.4      5266  541.6  -2.7  32.6 -16.9 276  18.9 270.8 24.992274 121.659297  1.88   12406    102
1790     2.3      5269  541.4  -2.7  32.5 -17.0 276  19.0 270.7 24.992260 121.659480  1.87   12425    102
1791     2.2      5271  541.2  -2.7  32.4 -17.0 276  19.0 270.7 24.992246 121.659665  1.87   12443    101
1792     2.7      5273  541.1  -2.8  32.3 -17.1 276  19.0 270.7 24.992232 121.659851  1.86   12462    101
1793     2.3      5276  540.9  -2.8  32.1 -17.2 276  19.1 270.7 24.992218 121.660037  1.84   12481    101
1794     2.1      5278  540.7  -2.8  31.6 -17.3 276  19.1 270.7 24.992204 121.660224  1.82   12499    101
1795     2.2      5280  540.6  -2.8  31.4 -17.4 276  19.2 270.6 24.992189 121.660411  1.80   12518    101
1796     3.7      5284  540.4  -2.8  31.3 -17.5 276  19.2 270.6 24.992174 121.660599  1.79   12537    101
1797     2.6      5286  540.3  -2.8  31.0 -17.6 276  19.3 270.6 24.992158 121.660787  1.78   12556    101
1798     1.1      5288  540.1  -2.9  30.7 -17.8 276  19.3 270.6 24.992141 121.660976  1.75   12575    101
1799     1.8      5289  539.9  -2.9  30.6 -17.8 276  19.3 270.6 24.992124 121.661164  1.75   12594    101
1800     3.0      5292  539.8  -2.9  30.7 -17.8 276  19.4 270.6 24.992107 121.661354  1.75   12614    101
1801     2.8      5295  539.6  -2.9  30.7 -17.8 276  19.4 270.5 24.992089 121.661546  1.75   12633    101
1802     2.5      5298  539.4  -2.9  30.4 -17.9 276  19.4 270.5 24.992070 121.661739  1.74   12652    101
1803     2.2      5300  539.3  -2.9  29.9 -18.1 276  19.5 270.5 24.992050 121.661932  1.71   12672    101
1804     2.1      5302  539.1  -2.9  29.3 -18.4 276  19.5 270.5 24.992030 121.662126  1.67   12692    101
1805     3.1      5305  538.9  -3.0  28.7 -18.7 276  19.5 270.5 24.992011 121.662319  1.63   12711    101
1806     2.7      5308  538.8  -3.0  28.2 -18.9 275  19.6 270.4 24.991991 121.662513  1.60   12731    101
1807     2.6      5310  538.6  -3.0  28.1 -18.9 275  19.6 270.4 24.991971 121.662707  1.59   12750    101
1808     2.3      5313  538.4  -3.0  27.8 -19.0 275  19.6 270.4 24.991951 121.662902  1.58   12770    101
1809     3.0      5316  538.2  -3.0  27.2 -19.3 275  19.6 270.4 24.991931 121.663098  1.54   12790    101
1810     1.9      5317  538.1  -3.0  26.3 -19.7 275  19.6 270.4 24.991911 121.663294  1.49   12810    101
1811     2.1      5320  537.9  -3.0  25.7 -20.0 275  19.6 270.4 24.991892 121.663490  1.46   12830    101
1812     2.5      5322  537.7  -3.0  25.6 -20.1 275  19.6 270.4 24.991874 121.663686  1.45   12850    101
1813     2.4      5325  537.6  -3.0  25.7 -20.0 275  19.6 270.4 24.991856 121.663882  1.46   12869    101
1814     2.9      5327  537.4  -3.0  25.8 -20.0 274  19.6 270.4 24.991840 121.664077  1.46   12889    101
1815     1.7      5329  537.3  -3.0  25.6 -20.0 274  19.6 270.4 24.991825 121.664272  1.45   12909    101
1816     2.8      5332  537.1  -3.0  25.3 -20.2 274  19.6 270.3 24.991812 121.664467  1.43   12928    101
1817     2.0      5334  536.9  -3.1  25.2 -20.2 274  19.6 270.3 24.991802 121.664661  1.43   12948    101
1818     2.4      5336  536.8  -3.1  25.8 -20.0 274  19.6 270.3 24.991793 121.664854  1.46   12967    101
1819     1.8      5338  536.6  -3.1  26.8 -19.5 274  19.6 270.3 24.991785 121.665047  1.52   12986    101
1820     3.1      5341  536.5  -3.1  27.4 -19.3 273  19.6 270.3 24.991776 121.665239  1.56   13006    101
1821     2.4      5344  536.3  -3.1  27.5 -19.2 273  19.6 270.4 24.991767 121.665431  1.56   13025    101
1822     2.3      5346  536.1  -3.1  27.2 -19.3 273  19.5 270.4 24.991758 121.665623  1.55   13044    101
1823     2.1      5348  536.0  -3.1  27.0 -19.5 273  19.5 270.3 24.991749 121.665815  1.53   13063    101
1824     2.5      5351  535.8  -3.1  26.5 -19.7 273  19.5 270.3 24.991740 121.666008  1.50   13083    101
1825     2.7      5353  535.6  -3.1  25.7 -20.1 272  19.5 270.3 24.991732 121.666202  1.45   13102    101
1826     3.0      5356  535.5  -3.1  24.7 -20.5 272  19.5 270.3 24.991725 121.666397  1.40   13122    101
1827     1.5      5358  535.3  -3.1  24.0 -20.8 272  19.4 270.3 24.991717 121.666593  1.37   13141    101
1828     2.5      5360  535.1  -3.1  23.7 -21.0 272  19.4 270.3 24.991710 121.666788  1.35   13161    101
1829     2.5      5363  535.0  -3.0  23.3 -21.2 271  19.4 270.3 24.991704 121.666982  1.32   13180    101
1830     3.1      5366  534.8  -3.0  22.9 -21.3 271  19.4 270.3 24.991699 121.667174  1.30   13199    101
1831     2.1      5368  534.7  -3.0  22.6 -21.5 271  19.4 270.3 24.991696 121.667362  1.29   13218    101
1832     2.4      5370  534.5  -3.0  22.3 -21.6 271  19.4 270.3 24.991695 121.667549  1.27   13236    101
1833     2.5      5373  534.3  -3.0  21.8 -21.9 271  19.4 270.3 24.991695 121.667735  1.24   13255    101
1834     2.6      5375  534.2  -3.0  21.1 -22.3 270  19.3 270.3 24.991694 121.667922  1.20   13273    101
1835     2.4      5378  534.0  -3.0  20.4 -22.7 270  19.3 270.3 24.991695 121.668109  1.16   13292    101
1836     1.7      5380  533.8  -3.0  20.4 -22.7 270  19.3 270.3 24.991696 121.668298  1.16   13311    101
1837     2.9      5382  533.7  -3.0  20.7 -22.5 270  19.3 270.3 24.991697 121.668487  1.18   13329    101
1838     2.3      5385  533.5  -3.0  21.1 -22.3 270  19.3 270.3 24.991698 121.668679  1.21   13348    101
1839     2.8      5388  533.3  -3.0  21.2 -22.2 269  19.3 270.3 24.991701 121.668872  1.21   13367    101
1840     2.7      5390  533.2  -3.0  21.2 -22.2 269  19.3 270.3 24.991704 121.669065  1.21   13387    101
1841     2.2      5393  533.0  -3.0  21.3 -22.2 269  19.3 270.3 24.991708 121.669259  1.22   13406    101
1842     2.8      5395  532.8  -3.0  21.6 -22.0 269  19.3 270.3 24.991712 121.669452  1.24   13425    101
1843     2.7      5398  532.7  -3.1  22.2 -21.7 269  19.3 270.3 24.991715 121.669645  1.27   13444    101
1844     1.8      5400  532.5  -3.1  22.9 -21.4 268  19.3 270.3 24.991720 121.669837  1.30   13463    101
1845     2.5      5402  532.3  -3.1  23.6 -21.0 268  19.3 270.3 24.991725 121.670030  1.35   13482    101
1846     2.4      5405  532.2  -3.1  24.4 -20.7 268  19.3 270.3 24.991731 121.670222  1.39   13501    101
1847     2.4      5407  532.0  -3.1  25.1 -20.3 268  19.3 270.3 24.991738 121.670414  1.43   13520    101
1848     2.7      5410  531.8  -3.1  25.6 -20.1 268  19.3 270.3 24.991745 121.670605  1.46   13539    101
1849     2.5      5412  531.7  -3.1  25.9 -20.0 268  19.3 270.3 24.991752 121.670796  1.47   13557    101
1850     2.6      5415  531.5  -3.1  26.0 -19.9 267  19.3 270.3 24.991761 121.670986  1.48   13576    101
1851     2.6      5417  531.3  -3.1  26.2 -19.9 267  19.3 270.2 24.991769 121.671175  1.49   13595    101
1852     2.5      5420  531.2  -3.2  26.3 -19.8 267  19.3 270.2 24.991779 121.671365  1.50   13613    101
1853     2.5      5422  531.0  -3.2  26.5 -19.8 267  19.3 270.2 24.991790 121.671557  1.50   13632    101
1854     2.6      5425  530.8  -3.2  26.7 -19.7 267  19.3 270.2 24.991803 121.671749  1.51   13651    101
1855     2.1      5427  530.7  -3.2  26.8 -19.7 267  19.3 270.2 24.991816 121.671941  1.52   13670    101
1856     2.3      5429  530.5  -3.3  27.1 -19.6 266  19.3 270.1 24.991829 121.672132  1.53   13688    101
1857     2.3      5432  530.4  -3.3  27.3 -19.5 266  19.3 270.1 24.991841 121.672321  1.54   13707    101
1858     1.9      5434  530.2  -3.3  27.6 -19.4 266  19.3 270.1 24.991853 121.672510  1.56   13726    101
1859     2.5      5436  530.1  -3.3  27.8 -19.3 266  19.3 270.1 24.991866 121.672698  1.57   13744    101
1860     2.1      5438  529.9  -3.3  27.9 -19.3 266  19.3 270.1 24.991880 121.672886  1.57   13762    101
1861     2.5      5441  529.7  -3.3  28.0 -19.3 266  19.3 270.1 24.991894 121.673075  1.58   13781    101
1862     2.3      5443  529.6  -3.3  28.1 -19.2 266  19.3 270.1 24.991908 121.673265  1.58   13799    101
1863     2.3      5445  529.4  -3.4  28.3 -19.2 266  19.3 270.1 24.991922 121.673456  1.59   13818    100
1864     2.8      5448  529.3  -3.4  28.5 -19.1 266  19.2 270.0 24.991936 121.673648  1.60   13837    100
1865     3.0      5451  529.1  -3.4  28.7 -19.0 266  19.2 270.0 24.991950 121.673842  1.61   13856    100
1866     2.0      5453  528.9  -3.4  29.1 -18.9 265  19.2 270.0 24.991963 121.674036  1.63   13875    100
1867     2.8      5456  528.8  -3.4  29.5 -18.7 265  19.2 270.0 24.991976 121.674230  1.65   13894    100
1868     2.8      5459  528.6  -3.4  30.0 -18.5 265  19.2 270.0 24.991990 121.674424  1.68   13913    100
1869     1.6      5460  528.4  -3.4  30.5 -18.3 265  19.2 270.0 24.992003 121.674618  1.71   13932    100
1870     2.7      5463  528.3  -3.4  30.9 -18.2 265  19.2 270.0 24.992018 121.674810  1.73   13951    100
1871     2.5      5465  528.1  -3.5  31.1 -18.1 265  19.2 270.0 24.992034 121.675000  1.74   13969    100
1872     2.3      5468  527.9  -3.5  31.3 -18.1 265  19.2 270.0 24.992052 121.675188  1.75   13988    100
1873     2.4      5470  527.8  -3.5  31.4 -18.1 265  19.2 269.9 24.992071 121.675374  1.75   14006    100
1874     2.6      5473  527.6  -3.5  31.4 -18.1 265  19.2 269.9 24.992089 121.675559  1.75   14024    100
1875     2.3      5475  527.4  -3.5  31.1 -18.2 265  19.2 269.9 24.992105 121.675742  1.74   14042    100
1876     3.0      5478  527.3  -3.5  30.8 -18.3 265  19.2 269.9 24.992120 121.675925  1.72   14060    100
1877     2.3      5480  527.1  -3.5  30.7 -18.4 265  19.2 269.9 24.992134 121.676109  1.71   14078    100
1878     2.3      5483  527.0  -3.6  30.7 -18.4 265  19.2 269.9 24.992148 121.676294  1.70   14096    100
1879     3.0      5486  526.8  -3.6  30.6 -18.4 265  19.2 269.8 24.992161 121.676482  1.70   14114    100
1880     1.1      5487  526.6  -3.6  30.5 -18.5 265  19.2 269.8 24.992174 121.676672  1.69   14133    100
1881     1.9      5489  526.5  -3.6  30.4 -18.5 265  19.2 269.8 24.992188 121.676864  1.69   14152    100
1882     3.3      5492  526.3  -3.6  30.3 -18.6 265  19.2 269.8 24.992202 121.677057  1.68   14171    100
1883     2.8      5495  526.2  -3.7  30.2 -18.7 265  19.3 269.8 24.992217 121.677250  1.67   14189    100
1884     2.6      5497  526.0  -3.7  30.2 -18.7 265  19.3 269.8 24.992231 121.677442  1.67   14208    100
1885     1.5      5499  525.8  -3.7  30.5 -18.6 265  19.3 269.7 24.992245 121.677633  1.69   14227    100
1886     3.0      5502  525.7  -3.7  31.1 -18.4 265  19.3 269.7 24.992261 121.677823  1.71   14246    100
1887     2.5      5504  525.5  -3.7  31.8 -18.1 265  19.3 269.7 24.992277 121.678013  1.75   14264    100
1888     2.1      5506  525.4  -3.8  32.3 -18.0 265  19.3 269.7 24.992294 121.678202  1.78   14283    100
1889     2.2      5509  525.2  -3.8  32.5 -17.9 265  19.3 269.7 24.992312 121.678391  1.78   14301    100
1890     2.8      5511  525.0  -3.8  32.6 -17.9 265  19.3 269.6 24.992329 121.678579  1.79   14320    100
1891     2.6      5514  524.9  -3.8  32.8 -17.8 265  19.3 269.6 24.992345 121.678766  1.80   14338    100
1892     2.5      5516  524.7  -3.8  33.1 -17.8 265  19.3 269.6 24.992361 121.678954  1.81   14356    100
1893     1.9      5518  524.6  -3.9  33.3 -17.7 265  19.3 269.6 24.992375 121.679143  1.82   14375    100
1894     2.7      5521  524.4  -3.9  33.5 -17.6 265  19.3 269.6 24.992389 121.679333  1.83   14393    100
1895     2.3      5523  524.2  -3.9  33.7 -17.6 265  19.3 269.6 24.992401 121.679525  1.84   14412    100
1896     2.3      5526  524.1  -3.9  33.7 -17.6 266  19.4 269.5 24.992413 121.679717  1.84   14431    100
1897     2.8      5528  523.9  -3.9  33.7 -17.6 266  19.4 269.5 24.992425 121.679909  1.84   14450    100
1898     2.4      5531  523.7  -3.9  33.8 -17.6 265  19.4 269.5 24.992438 121.680102  1.84   14469    100
1899     2.1      5533  523.6  -4.0  33.9 -17.6 265  19.4 269.5 24.992450 121.680296  1.84   14488    100
1900     2.7      5536  523.4  -4.0  34.0 -17.6 265  19.4 269.5 24.992463 121.680489  1.84   14507    100
1901     2.7      5538  523.3  -4.0  33.9 -17.6 265  19.4 269.5 24.992476 121.680681  1.84   14526    100
1902     2.9      5541  523.1  -4.0  34.0 -17.6 265  19.4 269.4 24.992490 121.680872  1.84   14545    100
1903     2.2      5543  522.9  -4.0  34.3 -17.5 265  19.4 269.4 24.992504 121.681061  1.85   14563    100
1904     2.0      5545  522.8  -4.1  34.5 -17.4 265  19.4 269.4 24.992518 121.681250  1.86   14582    100
1905     2.7      5548  522.6  -4.1  34.5 -17.5 265  19.5 269.4 24.992531 121.681436  1.86   14600    100
1906     2.3      5550  522.4  -4.1  34.4 -17.5 265  19.5 269.4 24.992544 121.681623  1.85   14619    100
1907     2.6      5553  522.3  -4.1  34.3 -17.6 265  19.5 269.3 24.992556 121.681810  1.85   14637    100
1908     2.2      5555  522.1  -4.1  34.4 -17.5 265  19.5 269.3 24.992570 121.681998  1.85   14656    100
1909     2.7      5558  522.0  -4.1  34.4 -17.5 265  19.5 269.3 24.992584 121.682189  1.85   14674    100
1910     2.5      5560  521.8  -4.2  34.5 -17.5 265  19.5 269.3 24.992598 121.682383  1.85   14693    100
1911     1.9      5562  521.6  -4.2  34.7 -17.5 265  19.5 269.3 24.992614 121.682578  1.86   14713    100
1912     2.2      5565  521.5  -4.2  34.9 -17.4 265  19.5 269.3 24.992631 121.682775  1.87   14732    100
1913     2.9      5567  521.3  -4.2  35.1 -17.4 265  19.5 269.2 24.992648 121.682973  1.88   14751     99
1914     2.5      5570  521.2  -4.2  35.2 -17.4 265  19.5 269.2 24.992665 121.683170  1.88   14771     99
1915     1.8      5572  521.0  -4.3  35.2 -17.4 265  19.5 269.2 24.992681 121.683365  1.88   14790     99
1916     2.3      5574  520.9  -4.3  35.3 -17.4 265  19.5 269.2 24.992697 121.683559  1.88   14809     99
1917     2.7      5577  520.7  -4.3  35.4 -17.3 264  19.5 269.2 24.992714 121.683752  1.89   14828     99
1918     2.4      5579  520.5  -4.3  35.5 -17.3 264  19.5 269.2 24.992731 121.683945  1.89   14847     99
1919     2.4      5582  520.4  -4.3  35.8 -17.3 264  19.5 269.1 24.992750 121.684137  1.90   14865     99
1920     2.5      5584  520.2  -4.3  35.9 -17.2 264  19.5 269.1 24.992769 121.684329  1.91   14884     99
1921     3.1      5587  520.0  -4.4  36.0 -17.2 264  19.5 269.1 24.992790 121.684520  1.91   14903     99
1922     2.5      5590  519.9  -4.4  36.1 -17.2 264  19.5 269.1 24.992811 121.684710  1.92   14921     99
1923     1.9      5591  519.7  -4.4  36.4 -17.1 264  19.5 269.1 24.992831 121.684899  1.93   14940     99
1924     2.7      5594  519.6  -4.4  36.6 -17.1 264  19.5 269.0 24.992852 121.685089  1.94   14958     99
1925     2.2      5596  519.4  -4.4  36.6 -17.1 264  19.5 269.0 24.992872 121.685279  1.94   14977     99
1926     2.8      5599  519.2  -4.5  36.6 -17.1 264  19.5 269.0 24.992893 121.685469  1.93   14996     99
1927     2.9      5602  519.1  -4.5  36.5 -17.1 264  19.5 269.0 24.992915 121.685661  1.93   15014     99
1928     2.1      5604  518.9  -4.5  36.4 -17.2 264  19.5 269.0 24.992936 121.685852  1.92   15033     99
1929     2.2      5606  518.7  -4.5  36.2 -17.3 264  19.5 268.9 24.992958 121.686042  1.90   15052     99
1930     2.1      5608  518.6  -4.5  36.1 -17.3 263  19.5 268.9 24.992978 121.686230  1.90   15070     99
1931     2.9      5611  518.4  -4.5  36.1 -17.3 263  19.5 268.9 24.992999 121.686414  1.90   15088     99
1932     2.7      5614  518.2  -4.6  36.0 -17.4 263  19.5 268.9 24.993021 121.686596  1.89   15106     99
1933     2.0      5616  518.1  -4.6  36.1 -17.4 263  19.5 268.9 24.993045 121.686775  1.89   15123     99
1934     2.7      5619  517.9  -4.6  36.2 -17.4 263  19.5 268.9 24.993068 121.686959  1.89   15141     99
1935     3.6      5622  517.8  -4.6  36.3 -17.3 263  19.5 268.8 24.993089 121.687152  1.90   15160     99
1936     2.0      5624  517.6  -4.6  36.5 -17.3 263  19.6 268.8 24.993110 121.687352  1.90   15180     99
1937     2.2      5627  517.4  -4.7  36.6 -17.3 263  19.6 268.8 24.993130 121.687550  1.91   15199     99
1938     2.4      5629  517.3  -4.7  36.8 -17.2 263  19.6 268.8 24.993150 121.687743  1.92   15218     99
1939     2.2      5631  517.1  -4.7  37.0 -17.2 263  19.6 268.8 24.993171 121.687934  1.93   15237     99
1940     2.5      5634  517.0  -4.7  37.0 -17.2 263  19.6 268.7 24.993191 121.688126  1.93   15256     99
1941     2.3      5636  516.8  -4.7  36.9 -17.2 263  19.6 268.7 24.993211 121.688317  1.92   15274     99
1942     2.1      5638  516.6  -4.8  36.8 -17.3 263  19.6 268.7 24.993232 121.688509  1.91   15293     99
1943     3.1      5641  516.5  -4.8  36.3 -17.5 263  19.6 268.7 24.993253 121.688702  1.88   15312     99
1944     2.8      5644  516.3  -4.8  35.5 -17.7 263  19.6 268.7 24.993274 121.688897  1.84   15331     99
1945     2.1      5646  516.2  -4.8  34.7 -18.0 263  19.6 268.6 24.993295 121.689092  1.80   15350     99
1946     2.0      5648  516.0  -4.8  34.2 -18.2 263  19.6 268.6 24.993316 121.689287  1.77   15369     99
1947     2.0      5650  515.9  -4.8  34.0 -18.3 263  19.6 268.6 24.993336 121.689481  1.75   15388     99
1948     2.5      5652  515.7  -4.9  34.0 -18.3 263  19.6 268.6 24.993357 121.689674  1.75   15407     99
1949     2.5      5655  515.5  -4.9  34.0 -18.3 263  19.6 268.6 24.993378 121.689866  1.75   15426     99
1950     2.8      5658  515.4  -4.9  34.2 -18.3 263  19.6 268.5 24.993399 121.690058  1.76   15445     99
1951     2.4      5660  515.2  -4.9  34.3 -18.3 263  19.7 268.5 24.993422 121.690250  1.76   15464     99
1952     2.5      5663  515.1  -4.9  34.3 -18.3 263  19.7 268.5 24.993446 121.690441  1.76   15482     99
1953     1.9      5665  514.9  -5.0  34.1 -18.4 263  19.7 268.5 24.993469 121.690632  1.75   15501     99
1954     2.1      5667  514.8  -5.0  33.9 -18.5 263  19.7 268.5 24.993491 121.690824  1.73   15520     99
1955     2.9      5670  514.6  -5.0  33.7 -18.6 263  19.7 268.4 24.993514 121.691016  1.72   15539     99
1956     2.3      5672  514.4  -5.0  33.4 -18.7 263  19.7 268.4 24.993536 121.691209  1.71   15558     99
1957     2.9      5675  514.3  -5.0  33.0 -18.9 263  19.7 268.4 24.993558 121.691404  1.68   15577     99
1958     2.6      5677  514.1  -5.1  32.4 -19.1 263  19.7 268.4 24.993580 121.691597  1.65   15596     99
1959     2.2      5680  514.0  -5.1  32.1 -19.2 263  19.7 268.3 24.993601 121.691791  1.64   15615     99
1960     2.0      5682  513.8  -5.1  32.3 -19.1 263  19.7 268.3 24.993621 121.691983  1.64   15634     99
1961     3.1      5685  513.6  -5.1  32.5 -19.1 263  19.7 268.3 24.993641 121.692175  1.65   15652     99
1962     2.4      5687  513.5  -5.1  32.4 -19.1 263  19.7 268.3 24.993660 121.692367  1.65   15671     99
1963     1.7      5689  513.3  -5.1  32.3 -19.2 263  19.7 268.3 24.993681 121.692559  1.64   15690     98
1964     2.5      5691  513.2  -5.1  32.1 -19.3 263  19.7 268.3 24.993703 121.692751  1.63   15709     98
1965     1.9      5693  513.0  -5.2  32.1 -19.3 263  19.7 268.3 24.993726 121.692945  1.63   15728     98
1966     2.5      5696  512.9  -5.2  32.3 -19.2 263  19.7 268.2 24.993749 121.693140  1.63   15747     98
1967     1.8      5697  512.7  -5.2  32.4 -19.2 263  19.7 268.2 24.993770 121.693337  1.64   15766     98
1968     2.8      5700  512.6  -5.2  32.5 -19.2 263  19.7 268.2 24.993791 121.693535  1.64   15786     98
1969     2.1      5702  512.4  -5.2  32.5 -19.2 263  19.7 268.2 24.993812 121.693733  1.64   15805     98
1970     2.2      5705  512.3  -5.2  32.0 -19.4 262  19.7 268.2 24.993834 121.693929  1.62   15825     98
1971     2.5      5707  512.1  -5.3  31.3 -19.7 262  19.8 268.2 24.993856 121.694124  1.58   15844     98
1972     2.6      5710  512.0  -5.3  30.8 -19.9 262  19.8 268.1 24.993880 121.694317  1.55   15863     98
1973     2.6      5712  511.8  -5.3  30.8 -19.9 262  19.8 268.1 24.993906 121.694510  1.55   15881     98
1974     2.0      5714  511.7  -5.3  31.1 -19.8 262  19.8 268.1 24.993932 121.694702  1.56   15900     98
1975     3.2      5717  511.5  -5.3  31.3 -19.7 262  19.8 268.1 24.993959 121.694895  1.57   15919     98
1976     2.3      5720  511.3  -5.4  31.4 -19.7 262  19.8 268.0 24.993988 121.695086  1.57   15938     98
1977     1.9      5722  511.2  -5.4  31.5 -19.7 262  19.8 268.0 24.994018 121.695274  1.58   15956     98
1978     2.3      5724  511.0  -5.4  31.9 -19.6 262  19.8 268.0 24.994047 121.695461  1.59   15974     98
1979     2.8      5727  510.9  -5.4  32.5 -19.4 262  19.8 268.0 24.994076 121.695648  1.62   15993     98
1980     2.3      5729  510.7  -5.5  33.3 -19.1 262  19.8 268.0 24.994102 121.695838  1.65   16011     98
1981     2.3      5731  510.6  -5.5  33.9 -18.9 262  19.8 267.9 24.994127 121.696030  1.68   16030     98
1982     2.0      5733  510.4  -5.5  34.4 -18.8 262  19.8 267.9 24.994151 121.696227  1.70   16049     98
1983     2.8      5736  510.2  -5.5  34.7 -18.7 262  19.8 267.9 24.994175 121.696425  1.72   16069     98
1984     3.1      5739  510.1  -5.5  34.9 -18.6 262  19.8 267.9 24.994199 121.696624  1.73   16088     98
1985     1.7      5741  509.9  -5.6  34.8 -18.7 262  19.8 267.9 24.994222 121.696824  1.72   16108     98
1986     3.0      5744  509.8  -5.6  34.7 -18.7 262  19.8 267.8 24.994244 121.697022  1.71   16127     98
1987     2.9      5747  509.6  -5.6  34.4 -18.8 262  19.8 267.8 24.994268 121.697220  1.70   16147     98
1988     1.8      5749  509.4  -5.6  34.2 -18.9 262  19.8 267.8 24.994293 121.697415  1.69   16166     98
1989     2.2      5751  509.3  -5.6  34.2 -18.9 262  19.8 267.8 24.994320 121.697606  1.69   16185     98
1990     2.3      5753  509.1  -5.6  34.4 -18.9 262  19.8 267.8 24.994347 121.697796  1.69   16203     98
1991     2.6      5756  509.0  -5.7  34.5 -18.9 262  19.8 267.8 24.994373 121.697986  1.69   16222     98
1992     2.6      5758  508.8  -5.7  34.5 -18.9 262  19.8 267.8 24.994400 121.698179  1.69   16241     98
1993     2.2      5761  508.7  -5.7  34.2 -19.0 262  19.8 267.7 24.994427 121.698378  1.68   16260     98
1994     2.7      5763  508.5  -5.7  33.4 -19.3 262  19.9 267.7 24.994453 121.698582  1.64   16280     98
1995     2.4      5766  508.3  -5.7  32.2 -19.7 262  19.9 267.7 24.994481 121.698784  1.58   16300     98
1996     2.3      5768  508.2  -5.7  31.1 -20.1 262  19.9 267.7 24.994509 121.698983  1.53   16320     98
1997     2.5      5770  508.0  -5.7  30.4 -20.4 262  19.9 267.7 24.994537 121.699179  1.49   16339     98
1998     2.2      5773  507.9  -5.7  30.1 -20.5 262  19.9 267.7 24.994566 121.699375  1.48   16358     98
1999     2.3      5775  507.7  -5.7  30.1 -20.5 262  19.9 267.6 24.994594 121.699570  1.47   16377     98
2000     2.5      5778  507.6  -5.8  30.3 -20.5 262  19.9 267.6 24.994621 121.699765  1.48   16396     98
2001     2.7      5780  507.4  -5.8  30.4 -20.4 262  19.9 267.6 24.994647 121.699957  1.49   16415     98
2002     2.6      5783  507.2  -5.8  30.1 -20.6 262  19.9 267.6 24.994673 121.700147  1.47   16434     98
2003     2.0      5785  507.1  -5.8  29.2 -21.0 262  19.9 267.6 24.994700 121.700335  1.42   16452     98
2004     2.3      5787  506.9  -5.8  28.4 -21.3 262  19.9 267.5 24.994726 121.700523  1.38   16471     98
2005     2.6      5790  506.8  -5.9  28.2 -21.4 261  19.9 267.5 24.994752 121.700712  1.37   16489     98
2006     2.7      5793  506.6  -5.9  28.2 -21.4 261  19.9 267.5 24.994779 121.700904  1.37   16508     98
2007     2.2      5795  506.4  -5.9  28.2 -21.4 261  19.9 267.5 24.994805 121.701098  1.37   16527     98
2008     2.2      5797  506.3  -5.9  28.2 -21.5 261  19.9 267.5 24.994832 121.701294  1.36   16546     98
2009     2.4      5799  506.1  -5.9  28.1 -21.5 261  19.9 267.4 24.994858 121.701494  1.36   16566     98
2010     2.5      5802  506.0  -6.0  28.1 -21.5 261  19.9 267.4 24.994885 121.701695  1.36   16586     98
2011     2.9      5805  505.8  -6.0  28.0 -21.6 261  19.9 267.4 24.994913 121.701895  1.35   16605     98
2012     2.6      5807  505.7  -6.0  27.9 -21.6 261  19.9 267.4 24.994942 121.702093  1.34   16625     98
2013     1.9      5809  505.5  -6.0  27.5 -21.8 261  19.9 267.4 24.994972 121.702289  1.32   16644     98
2014     2.3      5811  505.3  -6.0  27.1 -22.0 261  19.9 267.3 24.995002 121.702484  1.30   16663     97
2015     3.2      5815  505.2  -6.0  26.8 -22.2 261  19.9 267.3 24.995033 121.702678  1.29   16682     97
2016     2.1      5817  505.0  -6.1  26.5 -22.3 261  19.9 267.3 24.995064 121.702870  1.27   16701     97
2017     2.2      5819  504.9  -6.1  26.3 -22.4 261  19.9 267.3 24.995093 121.703063  1.26   16720     97
2018     2.9      5822  504.7  -6.1  26.2 -22.5 261  19.9 267.2 24.995120 121.703256  1.25   16739     97
2019     2.1      5824  504.6  -6.1  26.1 -22.5 261  19.9 267.2 24.995144 121.703450  1.24   16758     97
2020     2.8      5827  504.4  -6.2  25.8 -22.7 261  19.9 267.2 24.995169 121.703645  1.23   16777     97
2021     2.0      5829  504.2  -6.2  25.6 -22.8 261  19.9 267.2 24.995195 121.703840  1.22   16796     97
2022     2.9      5832  504.1  -6.2  25.3 -22.9 260  19.9 267.1 24.995221 121.704037  1.21   16815     97
2023     2.7      5834  503.9  -6.2  25.1 -23.0 260  19.9 267.1 24.995248 121.704233  1.19   16835     97
2024     2.0      5836  503.8  -6.2  25.0 -23.1 260  19.9 267.1 24.995277 121.704427  1.19   16854     97
2025     2.6      5839  503.6  -6.3  25.0 -23.1 260  19.9 267.1 24.995306 121.704619  1.18   16873     97
2026     2.7      5842  503.4  -6.3  24.9 -23.2 260  19.9 267.1 24.995337 121.704810  1.18   16891     97
2027     2.5      5844  503.3  -6.3  24.9 -23.2 260  19.9 267.0 24.995370 121.705000  1.18   16910     97
2028     1.9      5846  503.1  -6.3  25.0 -23.2 260  19.9 267.0 24.995403 121.705190  1.18   16928     97
2029     2.2      5848  503.0  -6.4  25.1 -23.2 260  19.9 267.0 24.995438 121.705381  1.18   16947     97
2030     2.7      5851  502.8  -6.4  25.3 -23.1 260  19.9 267.0 24.995474 121.705573  1.19   16966     97
2031     2.6      5853  502.7  -6.4  25.5 -23.0 260  19.9 267.0 24.995508 121.705766  1.20   16985     97
2032     2.7      5856  502.5  -6.4  25.6 -23.0 260  19.9 266.9 24.995542 121.705961  1.20   17004     97
2033     2.8      5859  502.3  -6.4  25.8 -22.9 260  19.9 266.9 24.995575 121.706157  1.21   17023     97
2034     2.3      5861  502.2  -6.5  26.0 -22.8 260  19.9 266.9 24.995606 121.706354  1.22   17042     97
2035     2.9      5864  502.0  -6.5  26.2 -22.8 260  19.9 266.9 24.995637 121.706551  1.23   17062     97
2036     2.4      5867  501.8  -6.5  26.4 -22.7 260  20.0 266.9 24.995666 121.706748  1.23   17081     97
2037     2.7      5869  501.7  -6.5  26.5 -22.7 260  20.0 266.8 24.995694 121.706944  1.24   17100     97
2038     1.9      5871  501.5  -6.5  26.4 -22.7 260  20.0 266.8 24.995722 121.707138  1.23   17119     97
2039     2.8      5874  501.4  -6.5  26.2 -22.8 261  20.0 266.8 24.995750 121.707332  1.22   17138     97
2040     1.9      5876  501.2  -6.6  26.0 -22.9 261  20.0 266.8 24.995779 121.707526  1.21   17157     97
2041     2.0      5878  501.1  -6.6  25.6 -23.1 261  20.0 266.8 24.995807 121.707721  1.19   17177     97
2042     2.7      5881  500.9  -6.6  25.1 -23.4 261  20.0 266.7 24.995837 121.707917  1.16   17196     97
2043     2.1      5883  500.8  -6.6  24.4 -23.7 261  20.1 266.7 24.995866 121.708115  1.13   17215     97
2044     3.3      5886  500.6  -6.6  23.8 -24.0 261  20.1 266.7 24.995896 121.708314  1.10   17235     97
2045     1.8      5888  500.4  -6.7  23.1 -24.3 261  20.1 266.7 24.995926 121.708514  1.07   17255     97
2046     2.8      5891  500.3  -6.7  22.4 -24.7 261  20.1 266.6 24.995954 121.708713  1.04   17274     97
2047     2.9      5893  500.1  -6.7  21.6 -25.1 261  20.1 266.6 24.995980 121.708912  1.00   17294     97
2048     3.1      5897  499.9  -6.7  20.7 -25.6 261  20.2 266.6 24.996006 121.709111  0.96   17313     97
2049     1.9      5898  499.8  -6.7  20.0 -26.0 261  20.2 266.6 24.996034 121.709309  0.92   17333     97
2050     2.5      5901  499.6  -6.7  19.7 -26.2 261  20.2 266.6 24.996062 121.709504  0.91   17352     97
2051     2.4      5903  499.5  -6.7  19.7 -26.2 261  20.2 266.6 24.996090 121.709698  0.91   17371     97
2052     2.0      5905  499.3  -6.8  19.9 -26.1 261  20.3 266.5 24.996118 121.709891  0.92   17390     97
2053     2.8      5908  499.2  -6.8  20.4 -25.8 261  20.3 266.5 24.996146 121.710082  0.94   17409     97
2054     2.5      5911  499.0  -6.8  21.1 -25.5 261  20.3 266.5 24.996174 121.710274  0.97   17428     97
2055     2.4      5913  498.9  -6.8  21.9 -25.1 261  20.3 266.5 24.996203 121.710467  1.00   17447     97
2056     1.2      5914  498.7  -6.9  22.9 -24.6 260  20.4 266.5 24.996232 121.710662  1.05   17466     97
2057     3.2      5917  498.5  -6.9  24.1 -24.1 260  20.4 266.5 24.996261 121.710859  1.10   17486     97
2058     3.4      5921  498.4  -6.9  24.9 -23.7 260  20.4 266.4 24.996292 121.711060  1.14   17505     97
2059     2.1      5923  498.2  -6.9  25.1 -23.6 260  20.5 266.4 24.996322 121.711264  1.14   17525     97
2060     2.9      5926  498.0  -6.9  25.2 -23.6 260  20.5 266.4 24.996354 121.711469  1.15   17546     97
2061     2.3      5928  497.9  -7.0  25.4 -23.5 260  20.6 266.4 24.996386 121.711674  1.16   17566     97
2062     2.5      5931  497.7  -7.0  25.8 -23.4 260  20.6 266.4 24.996420 121.711879  1.17   17586     97
2063     3.2      5934  497.5  -7.0  26.4 -23.1 260  20.7 266.3 24.996454 121.712082  1.20   17606     97
2064     2.0      5936  497.4  -7.0  27.3 -22.8 260  20.7 266.3 24.996488 121.712283  1.23   17626     97
2065     2.4      5938  497.2  -7.0  28.2 -22.4 260  20.7 266.3 24.996523 121.712483  1.28   17645     97
2066     2.8      5941  497.1  -7.1  29.1 -22.1 260  20.8 266.3 24.996558 121.712682  1.31   17665     96
2067     2.6      5944  496.9  -7.1  29.5 -22.0 260  20.8 266.3 24.996594 121.712881  1.33   17684     96
2068     2.6      5946  496.8  -7.1  29.5 -21.9 260  20.9 266.3 24.996631 121.713081  1.33   17704     96
2069     2.2      5948  496.6  -7.1  29.9 -21.8 260  20.9 266.3 24.996667 121.713282  1.35   17724     96
2070     2.5      5951  496.4  -7.1  30.2 -21.7 260  21.0 266.2 24.996702 121.713486  1.36   17744     96
2071     2.0      5953  496.3  -7.1  30.1 -21.8 260  21.1 266.2 24.996735 121.713691  1.35   17764     96
2072     1.7      5955  496.1  -7.2  29.4 -22.0 260  21.1 266.2 24.996769 121.713897  1.32   17784     96
2073     3.2      5958  496.0  -7.2  28.6 -22.4 260  21.2 266.2 24.996803 121.714104  1.28   17804     96
2074     2.5      5960  495.8  -7.2  27.9 -22.7 260  21.2 266.2 24.996837 121.714310  1.25   17825     96
2075     2.8      5963  495.7  -7.2  27.6 -22.8 260  21.3 266.1 24.996871 121.714517  1.24   17845     96
2076     2.8      5966  495.5  -7.2  27.4 -22.9 260  21.3 266.1 24.996906 121.714723  1.23   17865     96
2077     2.9      5969  495.3  -7.2  27.2 -23.0 260  21.4 266.1 24.996942 121.714929  1.22   17886     96
2078     2.7      5971  495.2  -7.2  27.1 -23.0 260  21.4 266.1 24.996979 121.715136  1.21   17906     96
2079     1.7      5973  495.0  -7.2  27.1 -23.1 260  21.4 266.1 24.997015 121.715345  1.21   17927     96
2080     2.4      5975  494.8  -7.3  27.0 -23.1 260  21.5 266.1 24.997052 121.715556  1.21   17947     96
2081     2.8      5978  494.7  -7.3  26.7 -23.2 260  21.5 266.1 24.997088 121.715768  1.19   17968     96
2082     3.1      5981  494.5  -7.3  26.4 -23.4 260  21.6 266.0 24.997124 121.715981  1.18   17989     96
2083     2.0      5983  494.4  -7.3  26.1 -23.5 260  21.6 266.0 24.997160 121.716194  1.16   18010     96
2084     1.4      5985  494.2  -7.3  25.9 -23.6 260  21.7 266.0 24.997197 121.716407  1.15   18031     96
2085     2.5      5987  494.1  -7.3  25.3 -23.9 260  21.7 266.0 24.997235 121.716620  1.13   18052     96
2086     2.8      5990  493.9  -7.3  24.3 -24.3 260  21.7 266.0 24.997273 121.716834  1.08   18073     96
2087     2.6      5993  493.8  -7.3  23.3 -24.8 260  21.8 266.0 24.997309 121.717049  1.04   18094     96
2088     2.3      5995  493.6  -7.3  22.5 -25.2 260  21.8 266.0 24.997346 121.717264  1.01   18115     96
2089     3.0      5998  493.4  -7.3  21.6 -25.6 260  21.8 266.0 24.997382 121.717479  0.97   18137     96
2090     2.2      6000  493.3  -7.3  20.4 -26.3 260  21.9 266.0 24.997420 121.717692  0.91   18158     96
2091     2.8      6003  493.1  -7.3  18.9 -27.1 260  21.9 266.0 24.997457 121.717905  0.84   18179     96
2092     2.3      6005  493.0  -7.3  17.3 -28.1 260  21.9 266.0 24.997494 121.718118  0.77   18200     96
2093     2.5      6008  492.8  -7.3  15.9 -29.0 260  22.0 266.0 24.997529 121.718331  0.71   18221     96
2094     3.8      6012  492.6  -7.3  14.8 -29.7 260  22.0 266.0 24.997564 121.718543  0.66   18241     96
2095     2.7      6014  492.5  -7.2  13.8 -30.4 260  22.0 266.0 24.997599 121.718754  0.62   18262     96
2096     2.0      6016  492.3  -7.2  13.0 -31.1 260  22.0 266.0 24.997633 121.718964  0.59   18283     96
2097     1.7      6018  492.2  -7.2  12.5 -31.5 259  22.1 266.0 24.997668 121.719174  0.56   18304     96
2098     2.1      6020  492.0  -7.2  12.0 -31.9 259  22.1 266.0 24.997702 121.719385  0.54   18325     96
2099     2.7      6023  491.9  -7.3  11.5 -32.3 259  22.1 266.0 24.997737 121.719598  0.52   18345     96
2100     2.5      6025  491.7  -7.3  11.1 -32.7 259  22.2 266.0 24.997771 121.719811  0.50   18367     96
2101     2.6      6028  491.5  -7.3  10.8 -33.0 259  22.2 266.0 24.997805 121.720025  0.49   18388     96
2102     2.5      6030  491.4  -7.3  10.6 -33.2 259  22.2 266.0 24.997839 121.720241  0.48   18409     96
2103     2.7      6033  491.2  -7.3  10.6 -33.3 259  22.2 265.9 24.997873 121.720458  0.47   18430     96
2104     2.7      6036  491.1  -7.3  10.8 -33.1 259  22.3 265.9 24.997908 121.720676  0.48   18452     96
2105     2.9      6039  490.9  -7.3  11.1 -32.8 259  22.3 265.9 24.997944 121.720895  0.50   18474     96
2106     2.1      6041  490.7  -7.3  11.1 -32.8 259  22.3 265.9 24.997980 121.721115  0.50   18495     96
2107     2.7      6043  490.6  -7.4  10.8 -33.1 259  22.4 265.9 24.998015 121.721335  0.48   18517     96
2108     3.0      6046  490.4  -7.4  10.4 -33.5 259  22.4 265.9 24.998051 121.721555  0.46   18539     96
2109     2.2      6048  490.2  -7.4   9.9 -34.0 259  22.4 265.8 24.998088 121.721774  0.44   18560     96
2110     2.7      6051  490.1  -7.4   9.6 -34.4 258  22.5 265.8 24.998126 121.721992  0.43   18582     96
2111     3.3      6054  489.9  -7.4   9.3 -34.6 258  22.5 265.8 24.998167 121.722211  0.42   18603     96
2112     2.5      6057  489.7  -7.4   9.2 -34.8 258  22.5 265.8 24.998209 121.722429  0.41   18625     96
2113     2.1      6059  489.6  -7.4   9.1 -34.9 258  22.6 265.8 24.998252 121.722645  0.41   18646     96
2114     2.4      6061  489.4  -7.4   9.1 -34.9 258  22.6 265.8 24.998295 121.722861  0.40   18667     96
2115     2.6      6064  489.3  -7.5   9.0 -35.0 258  22.6 265.8 24.998338 121.723078  0.40   18689     96
2116     2.5      6067  489.1  -7.5   9.0 -35.0 258  22.7 265.8 24.998382 121.723296  0.40   18710     95
2117     2.5      6069  488.9  -7.5   9.2 -34.8 258  22.7 265.7 24.998426 121.723516  0.41   18732     95
2118     2.7      6072  488.8  -7.5   9.6 -34.4 257  22.7 265.7 24.998471 121.723737  0.43   18754     95
2119     1.9      6074  488.6  -7.5  10.0 -34.0 257  22.8 265.7 24.998516 121.723957  0.44   18775     95
2120     2.3      6076  488.5  -7.5  10.4 -33.6 257  22.8 265.7 24.998562 121.724176  0.46   18797     95
2121     3.0      6079  488.3  -7.5  10.8 -33.2 257  22.8 265.7 24.998609 121.724394  0.48   18818     95
2122     2.9      6082  488.2  -7.5  11.4 -32.6 257  22.9 265.7 24.998657 121.724613  0.51   18840     95
2123     2.3      6084  488.0  -7.5  12.2 -31.9 257  22.9 265.7 24.998705 121.724831  0.54   18861     95
2124     2.6      6087  487.9  -7.5  12.7 -31.5 257  22.9 265.7 24.998754 121.725050  0.56   18883     95
2125     2.3      6089  487.7  -7.5  12.6 -31.7 257  23.0 265.7 24.998803 121.725270  0.56   18904     95
2126     1.4      6091  487.5  -7.5  12.1 -32.1 257  23.0 265.7 24.998853 121.725491  0.54   18926     95
2127     3.2      6094  487.4  -7.6  11.6 -32.5 257  23.0 265.7 24.998905 121.725713  0.52   18948     95
2128     2.8      6096  487.2  -7.6  11.4 -32.7 256  23.1 265.7 24.998958 121.725936  0.50   18970     95
2129     2.7      6099  487.1  -7.6  11.3 -32.8 256  23.1 265.7 24.999013 121.726159  0.50   18992     95
2130     2.2      6101  486.9  -7.6  11.4 -32.7 256  23.2 265.7 24.999067 121.726383  0.50   19014     95
2131     3.0      6104  486.8  -7.6  11.5 -32.6 256  23.2 265.7 24.999122 121.726607  0.51   19036     95
2132     2.4      6107  486.6  -7.6  11.7 -32.4 256  23.2 265.6 24.999176 121.726829  0.52   19058     95
2133     1.3      6108  486.4  -7.6  12.1 -32.2 256  23.3 265.6 24.999231 121.727050  0.53   19079     95
2134     3.5      6112  486.3  -7.6  12.5 -31.8 256  23.3 265.6 24.999286 121.727268  0.55   19101     95
2135     2.1      6114  486.1  -7.6  12.9 -31.4 256  23.4 265.6 24.999340 121.727485  0.57   19122     95
2136     2.7      6116  486.0  -7.6  13.3 -31.2 256  23.4 265.6 24.999392 121.727703  0.59   19143     95
2137     2.7      6119  485.8  -7.6  13.5 -31.0 256  23.4 265.6 24.999441 121.727924  0.60   19165     95
2138     2.4      6122  485.7  -7.6  13.6 -30.9 256  23.5 265.6 24.999487 121.728148  0.60   19187     95
2139     1.9      6123  485.5  -7.6  13.6 -30.9 256  23.5 265.6 24.999530 121.728374  0.60   19210     95
2140     3.0      6126  485.4  -7.6  13.7 -30.9 256  23.6 265.6 24.999574 121.728600  0.60   19232     95
2141     3.1      6129  485.2  -7.6  14.2 -30.5 256  23.6 265.6 24.999620 121.728825  0.63   19254     95
2142     2.3      6132  485.0  -7.6  15.4 -29.6 256  23.7 265.6 24.999668 121.729049  0.68   19276     95
2143     2.5      6134  484.9  -7.6  18.1 -27.9 256  23.7 265.6 24.999718 121.729274  0.80   19298     95
2144     2.2      6136  484.7  -7.6  22.4 -25.5 256  23.8 265.7 24.999770 121.729499  0.99   19321     95
2145     2.0      6138  484.6  -7.6  26.9 -23.5 256  23.8 265.7 24.999823 121.729727  1.19   19343     95
2146     2.5      6141  484.4  -7.6  30.3 -22.1 256  23.9 265.7 24.999877 121.729957  1.34   19366     95
2147     2.9      6144  484.3  -7.6  32.6 -21.3 256  23.9 265.8 24.999932 121.730189  1.45   19389     95
2148     2.6      6146  484.1  -7.6  33.8 -20.9 256  23.9 265.8 24.999987 121.730424  1.50   19412     95
2149     2.5      6149  483.9  -7.6  33.5 -21.0 256  24.0 265.8 25.000040 121.730660  1.49   19435     95
2150     3.2      6152  483.8  -7.6  32.1 -21.5 256  24.0 265.7 25.000093 121.730896  1.42   19458     95
2151     2.6      6155  483.6  -7.7  30.0 -22.3 256  24.1 265.7 25.000148 121.731131  1.33   19481     95
2152     1.6      6156  483.5  -7.7  28.0 -23.1 256  24.1 265.7 25.000202 121.731366  1.24   19505     95
2153     2.3      6159  483.3  -7.7  26.6 -23.6 255  24.1 265.7 25.000256 121.731599  1.18   19527     95
2154     3.0      6162  483.2  -7.7  26.2 -23.8 255  24.2 265.7 25.000307 121.731831  1.16   19550     95
2155     2.6      6164  483.0  -7.7  27.1 -23.4 255  24.2 265.7 25.000359 121.732062  1.20   19573     95
2156     2.5      6167  482.8  -7.7  28.9 -22.7 255  24.2 265.7 25.000413 121.732293  1.28   19596     95
2157     1.8      6169  482.7  -7.7  31.4 -21.8 255  24.3 265.7 25.000468 121.732523  1.39   19619     95
2158     3.5      6172  482.5  -7.7  33.9 -20.9 255  24.3 265.7 25.000524 121.732753  1.50   19641     95
2159     2.5      6175  482.4  -7.7  35.9 -20.3 255  24.3 265.7 25.000582 121.732983  1.59   19664     95
2160     2.5      6177  482.2  -7.7  37.1 -19.9 255  24.3 265.7 25.000641 121.733214  1.64   19687     94
2161     3.0      6180  482.0  -7.7  38.0 -19.6 255  24.4 265.7 25.000702 121.733446  1.68   19710     94
2162     2.4      6183  481.9  -7.8  39.8 -19.1 255  24.4 265.7 25.000762 121.733680  1.76   19733     94
2163     2.3      6185  481.7  -7.8  42.3 -18.4 255  24.4 265.7 25.000821 121.733913  1.87   19756     94
2164     3.0      6188  481.5  -7.8  44.9 -17.7 255  24.4 265.7 25.000881 121.734147  1.98   19779     94
2165     2.6      6191  481.4  -7.8  47.2 -17.1 255  24.4 265.7 25.000941 121.734381  2.09   19802     94
2166     2.8      6193  481.2  -7.8  49.6 -16.5 255  24.4 265.7 25.001002 121.734614  2.19   19825     94
2167     1.7      6195  481.1  -7.8  51.9 -16.0 255  24.4 265.7 25.001062 121.734848  2.29   19848     94
2168     3.1      6198  480.9  -7.8  53.7 -15.6 255  24.5 265.7 25.001123 121.735081  2.36   19871     94
2169     2.8      6201  480.7  -7.9  55.1 -15.3 255  24.5 265.7 25.001183 121.735314  2.43   19894     94
2170     2.4      6203  480.6  -7.9  56.7 -15.0 255  24.5 265.7 25.001242 121.735546  2.49   19917     94
2171     2.4      6206  480.4  -7.9  58.7 -14.6 255  24.5 265.7 25.001301 121.735778  2.58   19940     94
2172     2.4      6208  480.3  -7.9  60.8 -14.2 255  24.5 265.7 25.001359 121.736009  2.67   19962     94
2173     2.4      6211  480.1  -7.9  62.2 -13.9 255  24.5 265.7 25.001418 121.736242  2.73   19985     94
2174     3.1      6214  480.0  -8.0  63.3 -13.7 255  24.5 265.6 25.001476 121.736475  2.77   20008     94
2175     2.4      6216  479.8  -8.0  64.5 -13.5 255  24.5 265.6 25.001535 121.736710  2.82   20032     94
2176     2.8      6219  479.6  -8.0  66.2 -13.2 255  24.5 265.6 25.001594 121.736946  2.89   20055     94
2177     1.9      6221  479.5  -8.0  67.9 -12.9 255  24.4 265.6 25.001654 121.737184  2.96   20078     94
2178     2.8      6224  479.3  -8.0  69.1 -12.7 255  24.4 265.6 25.001713 121.737421  3.01   20102     94
2179     2.6      6226  479.2  -8.1  69.6 -12.6 255  24.4 265.6 25.001773 121.737658  3.03   20125     94
2180     2.5      6229  479.0  -8.1  69.7 -12.6 255  24.4 265.6 25.001831 121.737892  3.03   20148     94
2181     2.5      6231  478.8  -8.1  69.7 -12.7 255  24.4 265.5 25.001889 121.738125  3.03   20171     94
2182     3.0      6234  478.7  -8.1  69.6 -12.7 255  24.4 265.5 25.001947 121.738357  3.02   20194     94
2183     2.8      6237  478.5  -8.1  69.5 -12.7 255  24.4 265.5 25.002004 121.738589  3.01   20217     94
2184     2.1      6239  478.4  -8.2  69.6 -12.7 255  24.4 265.5 25.002060 121.738822  3.01   20240     94
2185     1.8      6241  478.2  -8.2  69.6 -12.7 255  24.4 265.5 25.002116 121.739055  3.01   20263     94
2186     3.0      6244  478.0  -8.2  69.8 -12.7 255  24.4 265.4 25.002172 121.739287  3.01   20286     94
2187     2.9      6247  477.9  -8.2  69.9 -12.7 255  24.4 265.4 25.002226 121.739520  3.01   20309     94
2188     2.9      6250  477.7  -8.3  70.1 -12.7 255  24.3 265.4 25.002280 121.739752  3.01   20332     94
2189     3.0      6253  477.6  -8.3  70.2 -12.7 255  24.3 265.4 25.002334 121.739983  3.01   20355     94
2190     2.5      6255  477.4  -8.3  70.3 -12.8 256  24.3 265.3 25.002388 121.740213  3.01   20378     94
2191     2.3      6258  477.2  -8.3  70.3 -12.8 256  24.3 265.3 25.002443 121.740443  3.01   20401     94
2192     2.5      6260  477.1  -8.3  70.4 -12.8 256  24.3 265.3 25.002498 121.740673  3.01   20424     94
2193     2.7      6263  476.9  -8.4  70.4 -12.8 256  24.3 265.3 25.002553 121.740905  3.01   20447     94
2194     2.8      6266  476.7  -8.4  70.4 -12.8 256  24.3 265.2 25.002609 121.741139  3.00   20470     94
2195     3.1      6269  476.6  -8.4  70.3 -12.9 256  24.3 265.2 25.002664 121.741374  2.99   20493     94
2196     2.6      6271  476.4  -8.4  70.1 -12.9 256  24.3 265.2 25.002719 121.741609  2.98   20517     94
2197     2.8      6274  476.2  -8.5  69.9 -13.0 256  24.3 265.2 25.002774 121.741844  2.97   20540     94
2198     3.0      6277  476.0  -8.5  69.7 -13.0 256  24.3 265.2 25.002827 121.742077  2.95   20563     94
2199     2.3      6279  475.9  -8.5  69.1 -13.2 256  24.3 265.1 25.002878 121.742311  2.93   20586     94
2200     2.3      6282  475.7  -8.5  67.7 -13.4 257  24.3 265.1 25.002928 121.742544  2.87   20609     94
2201     3.8      6286  475.5  -8.5  65.7 -13.8 257  24.3 265.1 25.002977 121.742775  2.78   20632     94
2202     3.3      6289  475.3  -8.5  64.2 -14.1 257  24.3 265.1 25.003028 121.743006  2.71   20655     94
2203     2.3      6291  475.2  -8.5  63.6 -14.2 257  24.3 265.0 25.003078 121.743236  2.69   20678     94
2204     3.2      6294  475.0  -8.6  63.4 -14.3 257  24.3 265.0 25.003126 121.743467  2.68   20701     93
2205     3.9      6298  474.8  -8.6  62.8 -14.4 257  24.3 265.0 25.003173 121.743699  2.65   20724     93
2206     2.6      6301  474.6  -8.6  61.9 -14.6 257  24.3 265.0 25.003220 121.743933  2.61   20747     93
2207     2.7      6304  474.4  -8.6  60.6 -14.8 257  24.3 265.0 25.003267 121.744167  2.55   20771     93
2208     2.1      6306  474.3  -8.6  58.7 -15.3 258  24.3 264.9 25.003315 121.744401  2.47   20794     93
2209     2.7      6308  474.1  -8.6  57.1 -15.6 258  24.3 264.9 25.003363 121.744637  2.40   20817     93
2210     2.9      6311  473.9  -8.6  55.8 -15.9 258  24.4 264.9 25.003410 121.744875  2.35   20841     93
2211     2.9      6314  473.8  -8.6  53.9 -16.3 258  24.4 264.9 25.003456 121.745114  2.26   20865     93
2212     3.0      6317  473.6  -8.6  51.9 -16.8 258  24.4 264.9 25.003500 121.745355  2.18   20889     93
2213     2.3      6320  473.4  -8.6  50.2 -17.2 258  24.4 264.8 25.003543 121.745594  2.11   20913     93
2214     2.9      6322  473.3  -8.7  48.4 -17.6 258  24.4 264.8 25.003587 121.745833  2.03   20937     93
2215     2.9      6325  473.1  -8.7  47.3 -17.9 258  24.4 264.8 25.003632 121.746071  1.98   20960     93
2216     2.2      6328  472.9  -8.7  47.0 -18.0 258  24.4 264.8 25.003677 121.746309  1.97   20984     93
2217     2.5      6330  472.8  -8.7  46.9 -18.0 259  24.4 264.8 25.003722 121.746547  1.97   21008     93
2218     3.2      6333  472.6  -8.7  46.8 -18.1 259  24.4 264.8 25.003768 121.746785  1.96   21032     93
2219     2.7      6336  472.4  -8.7  46.7 -18.1 259  24.4 264.8 25.003814 121.747023  1.96   21055     93
2220     2.8      6339  472.3  -8.7  46.7 -18.1 259  24.4 264.7 25.003859 121.747262  1.95   21079     93
2221     3.1      6342  472.1  -8.7  46.7 -18.1 259  24.4 264.7 25.003903 121.747501  1.95   21103     93
2222     2.4      6344  471.9  -8.7  46.7 -18.1 259  24.4 264.7 25.003944 121.747741  1.95   21127     93
2223     2.2      6346  471.8  -8.8  46.7 -18.1 259  24.4 264.7 25.003984 121.747980  1.95   21151     93
2224     3.3      6350  471.6  -8.8  46.8 -18.1 259  24.4 264.7 25.004023 121.748220  1.95   21175     93
2225     2.1      6352  471.5  -8.8  47.0 -18.1 259  24.4 264.7 25.004061 121.748459  1.96   21199     93
2226     3.0      6355  471.3  -8.8  47.2 -18.1 259  24.4 264.6 25.004098 121.748699  1.96   21223     93
2227     2.4      6357  471.1  -8.8  47.5 -18.0 259  24.4 264.6 25.004136 121.748939  1.97   21247     93
2228     2.5      6360  471.0  -8.9  47.8 -17.9 259  24.4 264.6 25.004175 121.749178  1.99   21270     93
2229     2.7      6363  470.8  -8.9  48.3 -17.8 259  24.4 264.6 25.004215 121.749416  2.01   21294     93
2230     2.5      6365  470.7  -8.9  48.8 -17.7 259  24.4 264.6 25.004258 121.749653  2.03   21318     93
2231     2.7      6368  470.5  -8.9  49.1 -17.7 259  24.4 264.6 25.004301 121.749889  2.04   21341     93
2232     3.0      6371  470.3  -8.9  49.2 -17.6 259  24.4 264.6 25.004344 121.750123  2.04   21365     93
2233     2.5      6373  470.2  -8.9  49.2 -17.7 259  24.3 264.6 25.004388 121.750356  2.04   21388     93
2234     2.5      6376  470.0  -8.9  49.4 -17.6 259  24.3 264.6 25.004432 121.750591  2.04   21411     93
2235     2.1      6378  469.9  -9.0  49.8 -17.5 259  24.3 264.5 25.004476 121.750826  2.06   21435     93
2236     2.8      6381  469.7  -9.0  50.7 -17.4 259  24.3 264.5 25.004520 121.751061  2.09   21458     93
2237     3.3      6384  469.5  -9.0  51.7 -17.1 259  24.3 264.5 25.004562 121.751295  2.13   21482     93
2238     2.8      6387  469.4  -9.0  52.4 -17.0 259  24.3 264.5 25.004603 121.751531  2.16   21505     93
2239     3.0      6390  469.2  -9.0  52.3 -17.0 259  24.3 264.5 25.004643 121.751768  2.15   21529     93
2240     1.9      6392  469.0  -9.0  51.2 -17.3 259  24.3 264.5 25.004682 121.752005  2.10   21553     93
2241     3.1      6395  468.9  -9.0  49.3 -17.8 259  24.3 264.4 25.004722 121.752242  2.03   21577     93
2242     2.5      6397  468.7  -9.0  48.0 -18.1 259  24.2 264.4 25.004761 121.752479  1.97   21600     93
2243     2.9      6400  468.5  -9.1  47.7 -18.2 259  24.2 264.4 25.004802 121.752714  1.96   21624     93
2244     2.4      6402  468.4  -9.1  47.8 -18.1 259  24.2 264.4 25.004845 121.752946  1.96   21647     93
2245     2.5      6405  468.2  -9.1  47.8 -18.2 259  24.2 264.4 25.004889 121.753178  1.96   21670     93
2246     3.6      6408  468.0  -9.1  47.8 -18.2 259  24.2 264.4 25.004934 121.753410  1.96   21693     93
2247     2.9      6411  467.9  -9.1  47.8 -18.2 259  24.2 264.3 25.004976 121.753643  1.95   21716     93
2248     3.0      6414  467.7  -9.2  47.8 -18.2 259  24.2 264.3 25.005014 121.753880  1.95   21740     93
2249     2.9      6417  467.5  -9.2  47.8 -18.2 259  24.2 264.3 25.005045 121.754122  1.95   21764     93
2250     2.4      6420  467.4  -9.2  47.8 -18.3 259  24.2 264.2 25.005078 121.754363  1.94   21789     93
2251     2.6      6422  467.2  -9.2  47.8 -18.3 259  24.2 264.2 25.005115 121.754600  1.94   21812     93
2252     2.5      6425  467.0  -9.3  47.8 -18.3 259  24.3 264.2 25.005156 121.754835  1.94   21836     93
2253     3.4      6428  466.9  -9.3  47.9 -18.3 259  24.3 264.2 25.005196 121.755070  1.94   21859     93
2254     2.4      6431  466.7  -9.3  47.9 -18.3 259  24.3 264.2 25.005237 121.755306  1.94   21883     93
2255     2.3      6433  466.5  -9.3  47.9 -18.4 259  24.3 264.1 25.005279 121.755543  1.93   21907     93
2256     3.0      6436  466.4  -9.4  47.8 -18.4 259  24.3 264.1 25.005321 121.755782  1.93   21931     93
2257     2.8      6439  466.2  -9.4  47.7 -18.5 259  24.3 264.1 25.005365 121.756021  1.92   21954     93
2258     2.6      6441  466.1  -9.4  47.5 -18.5 259  24.3 264.0 25.005411 121.756260  1.91   21978     93
2259     2.4      6444  465.9  -9.4  47.4 -18.6 258  24.3 264.0 25.005457 121.756498  1.90   22002     93
2260     3.0      6447  465.7  -9.5  47.1 -18.7 258  24.3 264.0 25.005503 121.756735  1.89   22026     93
2261     2.3      6449  465.6  -9.5  46.8 -18.8 258  24.3 264.0 25.005548 121.756972  1.87   22049     93
2262     3.2      6452  465.4  -9.5  46.6 -18.8 258  24.3 264.0 25.005592 121.757208  1.86   22073     93
2263     2.3      6454  465.3  -9.5  46.4 -18.9 258  24.4 263.9 25.005636 121.757442  1.85   22097     93
2264     2.5      6457  465.1  -9.5  46.3 -19.0 258  24.4 263.9 25.005679 121.757676  1.84   22120     93
2265     2.9      6460  464.9  -9.6  46.4 -19.0 258  24.4 263.9 25.005721 121.757910  1.84   22143     93
2266     2.6      6462  464.8  -9.6  46.8 -18.9 258  24.4 263.9 25.005763 121.758145  1.86   22167     93
2267     2.8      6465  464.6  -9.6  47.7 -18.7 258  24.4 263.9 25.005806 121.758380  1.89   22190     92
2268     2.1      6467  464.5  -9.6  49.1 -18.3 258  24.4 263.8 25.005849 121.758616  1.95   22214     92
2269     3.0      6470  464.3  -9.7  51.1 -17.9 258  24.5 263.8 25.005894 121.758853  2.02   22238     92
2270     3.2      6474  464.1  -9.7  53.6 -17.4 258  24.5 263.8 25.005940 121.759090  2.12   22261     92
2271     2.7      6476  464.0  -9.7  56.2 -16.8 258  24.5 263.8 25.005987 121.759327  2.21   22285     92
2272     2.4      6479  463.8  -9.8  58.3 -16.4 258  24.5 263.8 25.006035 121.759564  2.29   22309     92
2273     3.5      6482  463.6  -9.8  60.1 -16.1 259  24.6 263.7 25.006083 121.759800  2.36   22332     92
2274     2.8      6485  463.4  -9.8  61.5 -15.8 259  24.6 263.7 25.006130 121.760036  2.41   22356     92
2275     2.0      6487  463.2  -9.9  62.5 -15.7 259  24.6 263.7 25.006177 121.760269  2.44   22379     92
2276     3.5      6491  463.1  -9.9  63.1 -15.6 259  24.7 263.6 25.006222 121.760501  2.46   22403     92
2277     3.7      6494  462.9  -9.9  63.3 -15.6 259  24.7 263.6 25.006267 121.760733  2.46   22426     92
2278     3.1      6497  462.7 -10.0  63.3 -15.6 259  24.7 263.6 25.006309 121.760965  2.46   22449     92
2279     3.4      6501  462.5 -10.0  63.3 -15.6 259  24.8 263.6 25.006349 121.761200  2.46   22473     92
2280     2.3      6503  462.4 -10.0  63.3 -15.7 259  24.8 263.6 25.006388 121.761438  2.45   22496     92
2281     3.0      6506  462.2 -10.0  63.0 -15.7 259  24.9 263.5 25.006428 121.761679  2.44   22521     92
2282     2.8      6509  462.0 -10.0  62.7 -15.8 259  24.9 263.5 25.006470 121.761923  2.43   22545     92
2283     2.4      6511  461.8 -10.1  62.6 -15.8 259  25.0 263.5 25.006514 121.762169  2.42   22570     92
2284     2.4      6514  461.7 -10.1  62.6 -15.9 259  25.0 263.5 25.006558 121.762416  2.41   22594     92
2285     3.3      6517  461.5 -10.1  62.6 -15.9 259  25.0 263.4 25.006602 121.762662  2.41   22619     92
2286     3.1      6520  461.4 -10.1  62.6 -15.9 259  25.1 263.4 25.006647 121.762907  2.40   22644     92
2287     2.4      6522  461.2 -10.2  62.8 -15.9 259  25.2 263.4 25.006692 121.763151  2.41   22668     92
2288     2.4      6525  461.0 -10.2  63.0 -15.9 259  25.2 263.4 25.006736 121.763396  2.41   22693     92
2289     3.6      6528  460.9 -10.2  63.2 -15.9 259  25.3 263.3 25.006778 121.763642  2.41   22717     92
2290     2.5      6531  460.7 -10.2  63.4 -15.9 259  25.3 263.3 25.006818 121.763890  2.42   22742     92
2291     2.3      6533  460.5 -10.3  63.6 -15.8 259  25.4 263.3 25.006857 121.764139  2.42   22767     92
2292     3.1      6536  460.4 -10.3  63.7 -15.8 259  25.4 263.3 25.006898 121.764388  2.42   22792     92
2293     2.2      6538  460.2 -10.3  63.9 -15.8 260  25.5 263.2 25.006939 121.764637  2.42   22817     92
2294     2.8      6541  460.0 -10.3  64.1 -15.8 260  25.5 263.2 25.006981 121.764886  2.43   22842     92
2295     2.7      6544  459.9 -10.4  64.5 -15.8 260  25.6 263.2 25.007023 121.765135  2.44   22867     92
2296     3.3      6547  459.7 -10.4  64.8 -15.7 260  25.6 263.2 25.007066 121.765385  2.45   22892     92
2297     2.8      6550  459.5 -10.4  65.1 -15.7 260  25.6 263.1 25.007108 121.765634  2.45   22917     92
2298     2.5      6553  459.4 -10.4  65.3 -15.7 260  25.7 263.1 25.007150 121.765882  2.46   22942     92
2299     1.8      6554  459.2 -10.5  65.7 -15.6 260  25.7 263.1 25.007191 121.766130  2.47   22967     92
2300     3.3      6558  459.0 -10.5  66.4 -15.5 260  25.8 263.1 25.007231 121.766377  2.49   22992     92
2301     3.7      6561  458.9 -10.5  67.4 -15.4 260  25.8 263.1 25.007271 121.766625  2.53   23017     92
2302     3.1      6565  458.7 -10.5  68.0 -15.3 260  25.9 263.1 25.007311 121.766872  2.55   23041     92
2303     2.4      6567  458.5 -10.5  68.0 -15.3 260  25.9 263.0 25.007351 121.767121  2.55   23066     92
2304     2.2      6569  458.4 -10.5  68.0 -15.3 260  26.0 263.0 25.007392 121.767371  2.54   23091     92
2305     2.8      6572  458.2 -10.6  68.0 -15.3 260  26.0 263.0 25.007434 121.767622  2.54   23117     92
2306     3.6      6576  458.0 -10.6  68.0 -15.4 260  26.0 263.0 25.007477 121.767876  2.54   23142     92
2307     2.3      6578  457.9 -10.6  67.9 -15.4 260  26.1 262.9 25.007521 121.768133  2.53   23168     92
2308     2.6      6580  457.7 -10.6  67.7 -15.5 260  26.1 262.9 25.007565 121.768391  2.51   23194     92
2309     3.6      6584  457.5 -10.7  67.5 -15.5 260  26.2 262.9 25.007608 121.768650  2.51   23220     92
2310     2.7      6587  457.4 -10.7  67.5 -15.5 261  26.2 262.9 25.007650 121.768909  2.50   23246     92
2311     2.6      6589  457.2 -10.7  67.5 -15.6 261  26.2 262.8 25.007692 121.769167  2.50   23272     92
2312     3.3      6593  457.0 -10.7  67.4 -15.6 261  26.3 262.8 25.007731 121.769424  2.49   23298     92
2313     2.3      6595  456.9 -10.7  67.3 -15.6 261  26.3 262.8 25.007768 121.769681  2.49   23323     92
2314     2.6      6597  456.7 -10.8  67.2 -15.7 261  26.4 262.8 25.007805 121.769938  2.48   23349     92
2315     3.2      6601  456.5 -10.8  67.1 -15.7 261  26.4 262.8 25.007841 121.770197  2.47   23375     92
2316     2.6      6603  456.4 -10.8  67.1 -15.7 261  26.4 262.7 25.007877 121.770459  2.47   23402     92
2317     3.1      6606  456.2 -10.8  67.2 -15.7 261  26.4 262.7 25.007913 121.770721  2.47   23428     92
2318     3.3      6609  456.0 -10.8  67.2 -15.7 261  26.5 262.7 25.007948 121.770983  2.47   23454     92
2319     2.8      6612  455.9 -10.9  67.2 -15.7 261  26.5 262.7 25.007983 121.771246  2.47   23481     92
2320     2.2      6614  455.7 -10.9  67.3 -15.7 261  26.5 262.7 25.008018 121.771508  2.47   23507     92
2321     2.7      6617  455.5 -10.9  67.5 -15.7 262  26.6 262.7 25.008055 121.771768  2.47   23533     92
2322     2.5      6620  455.4 -10.9  67.7 -15.7 262  26.6 262.7 25.008093 121.772024  2.48   23559     92
2323     2.9      6623  455.2 -10.9  67.4 -15.7 262  26.6 262.7 25.008134 121.772273  2.47   23584     92
2324     2.5      6625  455.1 -10.9  66.3 -15.9 262  26.6 262.7 25.008177 121.772519  2.43   23609     92
2325     3.0      6628  454.9 -10.9  64.6 -16.3 262  26.7 262.7 25.008217 121.772769  2.37   23634     92
2326     2.2      6630  454.8 -10.9  63.0 -16.5 262  26.7 262.7 25.008253 121.773026  2.31   23660     92
2327     2.8      6633  454.6 -10.9  62.0 -16.7 262  26.7 262.7 25.008284 121.773287  2.28   23686     92
2328     2.7      6636  454.4 -10.9  61.5 -16.8 262  26.7 262.7 25.008315 121.773549  2.26   23712     92
2329     3.0      6639  454.3 -10.9  61.4 -16.8 262  26.8 262.7 25.008350 121.773811  2.26   23739     92
2330     2.5      6641  454.1 -10.9  61.3 -16.9 262  26.8 262.6 25.008399 121.774073  2.25   23765     92
2331     2.6      6644  454.0 -10.9  61.2 -16.9 263  26.8 262.6 25.008479 121.774334  2.25   23791     92
2332     2.9      6647  453.8 -10.9  61.2 -16.9 263  26.8 262.6 25.008582 121.774592  2.25   23817     92
2333     2.7      6649  453.6 -10.9  61.3 -16.9 263  26.9 262.6 25.008664 121.774851  2.25   23843     92
2334     2.9      6652  453.5 -10.9  61.4 -16.9 263  26.9 262.6 25.008702 121.775111  2.25   23869     92
2335     2.2      6655  453.3 -11.0  61.5 -16.9 263  26.9 262.6 25.008689 121.775375  2.25   23895     92
2336     2.7      6657  453.2 -11.0  61.6 -16.9 263  27.0 262.5 25.008641 121.775641  2.25   23922     92
2337     2.3      6660  453.0 -11.0  61.8 -16.9 263  27.0 262.5 25.008610 121.775907  2.25   23949     92
2338     2.7      6662  452.9 -11.0  61.9 -16.9 263  27.0 262.5 25.008612 121.776172  2.25   23976     92
2339     2.9      6665  452.7 -11.0  61.9 -16.9 263  27.1 262.5 25.008631 121.776438  2.25   24003     92
2340     2.9      6668  452.5 -11.1  61.8 -17.0 263  27.1 262.4 25.008659 121.776706  2.24   24030     92
2341     2.1      6670  452.4 -11.1  61.6 -17.0 264  27.1 262.4 25.008694 121.776974  2.23   24057     92
2342     2.7      6673  452.2 -11.1  61.2 -17.1 264  27.2 262.4 25.008745 121.777241  2.22   24084     92
2343     3.2      6676  452.1 -11.1  60.7 -17.2 264  27.2 262.4 25.008830 121.777506  2.20   24110     91
2344     2.4      6679  451.9 -11.1  59.9 -17.4 264  27.3 262.4 25.008944 121.777768  2.17   24137     91
2345     3.1      6682  451.8 -11.1  58.7 -17.6 264  27.3 262.3 25.009033 121.778031  2.12   24163     91
2346     2.3      6684  451.6 -11.1  57.2 -18.0 264  27.3 262.3 25.009082 121.778297  2.07   24189     91
2347     2.3      6686  451.5 -11.2  55.7 -18.3 264  27.4 262.3 25.009104 121.778564  2.01   24216     91
2348     3.1      6689  451.3 -11.2  54.2 -18.6 264  27.4 262.3 25.009117 121.778834  1.96   24244     91
2349     2.2      6691  451.2 -11.2  52.6 -19.0 264  27.5 262.3 25.009131 121.779103  1.90   24271     91
2350     1.9      6693  451.0 -11.2  50.7 -19.4 264  27.5 262.3 25.009148 121.779373  1.83   24298     91
2351     2.8      6696  450.9 -11.2  48.8 -19.8 264  27.5 262.3 25.009166 121.779645  1.76   24325     91
2352     2.3      6698  450.7 -11.2  46.9 -20.3 264  27.5 262.2 25.009183 121.779919  1.69   24353     91
2353     3.1      6702  450.6 -11.2  45.2 -20.7 264  27.6 262.2 25.009199 121.780194  1.63   24381     91
2354     2.9      6704  450.4 -11.2  43.6 -21.2 264  27.6 262.2 25.009216 121.780469  1.58   24409     91
2355     3.0      6707  450.3 -11.2  41.7 -21.6 264  27.6 262.2 25.009234 121.780745  1.51   24436     91
2356     2.3      6710  450.1 -11.2  40.4 -22.0 264  27.6 262.2 25.009252 121.781022  1.46   24464     91
2357     2.5      6712  449.9 -11.1  40.4 -22.0 264  27.7 262.2 25.009271 121.781298  1.46   24492     91
2358     2.3      6715  449.8 -11.1  41.1 -21.8 264  27.7 262.2 25.009292 121.781574  1.49   24520     91
2359     2.6      6717  449.7 -11.2  41.8 -21.6 264  27.7 262.2 25.009316 121.781849  1.51   24548     91
2360     1.9      6719  449.5 -11.2  42.3 -21.5 264  27.7 262.2 25.009342 121.782124  1.53   24575     91
2361     2.7      6722  449.4 -11.2  42.7 -21.4 264  27.7 262.2 25.009367 121.782399  1.54   24603     91
2362     3.5      6725  449.2 -11.2  43.0 -21.3 264  27.7 262.2 25.009391 121.782674  1.55   24631     91
2363     2.2      6727  449.0 -11.2  43.5 -21.2 263  27.7 262.2 25.009415 121.782949  1.57   24659     91
2364     2.2      6730  448.9 -11.2  44.3 -21.0 263  27.7 262.2 25.009438 121.783224  1.60   24686     91
2365     3.2      6733  448.7 -11.3  45.9 -20.7 263  27.7 262.1 25.009465 121.783498  1.65   24714     91
2366     2.9      6736  448.6 -11.3  48.1 -20.1 263  27.7 262.1 25.009492 121.783770  1.73   24741     91
2367     3.2      6739  448.4 -11.3  48.9 -19.9 263  27.7 262.1 25.009516 121.784042  1.76   24769     91
2368     2.8      6742  448.2 -11.3  47.9 -20.2 263  27.7 262.1 25.009527 121.784316  1.72   24796     91
2369     2.3      6744  448.1 -11.3  47.4 -20.3 263  27.7 262.1 25.009516 121.784598  1.70   24825     91
2370     1.8      6746  447.9 -11.3  48.4 -20.1 263  27.7 262.1 25.009486 121.784889  1.74   24855     91
2371     2.6      6749  447.8 -11.4  50.3 -19.7 263  27.6 262.1 25.009472 121.785177  1.80   24884     91
2372     2.7      6751  447.6 -11.4  52.6 -19.1 263  27.6 262.1 25.009484 121.785456  1.88   24912     91
2373     3.1      6754  447.5 -11.4  54.5 -18.8 262  27.6 262.1 25.009514 121.785729  1.95   24939     91
2374     2.5      6757  447.3 -11.4  55.3 -18.6 262  27.6 262.1 25.009551 121.786000  1.98   24967     91
2375     1.9      6759  447.2 -11.4  55.4 -18.6 262  27.6 262.0 25.009590 121.786272  1.98   24994     91
2376     3.1      6762  447.0 -11.4  55.2 -18.7 262  27.6 262.0 25.009630 121.786543  1.97   25021     91
2377     2.8      6765  446.9 -11.5  55.0 -18.7 262  27.5 262.0 25.009669 121.786812  1.96   25048     91
2378     2.2      6767  446.7 -11.5  54.9 -18.8 262  27.5 262.0 25.009709 121.787078  1.95   25075     91
2379     3.2      6770  446.6 -11.5  55.0 -18.8 262  27.5 262.0 25.009748 121.787343  1.95   25102     91
2380     2.4      6773  446.4 -11.5  55.2 -18.8 262  27.5 261.9 25.009785 121.787606  1.96   25128     91
2381     2.6      6775  446.3 -11.6  55.3 -18.7 262  27.5 261.9 25.009820 121.787870  1.96   25155     91
2382     3.0      6778  446.1 -11.6  55.4 -18.8 261  27.5 261.9 25.009855 121.788133  1.96   25181     91
2383     2.2      6780  445.9 -11.6  55.3 -18.8 261  27.4 261.9 25.009890 121.788396  1.95   25208     91
2384     2.8      6783  445.8 -11.6  55.1 -18.8 261  27.4 261.8 25.009926 121.788659  1.94   25234     91
2385     2.8      6786  445.6 -11.6  54.9 -18.9 261  27.4 261.8 25.009963 121.788925  1.93   25261     91
2386     2.6      6789  445.5 -11.7  54.7 -19.0 261  27.4 261.8 25.009998 121.789192  1.92   25288     91
2387     3.5      6792  445.3 -11.7  54.5 -19.0 261  27.4 261.8 25.010033 121.789462  1.92   25315     91
2388     2.1      6794  445.1 -11.7  54.3 -19.1 261  27.4 261.8 25.010069 121.789731  1.90   25342     91
2389     3.1      6797  445.0 -11.7  54.0 -19.2 261  27.4 261.7 25.010107 121.789999  1.89   25369     91
2390     3.1      6800  444.8 -11.7  54.0 -19.2 260  27.4 261.7 25.010147 121.790267  1.89   25396     91
2391     1.6      6802  444.7 -11.8  53.8 -19.2 260  27.4 261.7 25.010188 121.790537  1.88   25424     91
2392     2.8      6805  444.5 -11.8  53.6 -19.3 260  27.3 261.7 25.010232 121.790808  1.87   25451     91
2393     2.6      6807  444.4 -11.8  53.3 -19.4 260  27.3 261.7 25.010278 121.791079  1.86   25478     91
2394     2.6      6810  444.2 -11.8  52.7 -19.5 260  27.3 261.6 25.010327 121.791347  1.84   25505     91
2395     3.0      6813  444.1 -11.8  52.2 -19.7 260  27.3 261.6 25.010377 121.791613  1.82   25532     91
2396     2.5      6816  443.9 -11.8  51.8 -19.8 260  27.3 261.6 25.010427 121.791876  1.80   25558     91
2397     3.1      6819  443.8 -11.9  51.4 -19.9 260  27.3 261.6 25.010474 121.792138  1.78   25585     91
2398     2.8      6822  443.6 -11.9  50.8 -20.0 260  27.3 261.6 25.010520 121.792401  1.76   25611     91
2399     2.3      6824  443.4 -11.9  50.5 -20.1 260  27.3 261.5 25.010563 121.792663  1.75   25638     91
2400     2.7      6827  443.3 -11.9  50.3 -20.2 259  27.3 261.5 25.010604 121.792924  1.74   25664     91
2401     2.2      6829  443.2 -11.9  50.0 -20.2 259  27.3 261.5 25.010645 121.793185  1.73   25690     91
2402     2.0      6831  443.0 -11.9  49.8 -20.3 259  27.3 261.5 25.010688 121.793446  1.72   25717     91
2403     2.8      6834  442.9 -12.0  49.7 -20.4 259  27.3 261.5 25.010733 121.793710  1.72   25743     91
2404     2.4      6836  442.7 -12.0  49.8 -20.4 259  27.3 261.5 25.010780 121.793975  1.72   25770     91
2405     2.8      6839  442.6 -12.0  50.0 -20.3 259  27.3 261.4 25.010830 121.794242  1.72   25797     91
2406     2.3      6841  442.4 -12.0  50.1 -20.3 259  27.3 261.4 25.010881 121.794509  1.72   25824     91
2407     2.6      6844  442.3 -12.1  50.1 -20.4 259  27.3 261.4 25.010933 121.794776  1.72   25851     91
2408     2.8      6846  442.1 -12.1  49.8 -20.5 259  27.3 261.3 25.010983 121.795044  1.70   25878     91
2409     2.4      6849  442.0 -12.1  49.1 -20.6 259  27.3 261.3 25.011032 121.795311  1.68   25904     91
2410     3.0      6852  441.8 -12.1  48.4 -20.8 259  27.3 261.3 25.011079 121.795575  1.65   25931     91
2411     2.1      6854  441.7 -12.1  47.5 -21.0 259  27.3 261.3 25.011125 121.795837  1.62   25957     91
2412     2.3      6856  441.5 -12.1  46.7 -21.3 259  27.3 261.3 25.011170 121.796096  1.59   25984     91
2413     3.2      6859  441.4 -12.2  46.4 -21.4 259  27.3 261.2 25.011215 121.796357  1.58   26010     91
2414     2.9      6862  441.2 -12.2  46.4 -21.3 258  27.3 261.2 25.011259 121.796619  1.58   26036     91
2415     1.6      6864  441.1 -12.2  46.2 -21.4 258  27.3 261.2 25.011304 121.796885  1.57   26063     91
2416     3.1      6867  440.9 -12.2  45.8 -21.5 258  27.3 261.2 25.011350 121.797151  1.56   26090     91
2417     2.7      6870  440.8 -12.2  45.5 -21.6 258  27.3 261.2 25.011400 121.797417  1.54   26117     91
2418     2.3      6872  440.6 -12.3  45.1 -21.8 258  27.3 261.1 25.011451 121.797683  1.53   26143     91
2419     2.8      6875  440.5 -12.3  44.0 -22.1 258  27.3 261.1 25.011505 121.797949  1.48   26170     91
2420     2.6      6878  440.4 -12.3  42.9 -22.4 258  27.3 261.0 25.011560 121.798214  1.45   26197     91
2421     2.4      6880  440.2 -12.4  42.9 -22.4 258  27.3 261.0 25.011615 121.798479  1.44   26224     91
2422     2.4      6882  440.1 -12.4  43.2 -22.4 258  27.3 261.0 25.011670 121.798743  1.45   26250     91
2423     2.4      6885  439.9 -12.4  43.2 -22.4 258  27.3 261.0 25.011724 121.799006  1.45   26277     91
2424     1.6      6886  439.8 -12.4  42.6 -22.5 258  27.3 261.0 25.011776 121.799270  1.43   26303     91
2425     2.8      6889  439.7 -12.4  41.7 -22.8 258  27.3 261.0 25.011826 121.799535  1.40   26330     91
2426     2.4      6892  439.5 -12.4  41.2 -22.9 258  27.3 261.0 25.011875 121.799802  1.38   26357     91
2427     2.2      6894  439.4 -12.4  41.1 -23.0 258  27.3 261.0 25.011923 121.800071  1.38   26384     91
2428     2.5      6896  439.3 -12.4  40.9 -23.0 258  27.3 260.9 25.011971 121.800339  1.37   26411     91
2429     2.5      6899  439.1 -12.4  40.5 -23.1 258  27.3 260.9 25.012019 121.800607  1.36   26438     91
2430     1.9      6901  439.0 -12.5  40.5 -23.2 257  27.3 260.9 25.012069 121.800874  1.35   26465     91
2431     2.7      6903  438.9 -12.5  40.3 -23.2 257  27.3 260.9 25.012121 121.801142  1.35   26492     91
2432     1.7      6905  438.7 -12.5  39.7 -23.4 257  27.3 260.9 25.012176 121.801409  1.33   26519     91
2433     2.5      6908  438.6 -12.5  39.4 -23.5 257  27.3 260.9 25.012233 121.801677  1.31   26546     91
2434     3.0      6911  438.4 -12.5  39.6 -23.5 257  27.2 260.8 25.012291 121.801945  1.32   26573     91
2435     2.8      6914  438.3 -12.6  39.9 -23.4 257  27.2 260.8 25.012349 121.802212  1.33   26600     90
2436     1.9      6915  438.2 -12.6  40.0 -23.4 257  27.2 260.8 25.012408 121.802478  1.32   26627     90
2437     1.8      6917  438.0 -12.6  39.6 -23.6 257  27.2 260.7 25.012466 121.802742  1.31   26653     90
2438     2.1      6919  437.9 -12.7  38.8 -23.8 257  27.2 260.7 25.012522 121.803004  1.28   26680     90
2439     2.4      6922  437.8 -12.7  38.0 -24.1 257  27.2 260.7 25.012577 121.803264  1.25   26706     90
2440     2.7      6924  437.6 -12.7  37.2 -24.3 257  27.2 260.6 25.012631 121.803523  1.22   26732     90
2441     2.8      6927  437.5 -12.7  36.9 -24.4 257  27.1 260.6 25.012685 121.803781  1.21   26758     90
2442     1.9      6929  437.4 -12.7  36.8 -24.5 257  27.1 260.6 25.012739 121.804038  1.21   26784     90
2443     3.1      6932  437.2 -12.7  36.9 -24.4 257  27.1 260.6 25.012794 121.804296  1.21   26810     90
2444     2.0      6934  437.1 -12.7  36.9 -24.5 257  27.1 260.6 25.012849 121.804556  1.21   26836     90
2445     2.3      6937  436.9 -12.8  36.9 -24.5 257  27.1 260.6 25.012906 121.804819  1.21   26863     90
2446     2.9      6939  436.8 -12.8  36.8 -24.5 257  27.1 260.6 25.012962 121.805083  1.21   26890     90
2447     2.2      6942  436.7 -12.8  36.7 -24.6 257  27.1 260.6 25.013019 121.805348  1.20   26916     90
2448     1.8      6943  436.5 -12.8  36.5 -24.6 257  27.0 260.5 25.013075 121.805611  1.20   26943     90
2449     2.8      6946  436.4 -12.8  36.5 -24.7 257  27.0 260.5 25.013131 121.805874  1.19   26969     90
2450     1.9      6948  436.3 -12.9  36.5 -24.7 257  27.0 260.5 25.013186 121.806135  1.19   26996     90
2451     2.4      6950  436.1 -12.9  36.5 -24.7 257  27.0 260.5 25.013242 121.806395  1.19   27022     90
2452     3.0      6953  436.0 -12.9  36.4 -24.8 257  27.0 260.4 25.013301 121.806651  1.18   27048     90
2453     2.2      6956  435.8 -12.9  36.2 -24.8 257  27.0 260.4 25.013364 121.806905  1.17   27073     90
2454     2.8      6958  435.7 -13.0  36.0 -24.9 257  27.0 260.4 25.013431 121.807156  1.17   27099     90
2455     2.7      6961  435.6 -13.0  35.8 -25.0 257  27.0 260.4 25.013494 121.807409  1.16   27124     90
2456     2.0      6963  435.4 -13.0  35.6 -25.1 257  27.0 260.4 25.013551 121.807666  1.15   27150     90
2457     2.1      6965  435.3 -13.0  35.3 -25.2 257  27.0 260.3 25.013604 121.807925  1.14   27176     90
2458     2.5      6968  435.2 -13.0  35.0 -25.3 257  27.0 260.3 25.013655 121.808185  1.13   27203     90
2459     2.2      6970  435.0 -13.0  34.6 -25.4 257  27.0 260.3 25.013707 121.808445  1.11   27229     90
2460     2.6      6973  434.9 -13.0  34.4 -25.5 257  27.0 260.3 25.013762 121.808703  1.11   27255     90
2461     2.6      6975  434.8 -13.1  34.1 -25.6 257  27.0 260.3 25.013818 121.808961  1.10   27281     90
2462     1.4      6977  434.6 -13.1  34.0 -25.7 257  27.0 260.2 25.013875 121.809220  1.09   27307     90
2463     3.0      6980  434.5 -13.1  34.0 -25.7 257  27.0 260.2 25.013932 121.809480  1.09   27333     90
2464     2.8      6982  434.3 -13.2  33.8 -25.8 257  27.0 260.2 25.013989 121.809741  1.08   27360     90
2465     2.1      6984  434.2 -13.2  33.8 -25.8 257  27.0 260.2 25.014046 121.810002  1.08   27386     90
2466     1.9      6986  434.1 -13.2  33.7 -25.9 257  27.0 260.1 25.014101 121.810263  1.08   27412     90
2467     2.5      6989  433.9 -13.2  33.7 -25.9 257  27.0 260.1 25.014155 121.810523  1.07   27439     90
2468     2.7      6992  433.8 -13.2  33.6 -25.9 257  27.0 260.1 25.014206 121.810785  1.07   27465     90
2469     2.1      6994  433.7 -13.3  33.7 -25.9 257  27.0 260.1 25.014256 121.811046  1.07   27492     90
2470     2.1      6996  433.5 -13.3  33.9 -25.9 257  27.0 260.0 25.014306 121.811306  1.07   27518     90
2471     2.9      6999  433.4 -13.3  34.0 -25.9 257  27.0 260.0 25.014356 121.811564  1.07   27544     90
2472     2.0      7001  433.3 -13.3  34.0 -25.9 257  27.0 260.0 25.014407 121.811821  1.07   27570     90
2473     2.6      7003  433.1 -13.3  34.0 -25.9 257  27.0 260.0 25.014460 121.812079  1.07   27596     90
2474     2.3      7006  433.0 -13.4  33.9 -26.0 257  27.1 260.0 25.014514 121.812339  1.07   27622     90
2475     2.4      7008  432.9 -13.4  33.9 -26.0 257  27.1 260.0 25.014570 121.812600  1.07   27649     90
2476     1.9      7010  432.8 -13.4  33.7 -26.0 257  27.1 260.0 25.014626 121.812860  1.06   27675     90
2477     2.1      7012  432.6 -13.4  33.5 -26.1 257  27.1 259.9 25.014682 121.813121  1.05   27701     90
2478     1.9      7014  432.5 -13.4  33.4 -26.2 257  27.1 259.9 25.014737 121.813382  1.05   27728     90
2479     2.7      7017  432.4 -13.5  33.4 -26.2 257  27.1 259.9 25.014791 121.813646  1.04   27754     90
2480     2.0      7019  432.3 -13.5  33.4 -26.3 258  27.1 259.8 25.014844 121.813910  1.04   27781     90
2481     2.8      7021  432.1 -13.5  33.5 -26.3 258  27.1 259.8 25.014897 121.814173  1.04   27808     90
2482     2.1      7024  432.0 -13.5  33.5 -26.2 258  27.1 259.8 25.014949 121.814435  1.04   27834     90
2483     1.5      7025  431.9 -13.5  33.5 -26.3 258  27.1 259.8 25.015000 121.814695  1.04   27860     90
2484     2.6      7028  431.8 -13.5  33.4 -26.3 258  27.1 259.8 25.015052 121.814954  1.04   27887     90
2485     1.9      7030  431.6 -13.6  33.4 -26.3 258  27.2 259.8 25.015102 121.815215  1.04   27913     90
2486     2.5      7032  431.5 -13.6  33.5 -26.3 258  27.2 259.7 25.015153 121.815476  1.04   27939     90
2487     2.1      7034  431.4 -13.6  33.7 -26.3 258  27.2 259.7 25.015205 121.815738  1.04   27966     90
2488     2.0      7036  431.3 -13.6  33.9 -26.2 258  27.2 259.7 25.015259 121.815999  1.05   27992     90
2489     2.5      7039  431.1 -13.6  33.9 -26.2 258  27.2 259.7 25.015314 121.816259  1.05   28019     90
2490     2.1      7041  431.0 -13.7  33.7 -26.3 258  27.2 259.7 25.015368 121.816519  1.04   28045     90
2491     2.6      7043  430.9 -13.7  33.6 -26.3 258  27.2 259.6 25.015421 121.816781  1.04   28071     90
2492     1.7      7045  430.7 -13.7  33.7 -26.4 258  27.2 259.6 25.015474 121.817045  1.04   28098     90
2493     2.7      7048  430.6 -13.7  33.8 -26.3 258  27.2 259.6 25.015528 121.817309  1.04   28125     90
2494     2.7      7050  430.5 -13.8  33.9 -26.3 258  27.2 259.6 25.015582 121.817574  1.04   28152     90
2495     1.7      7052  430.3 -13.8  34.0 -26.3 258  27.2 259.5 25.015634 121.817840  1.04   28178     90
2496     2.5      7055  430.2 -13.8  34.0 -26.3 258  27.2 259.5 25.015685 121.818106  1.04   28205     90
2497     2.6      7057  430.1 -13.8  34.0 -26.4 258  27.2 259.5 25.015735 121.818371  1.04   28232     90
2498     2.4      7060  430.0 -13.9  33.8 -26.5 258  27.2 259.5 25.015785 121.818633  1.03   28259     90
2499     1.8      7061  429.8 -13.9  33.7 -26.5 258  27.2 259.4 25.015836 121.818895  1.02   28285     90
2500     1.2      7063  429.7 -13.9  33.8 -26.5 258  27.2 259.4 25.015886 121.819156  1.03   28312     90
2501     3.0      7066  429.6 -13.9  34.0 -26.4 258  27.2 259.4 25.015937 121.819416  1.03   28338     90
2502     2.1      7068  429.5 -13.9  34.1 -26.4 258  27.2 259.4 25.015989 121.819677  1.03   28364     90
2503     2.2      7070  429.3 -14.0  34.1 -26.4 258  27.2 259.4 25.016042 121.819939  1.03   28391     90
2504     2.4      7072  429.2 -14.0  34.2 -26.4 258  27.2 259.3 25.016096 121.820201  1.03   28417     90
2505     2.1      7074  429.1 -14.0  34.2 -26.4 258  27.2 259.3 25.016152 121.820463  1.03   28444     90
2506     2.6      7077  429.0 -14.0  34.2 -26.4 258  27.2 259.3 25.016208 121.820723  1.03   28470     90
2507     2.0      7079  428.8 -14.0  34.2 -26.4 258  27.2 259.3 25.016263 121.820985  1.03   28497     90
2508     2.3      7081  428.7 -14.0  34.1 -26.5 258  27.2 259.3 25.016316 121.821248  1.03   28523     90
2509     2.3      7084  428.6 -14.0  34.2 -26.5 258  27.2 259.3 25.016367 121.821513  1.03   28550     90
2510     2.1      7086  428.5 -14.1  34.3 -26.5 258  27.2 259.2 25.016417 121.821779  1.03   28577     90
2511     2.0      7088  428.3 -14.1  34.5 -26.4 258  27.2 259.2 25.016465 121.822044  1.03   28604     90
2512     2.8      7091  428.2 -14.2  34.8 -26.4 258  27.2 259.1 25.016514 121.822310  1.04   28631     90
2513     2.2      7093  428.1 -14.2  35.0 -26.4 258  27.2 259.1 25.016563 121.822575  1.04   28658     90
2514     1.6      7094  428.0 -14.3  35.1 -26.4 258  27.3 259.1 25.016614 121.822840  1.04   28684     90
2515     1.9      7096  427.8 -14.3  35.1 -26.4 258  27.3 259.0 25.016665 121.823104  1.04   28711     89
2516     2.3      7099  427.7 -14.3  35.1 -26.4 258  27.3 259.0 25.016716 121.823366  1.04   28738     89
2517     2.8      7101  427.6 -14.3  35.1 -26.4 258  27.3 259.0 25.016766 121.823627  1.04   28764     89
2518     1.7      7103  427.5 -14.3  35.1 -26.4 258  27.3 259.0 25.016816 121.823888  1.04   28790     89
2519     2.1      7105  427.4 -14.4  35.1 -26.5 258  27.4 259.0 25.016865 121.824149  1.03   28817     89
2520     2.1      7107  427.2 -14.4  35.2 -26.5 258  27.4 258.9 25.016915 121.824411  1.03   28843     89
2521     2.1      7109  427.1 -14.4  35.2 -26.5 258  27.4 258.9 25.016963 121.824675  1.03   28870     89
2522     2.4      7112  427.0 -14.4  35.2 -26.5 258  27.5 258.9 25.017010 121.824941  1.03   28897     89
2523     2.9      7115  426.9 -14.5  35.3 -26.5 258  27.5 258.9 25.017057 121.825207  1.03   28924     89
2524     0.8      7116  426.7 -14.5  35.4 -26.5 258  27.5 258.8 25.017105 121.825473  1.03   28951     89
2525     3.1      7119  426.6 -14.5  35.4 -26.5 257  27.6 258.8 25.017155 121.825738  1.03   28978     89
2526     2.4      7121  426.5 -14.5  35.4 -26.5 257  27.6 258.8 25.017208 121.826001  1.03   29004     89
2527     2.1      7123  426.3 -14.4  35.3 -26.5 257  27.7 258.9 25.017265 121.826264  1.03   29031     89
2528     2.9      7126  426.2 -14.4  35.1 -26.5 257  27.7 258.9 25.017324 121.826528  1.03   29058     89
2529     1.9      7128  426.1 -14.4  34.9 -26.6 257  27.8 258.9 25.017385 121.826793  1.02   29085     89
2530     2.3      7130  426.0 -14.4  34.6 -26.7 257  27.8 258.9 25.017445 121.827059  1.02   29112     89
2531     2.0      7132  425.8 -14.4  34.3 -26.8 257  27.9 258.9 25.017504 121.827327  1.01   29139     89
2532     2.5      7135  425.7 -14.4  34.1 -26.9 257  27.9 258.9 25.017562 121.827597  1.00   29166     89
2533     1.8      7137  425.6 -14.5  33.9 -27.0 257  28.0 258.8 25.017620 121.827870  0.99   29194     89
2534     2.4      7139  425.5 -14.5  33.8 -27.0 257  28.0 258.8 25.017677 121.828146  0.99   29222     89
2535     2.0      7141  425.3 -14.5  33.8 -27.0 257  28.1 258.8 25.017733 121.828420  0.99   29249     89
2536     2.7      7144  425.2 -14.5  33.9 -27.0 257  28.1 258.8 25.017789 121.828694  0.99   29277     89
2537     2.1      7146  425.1 -14.6  33.8 -27.1 256  28.2 258.7 25.017845 121.828967  0.98   29305     89
2538     2.3      7148  424.9 -14.6  33.5 -27.2 256  28.3 258.7 25.017901 121.829240  0.97   29332     89
2539     2.6      7151  424.8 -14.7  33.0 -27.5 256  28.3 258.6 25.017959 121.829513  0.95   29360     89
2540     2.2      7153  424.7 -14.7  32.3 -27.7 256  28.4 258.6 25.018019 121.829787  0.93   29388     89
2541     2.2      7155  424.6 -14.8  31.2 -28.1 256  28.4 258.5 25.018081 121.830062  0.89   29416     89
2542     2.9      7158  424.4 -14.8  29.7 -28.7 256  28.5 258.5 25.018145 121.830337  0.85   29444     89
2543     2.0      7160  424.3 -14.8  28.1 -29.3 256  28.5 258.5 25.018211 121.830613  0.80   29472     89
2544     2.0      7162  424.2 -14.8  26.9 -29.7 256  28.6 258.5 25.018279 121.830889  0.77   29500     89
2545     2.9      7165  424.0 -14.8  26.0 -30.1 256  28.6 258.5 25.018346 121.831164  0.74   29528     89
2546     1.6      7166  423.9 -14.8  25.0 -30.5 256  28.6 258.5 25.018412 121.831439  0.72   29556     89
2547     2.7      7169  423.8 -14.7  23.5 -31.1 256  28.7 258.5 25.018479 121.831714  0.67   29583     89
2548     2.5      7172  423.7 -14.7  21.7 -32.0 256  28.7 258.5 25.018546 121.831987  0.62   29611     89
2549     1.4      7173  423.5 -14.7  19.9 -32.8 256  28.8 258.6 25.018616 121.832260  0.57   29639     89
2550     2.3      7175  423.4 -14.7  18.6 -33.5 256  28.8 258.6 25.018686 121.832531  0.54   29666     89
2551     1.9      7177  423.3 -14.6  17.7 -34.0 256  28.8 258.6 25.018755 121.832804  0.51   29694     89
2552     2.5      7180  423.2 -14.6  16.9 -34.5 256  28.9 258.6 25.018822 121.833079  0.49   29722     89
2553     1.9      7182  423.1 -14.6  16.2 -34.9 256  28.9 258.6 25.018887 121.833355  0.47   29750     89
2554     2.5      7184  422.9 -14.6  15.4 -35.4 256  28.9 258.6 25.018951 121.833632  0.45   29778     89
2555     2.6      7187  422.8 -14.6  14.2 -36.2 256  28.9 258.6 25.019015 121.833908  0.41   29806     89
2556     2.5      7189  422.7 -14.6  13.0 -37.0 256  29.0 258.6 25.019079 121.834186  0.38   29834     89
2557     2.4      7192  422.5 -14.6  12.1 -37.7 256  29.0 258.6 25.019145 121.834464  0.35   29862     89
2558     1.9      7193  422.4 -14.5  11.6 -38.2 256  29.0 258.7 25.019211 121.834742  0.34   29891     89
2559     2.1      7196  422.3 -14.5  11.2 -38.5 255  29.0 258.7 25.019278 121.835020  0.33   29919     89
2560     2.5      7198  422.1 -14.5  10.9 -38.7 255  29.0 258.7 25.019344 121.835297  0.32   29947     89
2561     2.3      7200  422.0 -14.5  10.8 -38.8 255  29.0 258.7 25.019409 121.835576  0.32   29975     89
2562     2.8      7203  421.9 -14.5  10.8 -38.8 255  29.0 258.7 25.019475 121.835856  0.32   30004     89
2563     2.6      7206  421.8 -14.5  10.7 -38.9 255  29.1 258.7 25.019542 121.836136  0.32   30032     89
2564     1.7      7208  421.6 -14.5  10.3 -39.3 255  29.1 258.7 25.019608 121.836416  0.30   30061     89
2565     1.8      7209  421.5 -14.5   9.8 -39.7 255  29.1 258.7 25.019675 121.836694  0.29   30089     89
2566     2.0      7211  421.4 -14.5   9.6 -39.9 255  29.1 258.7 25.019743 121.836973  0.28   30117     89
2567     2.5      7214  421.3 -14.5   9.7 -39.9 255  29.1 258.7 25.019811 121.837250  0.29   30145     89
2568     2.5      7216  421.1 -14.5   9.8 -39.7 255  29.1 258.7 25.019880 121.837527  0.29   30173     89
2569     2.2      7219  421.0 -14.5  10.0 -39.6 255  29.1 258.7 25.019949 121.837801  0.30   30201     89
2570     2.9      7221  420.9 -14.5  10.2 -39.3 255  29.1 258.7 25.020018 121.838075  0.30   30229     89
2571     2.2      7224  420.7 -14.5  10.5 -39.1 255  29.1 258.7 25.020085 121.838350  0.31   30257     89
2572     2.3      7226  420.6 -14.5  10.8 -38.8 255  29.1 258.7 25.020152 121.838626  0.32   30285     89
2573     2.3      7228  420.5 -14.5  11.1 -38.6 255  29.1 258.7 25.020218 121.838904  0.33   30313     89
2574     2.3      7230  420.3 -14.5  11.4 -38.4 255  29.1 258.7 25.020283 121.839182  0.33   30341     89
2575     2.4      7233  420.2 -14.6  11.7 -38.1 255  29.1 258.6 25.020348 121.839460  0.34   30370     89
2576     3.3      7236  420.1 -14.6  12.2 -37.7 255  29.1 258.6 25.020412 121.839738  0.36   30398     89
2577     2.2      7238  419.9 -14.6  12.5 -37.4 255  29.2 258.6 25.020476 121.840015  0.37   30426     89
2578     2.6      7241  419.8 -14.6  12.9 -37.2 255  29.2 258.6 25.020541 121.840293  0.38   30454     89
2579     1.3      7242  419.7 -14.6  13.1 -37.0 255  29.2 258.6 25.020606 121.840570  0.38   30482     89
2580     2.1      7244  419.5 -14.7  13.3 -36.9 255  29.2 258.6 25.020673 121.840846  0.39   30511     89
2581     2.8      7247  419.4 -14.7  13.5 -36.7 255  29.2 258.5 25.020741 121.841123  0.39   30539     89
2582     2.4      7250  419.3 -14.7  13.7 -36.7 255  29.2 258.5 25.020810 121.841401  0.40   30567     89
2583     2.4      7252  419.2 -14.7  13.7 -36.7 255  29.2 258.5 25.020880 121.841681  0.40   30595     89
2584     2.3      7254  419.0 -14.7  13.6 -36.7 255  29.2 258.5 25.020950 121.841961  0.39   30624     89
2585     2.1      7257  418.9 -14.7  13.4 -36.8 255  29.2 258.5 25.021021 121.842242  0.39   30652     89
2586     2.5      7259  418.8 -14.7  13.3 -36.9 255  29.3 258.5 25.021092 121.842525  0.39   30681     89
2587     2.3      7261  418.6 -14.8  13.2 -37.1 255  29.3 258.4 25.021162 121.842809  0.38   30710     89
2588     3.2      7264  418.5 -14.8  13.0 -37.3 255  29.3 258.4 25.021233 121.843093  0.38   30739     89
2589     2.0      7267  418.4 -14.8  12.7 -37.5 254  29.3 258.4 25.021304 121.843375  0.37   30768     89
2590     2.4      7269  418.2 -14.8  12.3 -37.8 254  29.3 258.4 25.021377 121.843655  0.36   30796     89
2591     2.1      7271  418.1 -14.8  12.0 -38.0 254  29.3 258.4 25.021452 121.843932  0.35   30824     89
2592     1.9      7273  418.0 -14.8  11.8 -38.2 254  29.3 258.4 25.021529 121.844207  0.34   30852     89
2593     2.3      7275  417.8 -14.8  11.7 -38.3 254  29.3 258.4 25.021608 121.844480  0.34   30880     89
2594     2.9      7278  417.7 -14.8  11.8 -38.2 254  29.4 258.4 25.021687 121.844755  0.34   30908     88
2595     2.7      7281  417.6 -14.8  12.1 -37.9 254  29.4 258.4 25.021765 121.845031  0.35   30936     88
2596     2.5      7283  417.4 -14.8  12.8 -37.4 254  29.4 258.4 25.021842 121.845309  0.37   30965     88
2597     2.8      7286  417.3 -14.8  13.5 -36.9 254  29.4 258.4 25.021916 121.845588  0.39   30993     88
2598     1.6      7288  417.2 -14.9  14.0 -36.6 254  29.4 258.3 25.021988 121.845868  0.40   31021     88
2599     2.7      7290  417.0 -14.9  14.2 -36.4 254  29.4 258.3 25.022060 121.846149  0.41   31050     88
2600     2.4      7293  416.9 -14.9  14.4 -36.3 254  29.4 258.3 25.022131 121.846431  0.42   31079     88
2601     2.3      7295  416.8 -14.9  14.3 -36.4 254  29.4 258.3 25.022201 121.846712  0.41   31107     88
2602     2.4      7297  416.6 -14.9  14.2 -36.5 254  29.4 258.3 25.022272 121.846994  0.41   31136     88
2603     1.7      7299  416.5 -14.9  14.4 -36.3 254  29.4 258.3 25.022343 121.847276  0.41   31165     88
2604     2.6      7302  416.4 -15.0  14.9 -36.0 254  29.4 258.3 25.022414 121.847558  0.43   31193     88
2605     3.4      7305  416.2 -15.0  15.4 -35.7 254  29.4 258.2 25.022487 121.847841  0.44   31222     88
2606     3.2      7308  416.1 -15.0  15.9 -35.4 254  29.4 258.2 25.022560 121.848124  0.46   31251     88
2607     1.8      7310  415.9 -15.0  16.5 -35.0 254  29.4 258.2 25.022636 121.848406  0.47   31280     88
2608     2.8      7313  415.8 -15.0  17.0 -34.7 254  29.4 258.2 25.022712 121.848686  0.49   31308     88
2609     2.6      7316  415.7 -15.0  17.1 -34.6 254  29.4 258.2 25.022787 121.848965  0.49   31337     88
2610     1.8      7317  415.5 -15.0  17.1 -34.6 255  29.4 258.2 25.022860 121.849245  0.49   31365     88
2611     2.6      7320  415.4 -15.0  17.0 -34.7 255  29.4 258.2 25.022931 121.849524  0.49   31394     88
2612     2.9      7323  415.3 -15.1  16.9 -34.8 255  29.4 258.2 25.023000 121.849803  0.48   31422     88
2613     2.7      7326  415.1 -15.1  16.8 -34.9 255  29.4 258.1 25.023068 121.850083  0.48   31451     88
2614     2.0      7328  415.0 -15.1  16.6 -35.0 255  29.4 258.1 25.023135 121.850364  0.47   31479     88
2615     2.7      7330  414.8 -15.1  16.4 -35.1 255  29.4 258.1 25.023200 121.850646  0.47   31508     88
2616     2.6      7333  414.7 -15.1  16.2 -35.2 255  29.4 258.1 25.023266 121.850928  0.46   31537     88
2617     2.0      7335  414.6 -15.1  16.1 -35.3 255  29.4 258.1 25.023332 121.851210  0.46   31565     88
2618     2.8      7338  414.4 -15.1  16.0 -35.4 255  29.4 258.1 25.023399 121.851494  0.46   31594     88
2619     3.3      7341  414.3 -15.2  16.1 -35.4 255  29.4 258.0 25.023467 121.851778  0.46   31623     88
2620     2.6      7344  414.1 -15.2  16.1 -35.4 255  29.4 258.0 25.023537 121.852062  0.45   31652     88
2621     2.3      7346  414.0 -15.2  16.0 -35.5 255  29.4 258.0 25.023608 121.852344  0.45   31681     88
2622     2.9      7349  413.8 -15.2  15.9 -35.6 255  29.4 258.0 25.023681 121.852625  0.45   31709     88
2623     3.0      7352  413.7 -15.2  15.6 -35.7 255  29.4 258.0 25.023756 121.852906  0.44   31738     88
2624     2.4      7354  413.5 -15.2  15.4 -35.9 255  29.4 258.0 25.023831 121.853188  0.44   31767     88
2625     2.3      7357  413.4 -15.2  15.2 -36.1 255  29.4 258.0 25.023903 121.853469  0.43   31795     88
2626     3.2      7360  413.2 -15.3  15.1 -36.1 255  29.4 258.0 25.023973 121.853748  0.43   31824     88
2627     2.6      7362  413.1 -15.3  15.1 -36.1 255  29.4 258.0 25.024040 121.854028  0.43   31852     88
2628     3.1      7365  412.9 -15.3  15.1 -36.1 255  29.4 258.0 25.024106 121.854309  0.43   31881     88
2629     2.4      7368  412.8 -15.3  15.2 -36.1 255  29.4 257.9 25.024171 121.854591  0.43   31910     88
2630     2.7      7371  412.6 -15.3  15.2 -36.1 255  29.4 257.9 25.024236 121.854875  0.43   31939     88
2631     3.4      7374  412.5 -15.3  15.3 -36.0 255  29.4 257.9 25.024300 121.855157  0.43   31967     88
2632     2.0      7376  412.3 -15.4  15.3 -36.0 256  29.4 257.9 25.024365 121.855439  0.43   31996     88
2633     2.3      7378  412.2 -15.4  15.3 -36.1 256  29.4 257.9 25.024431 121.855721  0.43   32025     88
2634     2.9      7381  412.1 -15.4  15.3 -36.1 256  29.4 257.9 25.024496 121.856005  0.43   32054     88
2635     2.8      7384  411.9 -15.4  15.3 -36.1 256  29.3 257.8 25.024562 121.856290  0.43   32083     88
2636     2.5      7386  411.8 -15.4  15.4 -36.1 256  29.3 257.8 25.024628 121.856575  0.43   32112     88
2637     2.6      7389  411.6 -15.5  15.5 -36.1 256  29.3 257.7 25.024696 121.856858  0.43   32141     88
2638     2.5      7391  411.5 -15.5  15.5 -36.1 256  29.3 257.7 25.024766 121.857141  0.43   32170     88
2639     2.7      7394  411.4 -15.5  15.5 -36.1 256  29.3 257.7 25.024836 121.857422  0.43   32198     88
2640     2.3      7396  411.2 -15.6  15.6 -36.1 256  29.3 257.6 25.024904 121.857704  0.43   32227     88
2641     2.1      7399  411.1 -15.6  15.6 -36.1 256  29.3 257.6 25.024970 121.857985  0.43   32256     88
2642     3.3      7402  410.9 -15.6  15.6 -36.1 256  29.3 257.6 25.025032 121.858266  0.43   32284     88
2643     3.1      7405  410.8 -15.6  15.7 -36.1 256  29.3 257.6 25.025090 121.858545  0.43   32313     88
2644     2.5      7407  410.6 -15.7  15.7 -36.1 256  29.3 257.5 25.025147 121.858825  0.43   32341     88
2645     2.6      7410  410.5 -15.7  15.7 -36.1 257  29.2 257.5 25.025203 121.859107  0.43   32370     88
2646     2.8      7413  410.4 -15.7  15.7 -36.1 257  29.2 257.5 25.025261 121.859389  0.43   32399     88
2647     2.0      7415  410.2 -15.7  15.7 -36.1 257  29.2 257.5 25.025320 121.859669  0.43   32427     88
2648     2.5      7417  410.1 -15.8  15.7 -36.1 257  29.2 257.5 25.025380 121.859948  0.43   32456     88
2649     1.8      7419  410.0 -15.8  15.7 -36.1 257  29.2 257.4 25.025439 121.860226  0.43   32484     88
2650     2.6      7422  409.8 -15.8  15.8 -36.1 257  29.2 257.4 25.025497 121.860505  0.43   32512     88
2651     2.8      7425  409.7 -15.8  15.8 -36.1 257  29.2 257.4 25.025554 121.860786  0.43   32541     88
2652     2.9      7427  409.5 -15.8  15.8 -36.1 257  29.2 257.4 25.025611 121.861069  0.43   32570     88
2653     2.4      7430  409.4 -15.9  15.9 -36.1 257  29.1 257.3 25.025668 121.861352  0.43   32598     88
2654     3.6      7433  409.2 -15.9  16.0 -36.1 257  29.1 257.3 25.025726 121.861635  0.43   32627     88
2655     2.3      7436  409.1 -15.9  16.1 -36.1 257  29.1 257.3 25.025784 121.861918  0.43   32656     88
2656     2.7      7438  408.9 -16.0  16.1 -36.1 257  29.1 257.3 25.025840 121.862201  0.43   32685     88
2657     2.7      7441  408.8 -16.0  16.0 -36.2 258  29.1 257.2 25.025895 121.862484  0.43   32714     88
2658     2.6      7444  408.6 -16.0  15.8 -36.3 258  29.1 257.2 25.025949 121.862766  0.42   32743     88
2659     2.8      7447  408.5 -16.0  15.5 -36.5 258  29.1 257.2 25.026003 121.863047  0.42   32771     88
2660     2.3      7449  408.4 -16.0  15.2 -36.7 258  29.1 257.2 25.026057 121.863328  0.41   32800     88
2661     2.3      7451  408.2 -16.1  15.1 -36.8 258  29.0 257.2 25.026111 121.863609  0.40   32828     88
2662     3.1      7454  408.1 -16.1  15.1 -36.8 258  29.0 257.1 25.026164 121.863890  0.40   32857     88
2663     2.9      7457  407.9 -16.1  15.1 -36.8 258  29.0 257.1 25.026217 121.864172  0.40   32886     88
2664     3.1      7460  407.8 -16.2  15.0 -37.0 258  29.0 257.1 25.026270 121.864454  0.40   32914     88
2665     2.5      7463  407.6 -16.2  14.7 -37.1 258  29.0 257.0 25.026325 121.864735  0.39   32943     88
2666     3.3      7466  407.5 -16.2  14.4 -37.4 258  29.0 257.0 25.026381 121.865016  0.38   32972     88
2667     2.5      7469  407.3 -16.2  13.9 -37.7 258  29.0 257.0 25.026438 121.865294  0.37   33000     88
2668     2.3      7471  407.2 -16.2  13.3 -38.2 258  28.9 257.0 25.026494 121.865573  0.35   33028     88
2669     2.4      7473  407.0 -16.2  12.4 -38.8 258  28.9 257.0 25.026551 121.865851  0.33   33057     88
2670     2.5      7476  406.9 -16.2  11.6 -39.5 258  28.9 257.0 25.026606 121.866131  0.31   33085     88
2671     2.9      7479  406.7 -16.3  10.8 -40.2 258  28.9 256.9 25.026659 121.866412  0.29   33114     88
2672     2.6      7481  406.6 -16.3  10.0 -41.0 258  28.9 256.9 25.026712 121.866692  0.26   33142     88
2673     3.1      7484  406.4 -16.3   9.1 -42.0 258  28.8 256.9 25.026764 121.866971  0.24   33171     88
2674     3.3      7488  406.3 -16.3   8.5 -42.6 258  28.8 256.8 25.026817 121.867250  0.22   33199     88
2675     2.1      7490  406.1 -16.4   8.5 -42.6 258  28.8 256.8 25.026870 121.867529  0.22   33228     88
2676     2.5      7492  406.0 -16.4   8.8 -42.3 258  28.8 256.8 25.026922 121.867807  0.23   33256     88
2677     3.2      7495  405.8 -16.4   8.9 -42.2 258  28.8 256.8 25.026974 121.868084  0.23   33284     88
2678     3.7      7499  405.7 -16.4   8.9 -42.2 258  28.8 256.8 25.027026 121.868360  0.23   33312     88
2679     2.2      7501  405.5 -16.4   8.9 -42.2 258  28.7 256.8 25.027081 121.868636  0.23   33340     88
2680     3.1      7505  405.4 -16.4   8.9 -42.2 258  28.7 256.8 25.027138 121.868912  0.23   33369     88
2681     3.7      7508  405.2 -16.4   9.0 -42.1 258  28.7 256.8 25.027197 121.869189  0.23   33397     88
2682     1.6      7510  405.0 -16.4   9.2 -41.9 258  28.7 256.7 25.027258 121.869466  0.24   33425     88
2683     3.2      7513  404.9 -16.5   9.5 -41.7 258  28.6 256.7 25.027318 121.869743  0.25   33453     88
2684     3.5      7517  404.7 -16.5   9.7 -41.5 258  28.6 256.7 25.027377 121.870020  0.25   33482     88
2685     2.7      7519  404.6 -16.6   9.9 -41.3 258  28.6 256.6 25.027435 121.870296  0.26   33510     88
2686     3.2      7523  404.4 -16.6  10.0 -41.2 258  28.6 256.6 25.027490 121.870570  0.26   33538     87
2687     3.2      7526  404.2 -16.6  10.0 -41.2 258  28.6 256.6 25.027544 121.870844  0.26   33565     87
2688     2.4      7528  404.1 -16.6  10.1 -41.2 258  28.5 256.6 25.027598 121.871120  0.26   33594     87
2689     2.7      7531  403.9 -16.6  10.0 -41.2 258  28.5 256.6 25.027650 121.871397  0.26   33622     87
2690     2.5      7533  403.8 -16.6  10.0 -41.3 258  28.5 256.5 25.027703 121.871675  0.26   33650     87
2691     3.9      7537  403.6 -16.7   9.9 -41.4 258  28.5 256.5 25.027754 121.871953  0.25   33678     87
2692     2.2      7539  403.5 -16.7   9.7 -41.6 258  28.4 256.5 25.027805 121.872229  0.25   33707     87
2693     2.6      7542  403.3 -16.8   9.5 -41.9 258  28.4 256.4 25.027857 121.872504  0.24   33735     87
2694     3.0      7545  403.2 -16.8   9.3 -42.1 258  28.4 256.4 25.027909 121.872778  0.24   33763     87
2695     3.1      7548  403.0 -16.8   9.2 -42.2 258  28.4 256.4 25.027961 121.873051  0.23   33790     87
2696     2.6      7551  402.9 -16.9   9.1 -42.3 258  28.4 256.3 25.028014 121.873322  0.23   33818     87
2697     2.7      7554  402.7 -16.9   9.0 -42.4 258  28.3 256.3 25.028068 121.873591  0.23   33845     87
2698     3.0      7557  402.6 -16.9   9.0 -42.5 258  28.3 256.3 25.028121 121.873861  0.23   33873     87
2699     3.2      7560  402.4 -16.9   9.0 -42.5 258  28.3 256.3 25.028174 121.874132  0.23   33901     87
2700     2.7      7562  402.2 -16.9   9.0 -42.5 258  28.3 256.3 25.028227 121.874405  0.23   33928     87
2701     2.8      7565  402.1 -16.9   9.0 -42.5 258  28.3 256.3 25.028279 121.874677  0.23   33956     87
2702     2.5      7568  401.9 -17.0   9.1 -42.4 259  28.2 256.2 25.028331 121.874950  0.23   33984     87
2703     3.2      7571  401.8 -17.0   9.1 -42.4 259  28.2 256.2 25.028381 121.875224  0.23   34012     87
2704     2.8      7574  401.6 -17.0   9.2 -42.4 259  28.2 256.2 25.028430 121.875498  0.23   34040     87
2705     3.5      7577  401.5 -17.1   9.2 -42.4 259  28.2 256.1 25.028478 121.875771  0.23   34068     87
2706     3.3      7581  401.3 -17.1   9.3 -42.4 259  28.2 256.1 25.028527 121.876043  0.23   34095     87
2707     2.4      7583  401.1 -17.1   9.3 -42.3 259  28.2 256.0 25.028576 121.876315  0.23   34123     87
2708     3.6      7587  401.0 -17.2   9.3 -42.3 259  28.1 256.0 25.028625 121.876586  0.23   34151     87
2709     3.0      7590  400.8 -17.2   9.4 -42.3 259  28.1 256.0 25.028675 121.876857  0.23   34178     87
2710     3.2      7593  400.6 -17.2   9.5 -42.2 259  28.1 256.0 25.028725 121.877128  0.23   34206     87
2711     2.2      7595  400.5 -17.2   9.6 -42.1 259  28.1 255.9 25.028774 121.877400  0.24   34234     87
2712     2.3      7597  400.3 -17.3   9.8 -41.9 259  28.1 255.9 25.028823 121.877673  0.24   34261     87
2713     3.7      7601  400.2 -17.3  10.0 -41.8 259  28.1 255.9 25.028871 121.877947  0.25   34289     87
2714     3.8      7605  400.0 -17.3  10.1 -41.7 259  28.1 255.9 25.028919 121.878221  0.25   34317     87
2715     3.2      7608  399.8 -17.3  10.2 -41.7 259  28.1 255.8 25.028968 121.878495  0.25   34345     87
2716     3.1      7611  399.7 -17.4  10.2 -41.7 259  28.1 255.8 25.029018 121.878768  0.25   34373     87
2717     2.2      7613  399.5 -17.4  10.2 -41.7 259  28.0 255.8 25.029068 121.879040  0.25   34401     87
2718     2.8      7616  399.4 -17.4  10.2 -41.7 259  28.0 255.8 25.029119 121.879313  0.25   34428     87
2719     2.9      7619  399.2 -17.5  10.3 -41.7 259  28.0 255.7 25.029168 121.879586  0.25   34456     87
2720     3.4      7622  399.1 -17.5  10.4 -41.6 258  28.0 255.7 25.029219 121.879858  0.25   34484     87
2721     2.2      7624  398.9 -17.5  10.6 -41.4 258  28.0 255.7 25.029272 121.880128  0.26   34512     87
2722     2.6      7627  398.8 -17.5  10.9 -41.2 258  28.0 255.7 25.029327 121.880396  0.26   34539     87
2723     3.0      7630  398.6 -17.5  11.2 -40.9 258  28.0 255.6 25.029381 121.880666  0.27   34566     87
2724     3.5      7633  398.4 -17.6  11.5 -40.7 258  28.0 255.6 25.029435 121.880936  0.28   34594     87
2725     3.4      7637  398.3 -17.6  11.8 -40.5 258  28.0 255.6 25.029487 121.881206  0.28   34622     87
2726     3.2      7640  398.1 -17.7  11.8 -40.5 258  28.0 255.5 25.029538 121.881476  0.28   34649     87
2727     2.8      7643  397.9 -17.7  11.8 -40.5 258  28.0 255.5 25.029589 121.881746  0.28   34677     87
2728     3.7      7647  397.8 -17.7  11.8 -40.6 258  28.0 255.5 25.029640 121.882016  0.28   34704     87
2729     3.5      7650  397.6 -17.7  11.8 -40.6 258  28.0 255.5 25.029689 121.882286  0.28   34732     87
2730     2.1      7652  397.4 -17.8  11.9 -40.5 258  27.9 255.4 25.029736 121.882558  0.28   34759     87
2731     3.3      7656  397.3 -17.8  12.0 -40.5 258  27.9 255.4 25.029784 121.882829  0.28   34787     87
2732     2.6      7658  397.1 -17.8  12.1 -40.4 258  27.9 255.4 25.029833 121.883100  0.29   34815     87
2733     3.2      7661  397.0 -17.8  12.2 -40.4 258  27.9 255.4 25.029886 121.883368  0.29   34842     87
2734     3.0      7664  396.8 -17.9  12.3 -40.3 258  27.9 255.3 25.029941 121.883636  0.29   34869     87
2735     2.9      7667  396.6 -17.9  12.4 -40.2 258  27.9 255.3 25.029997 121.883902  0.29   34896     87
2736     2.7      7670  396.5 -17.9  12.5 -40.1 258  27.9 255.3 25.030055 121.884168  0.29   34924     87
2737     3.1      7673  396.3 -17.9  12.6 -40.1 258  27.9 255.3 25.030112 121.884437  0.30   34951     87
2738     3.7      7677  396.2 -18.0  12.7 -40.0 258  27.9 255.2 25.030169 121.884708  0.30   34979     87
2739     2.6      7679  396.0 -18.0  12.7 -40.0 258  27.9 255.2 25.030225 121.884980  0.30   35007     87
2740     2.8      7682  395.9 -18.0  12.7 -40.1 258  27.8 255.2 25.030281 121.885252  0.30   35034     87
2741     2.9      7685  395.7 -18.0  12.6 -40.2 258  27.8 255.2 25.030335 121.885525  0.29   35062     87
2742     2.8      7688  395.5 -18.1  12.7 -40.2 258  27.8 255.1 25.030388 121.885799  0.29   35090     87
2743     3.6      7692  395.4 -18.1  12.8 -40.1 258  27.8 255.1 25.030440 121.886072  0.30   35118     87
2744     2.9      7694  395.2 -18.1  13.1 -39.9 258  27.8 255.1 25.030491 121.886345  0.30   35146     87
2745     2.9      7697  395.1 -18.1  13.6 -39.5 258  27.8 255.1 25.030541 121.886615  0.32   35173     87
2746     3.1      7700  394.9 -18.2  14.3 -39.1 258  27.7 255.0 25.030592 121.886885  0.33   35201     87
2747     2.4      7703  394.7 -18.2  14.9 -38.7 258  27.7 255.0 25.030644 121.887152  0.34   35228     87
2748     3.4      7706  394.6 -18.3  15.4 -38.4 258  27.7 254.9 25.030698 121.887418  0.35   35255     87
2749     2.9      7709  394.4 -18.3  15.7 -38.2 258  27.7 254.9 25.030753 121.887682  0.36   35282     87
2750     3.0      7712  394.3 -18.3  15.9 -38.2 258  27.6 254.9 25.030811 121.887944  0.36   35309     87
2751     3.4      7715  394.1 -18.3  15.7 -38.2 258  27.6 254.9 25.030871 121.888206  0.36   35336     87
2752     3.0      7718  393.9 -18.3  15.3 -38.5 258  27.6 254.9 25.030930 121.888468  0.35   35363     87
2753     3.0      7721  393.8 -18.3  14.3 -39.2 258  27.6 254.9 25.030987 121.888730  0.33   35389     87
2754     2.9      7724  393.6 -18.4  13.6 -39.7 258  27.5 254.8 25.031043 121.888994  0.31   35416     87
2755     3.3      7728  393.5 -18.4  13.6 -39.8 258  27.5 254.8 25.031097 121.889260  0.31   35444     87
2756     2.7      7730  393.3 -18.5  13.7 -39.7 258  27.5 254.7 25.031152 121.889527  0.31   35471     87
2757     3.8      7734  393.1 -18.5  13.6 -39.8 258  27.5 254.7 25.031207 121.889794  0.31   35498     87
2758     2.8      7737  393.0 -18.5  13.5 -39.9 258  27.4 254.7 25.031260 121.890060  0.31   35525     87
2759     2.8      7740  392.8 -18.5  13.5 -39.9 258  27.4 254.7 25.031313 121.890326  0.31   35552     87
2760     2.6      7742  392.7 -18.5  13.6 -39.9 258  27.4 254.7 25.031364 121.890591  0.31   35579     87
2761     2.8      7745  392.5 -18.5  13.8 -39.7 258  27.4 254.7 25.031414 121.890857  0.31   35607     87
2762     2.9      7748  392.4 -18.6  14.1 -39.5 258  27.3 254.6 25.031463 121.891122  0.32   35634     87
2763     3.2      7751  392.2 -18.6  14.4 -39.4 258  27.3 254.6 25.031511 121.891385  0.32   35660     87
2764     3.2      7755  392.0 -18.7  14.6 -39.3 258  27.3 254.5 25.031560 121.891649  0.33   35687     87
2765     3.7      7758  391.9 -18.7  14.8 -39.2 258  27.3 254.5 25.031611 121.891912  0.33   35714     87
2766     2.6      7761  391.7 -18.7  15.0 -39.1 258  27.2 254.5 25.031663 121.892175  0.33   35741     87
2767     3.2      7764  391.6 -18.7  15.0 -39.1 258  27.2 254.5 25.031716 121.892437  0.33   35768     87
2768     2.2      7766  391.4 -18.8  14.8 -39.2 258  27.2 254.4 25.031769 121.892699  0.33   35795     87
2769     3.4      7770  391.2 -18.8  14.7 -39.3 258  27.2 254.4 25.031822 121.892960  0.33   35821     87
2770     3.4      7773  391.1 -18.8  14.7 -39.3 258  27.2 254.4 25.031874 121.893222  0.33   35848     87
2771     2.8      7776  390.9 -18.8  15.0 -39.1 259  27.1 254.4 25.031925 121.893483  0.33   35875     87
2772     2.7      7779  390.7 -18.9  15.7 -38.7 259  27.1 254.3 25.031974 121.893745  0.35   35901     87
2773     3.5      7782  390.6 -18.9  16.8 -38.1 259  27.1 254.3 25.032021 121.894006  0.37   35928     87
2774     4.1      7786  390.4 -18.9  18.6 -37.1 259  27.1 254.3 25.032067 121.894269  0.41   35955     87
2775     2.3      7788  390.3 -18.9  20.9 -35.9 259  27.1 254.3 25.032114 121.894532  0.46   35982     87
2776     3.0      7791  390.1 -18.9  23.0 -35.0 259  27.1 254.3 25.032160 121.894794  0.50   36008     87
2777     3.0      7794  389.9 -19.0  24.3 -34.5 259  27.1 254.3 25.032207 121.895056  0.53   36035     87
2778     3.4      7798  389.8 -19.0  24.9 -34.2 259  27.1 254.3 25.032253 121.895319  0.55   36062     87
2779     3.0      7801  389.6 -19.0  25.3 -34.1 259  27.1 254.2 25.032297 121.895583  0.55   36089     87
2780     2.9      7804  389.5 -19.0  25.5 -34.0 259  27.1 254.2 25.032341 121.895847  0.56   36116     87
2781     3.0      7807  389.3 -19.0  25.7 -34.0 259  27.1 254.2 25.032384 121.896112  0.56   36143     87
2782     3.4      7810  389.1 -19.1  26.1 -33.8 259  27.1 254.2 25.032427 121.896376  0.57   36170     87
2783     3.0      7813  389.0 -19.1  27.0 -33.5 259  27.1 254.1 25.032470 121.896638  0.59   36196     87
2784     2.6      7816  388.8 -19.1  28.1 -33.1 259  27.1 254.1 25.032514 121.896898  0.61   36223     87
2785     2.9      7819  388.7 -19.2  28.9 -32.8 259  27.1 254.1 25.032559 121.897157  0.62   36249     87
2786     3.3      7822  388.5 -19.2  29.0 -32.8 259  27.1 254.1 25.032604 121.897416  0.63   36276     87
2787     2.9      7825  388.3 -19.2  28.8 -32.9 259  27.2 254.1 25.032648 121.897675  0.62   36302     87
2788     3.3      7828  388.2 -19.2  28.5 -33.0 259  27.2 254.0 25.032692 121.897937  0.62   36329     87
2789     2.8      7831  388.0 -19.2  28.4 -33.1 259  27.2 254.0 25.032738 121.898200  0.61   36356     87
2790     3.6      7835  387.8 -19.3  28.5 -33.1 259  27.2 254.0 25.032785 121.898465  0.61   36383     87
2791     3.7      7838  387.7 -19.3  28.7 -33.1 259  27.2 253.9 25.032832 121.898732  0.61   36410     87
2792     3.1      7841  387.5 -19.4  28.8 -33.0 260  27.3 253.9 25.032878 121.899001  0.61   36437     87
2793     3.0      7844  387.3 -19.4  28.9 -33.1 260  27.3 253.9 25.032922 121.899270  0.61   36465     87
2794     2.8      7847  387.2 -19.4  29.0 -33.0 260  27.3 253.8 25.032966 121.899541  0.62   36492     87
2795     3.3      7851  387.0 -19.4  29.1 -33.0 260  27.3 253.8 25.033009 121.899812  0.62   36520     87
2796     3.2      7854  386.8 -19.5  29.1 -33.0 260  27.4 253.8 25.033052 121.900083  0.62   36548     87
2797     3.1      7857  386.7 -19.5  28.9 -33.1 260  27.4 253.8 25.033094 121.900353  0.61   36575     87
2798     2.9      7860  386.5 -19.5  28.8 -33.2 260  27.4 253.8 25.033138 121.900620  0.61   36602     87
2799     3.7      7863  386.4 -19.5  29.4 -33.0 260  27.4 253.7 25.033182 121.900883  0.62   36629     87
2800     3.0      7866  386.2 -19.5  31.0 -32.4 260  27.5 253.7 25.033227 121.901144  0.65   36656     87
2801     3.2      7870  386.0 -19.5  33.1 -31.8 260  27.5 253.7 25.033272 121.901404  0.70   36682     87
2802     3.1      7873  385.9 -19.5  34.5 -31.3 260  27.5 253.7 25.033316 121.901666  0.73   36709     87
2803     3.1      7876  385.7 -19.6  35.1 -31.2 260  27.6 253.7 25.033362 121.901931  0.74   36736     87
2804     3.0      7879  385.5 -19.6  35.5 -31.1 260  27.6 253.6 25.033409 121.902200  0.74   36764     87
2805     3.5      7882  385.4 -19.7  35.8 -31.0 260  27.6 253.6 25.033455 121.902470  0.75   36791     87
2806     2.2      7884  385.2 -19.7  36.1 -31.0 260  27.7 253.6 25.033499 121.902742  0.75   36819     87
2807     2.7      7887  385.1 -19.7  36.5 -30.9 260  27.7 253.6 25.033541 121.903014  0.76   36847     87
2808     3.2      7890  384.9 -19.7  36.9 -30.8 260  27.7 253.6 25.033581 121.903287  0.77   36874     87
2809     3.5      7894  384.8 -19.7  37.4 -30.7 260  27.7 253.5 25.033621 121.903559  0.78   36902     87
2810     2.7      7897  384.6 -19.8  38.0 -30.5 260  27.8 253.5 25.033661 121.903832  0.79   36930     87
2811     3.8      7900  384.4 -19.8  38.6 -30.4 260  27.8 253.5 25.033700 121.904104  0.80   36958     87
2812     3.3      7904  384.3 -19.8  39.3 -30.2 260  27.8 253.5 25.033738 121.904376  0.81   36985     87
2813     2.8      7907  384.1 -19.8  39.9 -30.0 260  27.9 253.5 25.033778 121.904648  0.83   37013     87
2814     2.3      7909  384.0 -19.8  40.2 -30.0 260  27.9 253.4 25.033819 121.904919  0.83   37041     87
2815     2.9      7912  383.8 -19.9  40.3 -30.0 260  27.9 253.4 25.033860 121.905191  0.83   37068     87
2816     3.9      7916  383.6 -19.9  40.4 -30.0 260  28.0 253.4 25.033901 121.905463  0.83   37096     87
2817     2.7      7918  383.5 -19.9  40.6 -30.0 260  28.0 253.3 25.033942 121.905736  0.83   37124     87
2818     3.6      7922  383.3 -20.0  40.8 -29.9 260  28.1 253.3 25.033982 121.906010  0.84   37152     87
2819     2.6      7925  383.2 -20.0  41.1 -29.9 260  28.1 253.3 25.034023 121.906285  0.84   37180     87
2820     3.0      7928  383.0 -20.0  41.4 -29.9 260  28.1 253.2 25.034063 121.906562  0.84   37208     87
2821     3.2      7931  382.9 -20.1  41.6 -29.8 260  28.2 253.2 25.034102 121.906838  0.85   37236     87
2822     2.6      7933  382.7 -20.1  41.9 -29.8 260  28.2 253.2 25.034142 121.907115  0.85   37264     87
2823     3.3      7937  382.5 -20.1  42.0 -29.8 260  28.2 253.2 25.034181 121.907391  0.85   37292     87
2824     2.8      7939  382.4 -20.2  42.2 -29.8 260  28.3 253.1 25.034222 121.907668  0.85   37321     87
2825     3.9      7943  382.2 -20.2  42.2 -29.8 260  28.3 253.1 25.034263 121.907944  0.85   37349     87
2826     2.9      7946  382.1 -20.2  42.0 -29.9 260  28.3 253.1 25.034306 121.908220  0.84   37377     87
2827     2.6      7949  381.9 -20.2  41.6 -30.0 260  28.4 253.0 25.034348 121.908496  0.84   37405     87
2828     3.4      7952  381.7 -20.3  41.0 -30.2 260  28.4 253.0 25.034393 121.908772  0.82   37433     87
2829     3.6      7956  381.6 -20.3  40.5 -30.3 260  28.4 253.0 25.034438 121.909048  0.81   37461     87
2830     3.7      7959  381.4 -20.3  40.0 -30.5 260  28.5 252.9 25.034483 121.909324  0.80   37490     87
2831     2.2      7962  381.2 -20.3  39.2 -30.7 260  28.5 252.9 25.034528 121.909602  0.78   37518     87
2832     3.6      7965  381.1 -20.3  38.2 -31.0 260  28.5 252.9 25.034573 121.909879  0.76   37546     87
2833     3.4      7969  380.9 -20.3  37.3 -31.2 260  28.5 253.0 25.034620 121.910155  0.75   37574     87
2834     2.6      7971  380.8 -20.3  37.1 -31.2 260  28.5 253.0 25.034669 121.910432  0.74   37603     87
2835     2.9      7974  380.6 -20.3  37.5 -31.1 259  28.6 253.0 25.034718 121.910711  0.75   37631     87
2836     2.8      7977  380.5 -20.3  38.1 -31.0 259  28.6 253.0 25.034768 121.910990  0.76   37659     87
2837     3.1      7980  380.3 -20.3  38.7 -30.8 259  28.6 253.0 25.034818 121.911270  0.78   37688     87
2838     3.5      7984  380.1 -20.3  39.3 -30.7 259  28.6 252.9 25.034868 121.911552  0.79   37717     87
2839     3.1      7987  380.0 -20.3  39.8 -30.6 259  28.6 252.9 25.034919 121.911834  0.79   37746     87
2840     3.1      7990  379.8 -20.4  40.1 -30.5 259  28.6 252.9 25.034970 121.912116  0.80   37774     87
2841     2.4      7992  379.7 -20.4  40.4 -30.5 259  28.6 252.9 25.035022 121.912398  0.80   37803     86
2842     2.9      7995  379.5 -20.4  40.6 -30.4 259  28.6 252.8 25.035075 121.912679  0.81   37832     86
2843     2.9      7998  379.4 -20.5  41.0 -30.4 259  28.6 252.8 25.035129 121.912958  0.81   37860     86
2844     3.2      8001  379.2 -20.5  41.5 -30.3 259  28.6 252.8 25.035181 121.913236  0.82   37889     86
2845     3.0      8004  379.1 -20.6  41.8 -30.2 259  28.6 252.7 25.035233 121.913512  0.82   37917     86
2846     3.1      8007  378.9 -20.6  42.2 -30.2 259  28.6 252.6 25.035285 121.913787  0.82   37945     86
2847     3.2      8011  378.8 -20.7  42.3 -30.2 258  28.6 252.6 25.035337 121.914062  0.83   37973     86
2848     2.8      8013  378.6 -20.7  42.2 -30.2 258  28.6 252.6 25.035388 121.914335  0.82   38001     86
2849     3.0      8016  378.4 -20.7  41.9 -30.3 258  28.6 252.6 25.035439 121.914608  0.82   38029     86
2850     3.2      8020  378.3 -20.7  41.5 -30.4 258  28.6 252.6 25.035489 121.914882  0.81   38057     86
2851     3.1      8023  378.1 -20.7  41.3 -30.5 258  28.5 252.5 25.035540 121.915155  0.80   38085     86
2852     2.6      8025  378.0 -20.7  41.0 -30.6 258  28.5 252.6 25.035592 121.915428  0.80   38113     86
2853     3.4      8029  377.8 -20.7  40.6 -30.7 258  28.5 252.6 25.035646 121.915702  0.79   38141     86
2854     3.5      8032  377.6 -20.7  40.3 -30.7 258  28.5 252.6 25.035701 121.915977  0.79   38169     86
2855     3.6      8036  377.5 -20.7  40.3 -30.7 258  28.5 252.6 25.035758 121.916252  0.79   38197     86
2856     2.6      8038  377.3 -20.7  40.4 -30.7 258  28.5 252.6 25.035816 121.916527  0.79   38225     86
2857     3.0      8041  377.2 -20.7  40.5 -30.7 258  28.5 252.5 25.035872 121.916802  0.79   38253     86
2858     2.8      8044  377.0 -20.8  40.3 -30.8 258  28.5 252.5 25.035928 121.917076  0.78   38281     86
2859     3.9      8048  376.9 -20.8  39.9 -31.0 258  28.5 252.4 25.035983 121.917350  0.77   38309     86
2860     2.9      8051  376.7 -20.9  39.4 -31.1 258  28.4 252.4 25.036039 121.917624  0.76   38337     86
2861     2.2      8053  376.5 -20.9  39.1 -31.2 258  28.4 252.4 25.036095 121.917897  0.75   38365     86
2862     3.7      8057  376.4 -20.9  38.9 -31.3 258  28.4 252.4 25.036151 121.918169  0.75   38393     86
2863     3.0      8060  376.2 -20.9  38.5 -31.4 258  28.4 252.4 25.036206 121.918442  0.74   38421     86
2864     2.7      8063  376.1 -20.9  38.1 -31.6 258  28.4 252.3 25.036260 121.918715  0.73   38449     86
2865     4.0      8067  375.9 -20.9  37.8 -31.7 258  28.4 252.3 25.036313 121.918989  0.72   38477     86
2866     2.3      8069  375.8 -21.0  37.7 -31.7 258  28.4 252.3 25.036367 121.919262  0.72   38505     86
2867     3.0      8072  375.6 -21.0  37.7 -31.7 258  28.4 252.3 25.036421 121.919535  0.72   38533     86
2868     2.7      8075  375.5 -21.0  37.9 -31.7 258  28.4 252.3 25.036475 121.919809  0.72   38561     86
2869     3.6      8078  375.3 -21.1  38.1 -31.7 258  28.4 252.2 25.036528 121.920087  0.72   38589     86
2870     3.1      8081  375.2 -21.1  38.3 -31.7 258  28.4 252.2 25.036581 121.920366  0.73   38618     86
2871     2.6      8084  375.0 -21.1  38.4 -31.7 258  28.4 252.1 25.036634 121.920646  0.73   38646     86
2872     2.8      8087  374.9 -21.2  38.4 -31.7 258  28.5 252.1 25.036689 121.920925  0.72   38675     86
2873     3.5      8090  374.7 -21.2  38.3 -31.7 258  28.5 252.1 25.036743 121.921202  0.72   38703     86
2874     2.2      8093  374.5 -21.2  38.2 -31.7 258  28.5 252.1 25.036797 121.921476  0.72   38731     86
2875     3.2      8096  374.4 -21.1  38.0 -31.8 258  28.5 252.1 25.036851 121.921749  0.72   38759     86
2876     3.2      8099  374.2 -21.1  37.9 -31.8 258  28.5 252.1 25.036906 121.922021  0.72   38787     86
2877     2.9      8102  374.1 -21.1  38.2 -31.7 258  28.5 252.1 25.036961 121.922293  0.72   38815     86
2878     3.3      8105  373.9 -21.2  38.9 -31.5 258  28.5 252.1 25.037016 121.922566  0.74   38843     86
2879     3.1      8108  373.8 -21.2  39.9 -31.3 258  28.5 252.1 25.037070 121.922840  0.75   38871     86
2880     2.8      8111  373.6 -21.2  40.9 -31.1 258  28.5 252.1 25.037123 121.923116  0.77   38899     86
2881     2.8      8114  373.5 -21.2  41.9 -30.8 258  28.5 252.1 25.037176 121.923393  0.79   38927     86
2882     3.3      8117  373.3 -21.3  43.3 -30.5 258  28.5 252.0 25.037228 121.923672  0.81   38956     86
2883     3.0      8120  373.2 -21.3  45.3 -30.1 258  28.5 252.0 25.037281 121.923952  0.85   38985     86
2884     2.8      8123  373.0 -21.3  47.1 -29.7 258  28.5 252.0 25.037333 121.924231  0.88   39013     86
2885     3.2      8126  372.9 -21.3  47.9 -29.5 258  28.5 252.0 25.037386 121.924509  0.90   39041     86
2886     3.3      8129  372.7 -21.3  48.0 -29.5 258  28.5 252.0 25.037438 121.924786  0.90   39070     86
2887     3.5      8133  372.6 -21.3  47.7 -29.6 258  28.6 251.9 25.037492 121.925063  0.89   39098     86
2888     2.6      8135  372.4 -21.4  47.7 -29.6 258  28.6 251.9 25.037545 121.925340  0.89   39126     86
2889     2.9      8138  372.2 -21.4  48.0 -29.5 258  28.6 251.9 25.037596 121.925619  0.89   39155     86
2890     2.7      8141  372.1 -21.4  48.4 -29.5 258  28.6 251.9 25.037646 121.925898  0.90   39184     86
2891     3.5      8145  371.9 -21.5  49.2 -29.4 258  28.6 251.8 25.037695 121.926178  0.91   39212     86
2892     2.6      8147  371.8 -21.5  50.0 -29.2 258  28.6 251.7 25.037745 121.926456  0.92   39241     86
2893     3.4      8151  371.6 -21.6  50.6 -29.2 258  28.6 251.7 25.037795 121.926732  0.93   39269     86
2894     2.9      8153  371.5 -21.6  50.8 -29.1 258  28.6 251.7 25.037846 121.927006  0.93   39297     86
2895     2.7      8156  371.3 -21.6  50.9 -29.1 259  28.6 251.7 25.037897 121.927279  0.93   39325     86
2896     3.3      8159  371.2 -21.6  50.9 -29.1 259  28.6 251.7 25.037949 121.927553  0.93   39353     86
2897     3.1      8162  371.0 -21.7  51.0 -29.1 259  28.6 251.6 25.038001 121.927830  0.93   39381     86
2898     3.3      8166  370.9 -21.7  51.4 -29.1 259  28.6 251.6 25.038052 121.928109  0.94   39410     86
2899     2.3      8168  370.7 -21.7  51.9 -29.0 259  28.7 251.6 25.038104 121.928390  0.94   39438     86
2900     3.1      8171  370.6 -21.8  52.5 -28.9 259  28.7 251.5 25.038156 121.928672  0.95   39467     86
2901     3.1      8174  370.4 -21.8  53.2 -28.8 259  28.7 251.5 25.038210 121.928953  0.96   39496     86
2902     3.0      8177  370.3 -21.8  54.0 -28.6 259  28.7 251.5 25.038265 121.929234  0.98   39525     86
2903     3.5      8181  370.1 -21.8  54.7 -28.5 259  28.7 251.5 25.038319 121.929516  0.99   39553     86
2904     2.8      8184  370.0 -21.8  55.2 -28.4 259  28.7 251.5 25.038371 121.929799  1.00   39582     86
2905     3.4      8187  369.8 -21.9  55.4 -28.4 259  28.7 251.4 25.038420 121.930080  1.00   39611     86
2906     2.2      8189  369.7 -21.9  55.7 -28.4 259  28.7 251.4 25.038468 121.930359  1.00   39639     86
2907     3.0      8192  369.5 -22.0  55.9 -28.5 259  28.8 251.3 25.038516 121.930636  1.00   39668     86
2908     2.5      8195  369.4 -22.0  56.3 -28.4 259  28.8 251.3 25.038563 121.930912  1.00   39696     86
2909     3.2      8198  369.2 -22.0  57.6 -28.2 259  28.8 251.3 25.038610 121.931188  1.02   39724     86
2910     3.1      8201  369.1 -22.1  59.5 -27.9 259  28.8 251.2 25.038657 121.931464  1.05   39752     86
2911     2.5      8203  369.0 -22.1  61.2 -27.6 259  28.8 251.2 25.038704 121.931741  1.08   39781     86
2912     3.4      8207  368.8 -22.1  61.9 -27.5 259  28.9 251.2 25.038752 121.932020  1.09   39809     86
2913     2.7      8210  368.7 -22.2  62.0 -27.5 259  28.9 251.2 25.038800 121.932302  1.09   39838     86
2914     3.3      8213  368.5 -22.2  62.2 -27.5 260  28.9 251.1 25.038848 121.932584  1.09   39867     86
2915     3.2      8216  368.3 -22.3  62.6 -27.5 260  28.9 251.0 25.038897 121.932867  1.09   39896     86
2916     3.1      8219  368.2 -22.3  62.9 -27.5 260  29.0 251.0 25.038946 121.933149  1.09   39925     86
2917     2.5      8222  368.0 -22.3  63.1 -27.5 260  29.0 251.0 25.038995 121.933430  1.10   39953     86
2918     3.2      8225  367.9 -22.3  63.1 -27.5 260  29.1 251.0 25.039044 121.933711  1.10   39982     86
2919     3.2      8228  367.7 -22.3  63.2 -27.5 260  29.1 251.0 25.039091 121.933991  1.10   40011     86
2920     3.3      8231  367.6 -22.4  63.1 -27.5 260  29.1 251.0 25.039136 121.934272  1.09   40039     86
2921     2.9      8234  367.4 -22.4  63.0 -27.5 260  29.2 250.9 25.039178 121.934551  1.09   40068     86
2922     2.6      8237  367.3 -22.4  63.2 -27.5 260  29.2 250.9 25.039218 121.934832  1.09   40096     86
2923     2.9      8240  367.1 -22.4  63.8 -27.4 260  29.3 250.9 25.039257 121.935116  1.10   40125     86
2924     3.3      8243  367.0 -22.5  64.7 -27.3 260  29.3 250.8 25.039298 121.935402  1.11   40154     86
2925     3.7      8247  366.8 -22.5  65.5 -27.2 260  29.4 250.8 25.039341 121.935689  1.12   40184     86
2926     2.7      8249  366.7 -22.6  66.3 -27.2 260  29.4 250.8 25.039385 121.935979  1.13   40213     86
2927     3.1      8252  366.5 -22.6  66.9 -27.1 260  29.5 250.7 25.039430 121.936268  1.14   40243     86
2928     3.0      8255  366.4 -22.6  67.7 -27.0 261  29.5 250.7 25.039473 121.936558  1.15   40272     86
2929     2.4      8258  366.3 -22.6  68.5 -26.9 261  29.6 250.7 25.039517 121.936848  1.16   40302     86
2930     2.9      8261  366.1 -22.7  69.2 -26.8 261  29.6 250.7 25.039560 121.937138  1.17   40331     86
2931     2.8      8263  366.0 -22.7  69.7 -26.7 261  29.6 250.6 25.039604 121.937428  1.18   40361     86
2932     2.7      8266  365.8 -22.7  70.1 -26.7 261  29.7 250.6 25.039647 121.937721  1.18   40391     86
2933     2.8      8269  365.7 -22.8  70.6 -26.6 261  29.7 250.6 25.039690 121.938014  1.19   40421     86
2934     2.5      8271  365.6 -22.8  71.1 -26.6 261  29.8 250.6 25.039732 121.938309  1.19   40451     86
2935     3.0      8274  365.4 -22.8  71.8 -26.5 261  29.8 250.5 25.039774 121.938605  1.20   40481     86
2936     3.0      8277  365.3 -22.8  72.5 -26.4 261  29.8 250.5 25.039817 121.938900  1.21   40511     86
2937     3.2      8281  365.1 -22.9  73.2 -26.3 261  29.9 250.5 25.039858 121.939195  1.22   40541     86
2938     3.3      8284  365.0 -22.9  73.9 -26.3 261  29.9 250.5 25.039900 121.939489  1.23   40571     86
2939     2.5      8286  364.8 -22.9  74.5 -26.2 261  29.9 250.4 25.039940 121.939783  1.24   40601     86
2940     3.3      8290  364.7 -22.9  75.2 -26.1 261  29.9 250.4 25.039982 121.940077  1.25   40631     86
2941     2.5      8292  364.5 -22.9  76.1 -26.0 261  29.9 250.4 25.040026 121.940370  1.26   40661     86
2942     2.6      8295  364.4 -23.0  77.4 -25.8 261  29.9 250.4 25.040072 121.940665  1.28   40691     86
2943     2.6      8297  364.3 -23.0  79.1 -25.6 261  29.9 250.4 25.040117 121.940959  1.31   40721     86
2944     3.2      8301  364.1 -23.0  80.7 -25.4 261  30.0 250.3 25.040162 121.941254  1.33   40751     86
2945     3.2      8304  364.0 -23.0  81.7 -25.3 260  30.0 250.3 25.040207 121.941548  1.35   40781     86
2946     2.9      8307  363.8 -23.1  82.0 -25.3 260  30.0 250.3 25.040253 121.941842  1.35   40811     86
2947     2.6      8309  363.7 -23.1  82.0 -25.3 260  30.0 250.3 25.040298 121.942136  1.35   40841     86
2948     3.4      8313  363.5 -23.1  82.1 -25.3 260  30.0 250.2 25.040343 121.942429  1.35   40871     86
2949     3.2      8316  363.4 -23.1  82.7 -25.3 260  30.0 250.2 25.040389 121.942721  1.35   40901     86
2950     2.4      8318  363.2 -23.2  83.7 -25.2 260  30.0 250.2 25.040436 121.943010  1.37   40930     86
2951     3.0      8321  363.1 -23.2  84.9 -25.0 260  30.0 250.2 25.040485 121.943299  1.39   40960     86
2952     3.2      8324  362.9 -23.2  86.1 -24.9 260  30.0 250.2 25.040534 121.943587  1.41   40989     86
2953     2.7      8327  362.8 -23.2  87.2 -24.8 260  30.0 250.2 25.040583 121.943877  1.42   41019     86
2954     2.9      8330  362.7 -23.2  88.0 -24.7 260  30.0 250.1 25.040632 121.944166  1.43   41049     86
2955     3.1      8333  362.5 -23.2  88.8 -24.6 260  30.0 250.1 25.040681 121.944455  1.45   41078     86
2956     2.6      8336  362.4 -23.2  89.4 -24.5 260  30.0 250.1 25.040730 121.944743  1.46   41107     86
2957     2.8      8339  362.2 -23.2  89.7 -24.5 260  30.0 250.1 25.040779 121.945030  1.46   41137     86
2958     2.9      8342  362.1 -23.3  89.5 -24.5 260  30.0 250.1 25.040828 121.945318  1.46   41166     86
2959     3.4      8345  361.9 -23.3  88.9 -24.6 260  30.0 250.1 25.040875 121.945608  1.44   41196     86
2960     2.6      8347  361.8 -23.3  87.9 -24.7 260  30.0 250.1 25.040923 121.945898  1.43   41225     86
2961     2.1      8350  361.7 -23.3  87.0 -24.8 260  30.0 250.1 25.040972 121.946190  1.42   41255     86
2962     3.4      8353  361.5 -23.3  86.4 -24.9 260  30.0 250.1 25.041023 121.946482  1.41   41285     86
2963     3.2      8356  361.4 -23.3  86.1 -24.9 260  30.0 250.1 25.041076 121.946774  1.40   41315     86
2964     3.1      8359  361.2 -23.3  86.0 -25.0 260  30.0 250.1 25.041129 121.947068  1.40   41345     86
2965     3.1      8362  361.1 -23.3  86.1 -25.0 259  30.0 250.1 25.041183 121.947361  1.40   41375     86
2966     2.7      8365  360.9 -23.3  86.3 -25.0 259  30.0 250.1 25.041236 121.947654  1.40   41405     86
2967     2.8      8368  360.8 -23.3  86.3 -25.0 259  30.0 250.0 25.041288 121.947947  1.40   41435     86
2968     2.8      8371  360.6 -23.3  86.2 -25.0 259  30.0 250.0 25.041339 121.948240  1.40   41465     86
2969     2.9      8374  360.5 -23.4  86.1 -25.0 259  30.0 250.0 25.041390 121.948533  1.39   41495     86
2970     2.9      8377  360.4 -23.4  85.9 -25.1 259  30.0 250.0 25.041440 121.948827  1.39   41525     86
2971     2.8      8379  360.2 -23.4  85.6 -25.1 259  30.0 250.0 25.041488 121.949122  1.38   41555     86
2972     2.8      8382  360.1 -23.4  85.3 -25.2 259  30.0 249.9 25.041536 121.949417  1.38   41585     86
2973     2.8      8385  359.9 -23.4  84.9 -25.3 259  30.0 249.9 25.041584 121.949711  1.37   41615     86
2974     2.8      8388  359.8 -23.4  84.5 -25.3 259  29.9 249.9 25.041631 121.950003  1.36   41645     86
2975     3.7      8392  359.6 -23.5  84.3 -25.4 259  29.9 249.9 25.041680 121.950293  1.35   41675     86
2976     3.1      8395  359.5 -23.5  84.2 -25.4 259  29.9 249.9 25.041729 121.950583  1.35   41704     86
2977     2.6      8397  359.4 -23.5  83.9 -25.5 259  29.9 249.9 25.041780 121.950871  1.35   41734     86
2978     2.8      8400  359.2 -23.5  83.6 -25.5 259  29.9 249.8 25.041833 121.951158  1.34   41763     86
2979     1.6      8402  359.1 -23.5  83.2 -25.6 259  29.9 249.8 25.041887 121.951446  1.33   41793     86
2980     3.0      8405  359.0 -23.6  82.7 -25.7 259  29.9 249.8 25.041941 121.951735  1.32   41822     86
2981     2.9      8408  358.8 -23.6  82.2 -25.8 259  29.9 249.8 25.041994 121.952025  1.31   41852     86
2982     2.9      8411  358.7 -23.6  81.8 -25.8 259  29.9 249.7 25.042048 121.952315  1.30   41881     86
2983     2.9      8413  358.5 -23.6  81.5 -25.9 259  29.9 249.7 25.042101 121.952607  1.30   41911     86
2984     2.9      8416  358.4 -23.6  81.4 -25.9 259  29.8 249.7 25.042154 121.952899  1.29   41941     86
2985     3.0      8419  358.3 -23.7  81.5 -26.0 259  29.8 249.7 25.042206 121.953192  1.29   41971     86
2986     3.1      8422  358.1 -23.7  81.7 -26.0 259  29.8 249.6 25.042258 121.953485  1.29   42001     86
2987     3.1      8425  358.0 -23.7  81.7 -26.0 259  29.8 249.6 25.042310 121.953779  1.29   42031     86
2988     2.4      8428  357.8 -23.7  81.7 -26.0 259  29.8 249.6 25.042363 121.954071  1.29   42061     86
2989     2.8      8431  357.7 -23.7  81.5 -26.0 259  29.8 249.6 25.042417 121.954361  1.29   42091     86
2990     2.4      8433  357.6 -23.7  81.0 -26.1 259  29.8 249.6 25.042470 121.954649  1.28   42120     86
2991     3.1      8436  357.4 -23.8  80.7 -26.2 259  29.8 249.6 25.042523 121.954937  1.27   42150     86
2992     2.9      8439  357.3 -23.8  80.6 -26.2 259  29.8 249.5 25.042576 121.955224  1.27   42179     86
2993     3.1      8442  357.2 -23.8  80.7 -26.2 259  29.7 249.5 25.042630 121.955512  1.26   42208     86
2994     2.5      8445  357.0 -23.9  80.9 -26.2 259  29.7 249.5 25.042685 121.955799  1.26   42238     86
2995     2.8      8448  356.9 -23.9  81.0 -26.2 259  29.7 249.5 25.042742 121.956084  1.27   42267     86
2996     2.8      8450  356.7 -23.9  81.2 -26.2 259  29.7 249.5 25.042797 121.956369  1.27   42296     86
2997     3.7      8454  356.6 -23.9  81.3 -26.2 259  29.7 249.4 25.042851 121.956654  1.27   42325     86
2998     2.5      8457  356.5 -23.9  81.3 -26.3 259  29.7 249.4 25.042903 121.956938  1.26   42354     86
2999     2.3      8459  356.3 -24.0  80.8 -26.3 259  29.7 249.4 25.042953 121.957223  1.25   42384     86
3000     2.4      8461  356.2 -24.0  80.5 -26.4 259  29.7 249.4 25.043002 121.957510  1.25   42413     86
3001     2.3      8464  356.1 -24.0  80.2 -26.5 259  29.7 249.3 25.043048 121.957799  1.24   42442     86
3002     3.0      8467  355.9 -24.0  79.5 -26.6 259  29.7 249.3 25.043091 121.958089  1.23   42472     86
3003     2.8      8469  355.8 -24.0  78.3 -26.7 259  29.7 249.3 25.043134 121.958381  1.21   42502     86
3004     2.7      8472  355.7 -24.0  77.3 -26.9 259  29.7 249.3 25.043176 121.958674  1.19   42532     86
3005     2.8      8475  355.6 -24.1  76.8 -27.0 259  29.7 249.3 25.043220 121.958967  1.18   42562     86
3006     2.5      8477  355.4 -24.1  76.7 -27.0 260  29.7 249.3 25.043267 121.959261  1.18   42592     86
3007     2.6      8480  355.3 -24.1  76.4 -27.0 260  29.7 249.3 25.043318 121.959552  1.18   42621     86
3008     3.2      8483  355.2 -24.0  75.9 -27.1 260  29.7 249.3 25.043372 121.959840  1.17   42651     86
3009     2.4      8486  355.0 -24.0  75.3 -27.2 260  29.8 249.3 25.043427 121.960125  1.17   42680     86
3010     2.6      8488  354.9 -24.0  74.9 -27.2 260  29.8 249.3 25.043481 121.960411  1.16   42709     86
3011     2.1      8490  354.8 -24.0  74.6 -27.3 260  29.8 249.3 25.043534 121.960697  1.16   42739     86
3012     3.6      8494  354.6 -24.0  73.9 -27.4 260  29.8 249.3 25.043585 121.960984  1.14   42768     86
3013     3.3      8497  354.5 -24.1  72.7 -27.6 260  29.8 249.3 25.043633 121.961272  1.12   42797     86
3014     2.3      8499  354.3 -24.1  70.4 -28.0 260  29.8 249.2 25.043680 121.961561  1.09   42827     86
3015     3.2      8503  354.2 -24.1  67.1 -28.5 260  29.8 249.2 25.043724 121.961852  1.03   42857     86
3016     2.9      8505  354.1 -24.1  63.5 -29.1 260  29.8 249.2 25.043766 121.962145  0.98   42886     86
3017     3.1      8509  353.9 -24.2  60.6 -29.6 260  29.8 249.1 25.043806 121.962438  0.93   42916     86
3018     1.9      8511  353.8 -24.2  59.2 -29.9 260  29.9 249.1 25.043846 121.962732  0.91   42946     86
3019     2.8      8513  353.7 -24.2  59.2 -29.9 260  29.9 249.1 25.043886 121.963026  0.91   42976     86
3020     3.2      8516  353.5 -24.2  59.7 -29.8 260  29.9 249.1 25.043928 121.963319  0.92   43006     86
3021     2.0      8519  353.4 -24.2  59.7 -29.8 261  29.9 249.1 25.043971 121.963610  0.92   43036     86
3022     2.6      8521  353.3 -24.2  59.2 -29.9 261  29.9 249.1 25.044014 121.963898  0.91   43065     86
3023     2.8      8524  353.2 -24.2  59.1 -29.9 261  29.9 249.1 25.044058 121.964188  0.91   43095     86
3024     3.1      8527  353.0 -24.2  59.7 -29.8 261  29.9 249.1 25.044102 121.964479  0.92   43125     86
3025     1.4      8528  352.9 -24.2  60.9 -29.6 261  29.9 249.1 25.044147 121.964770  0.93   43154     86
3026     2.9      8531  352.8 -24.2  62.2 -29.4 261  29.9 249.1 25.044192 121.965059  0.95   43184     86
3027     2.5      8534  352.7 -24.2  63.0 -29.3 261  30.0 249.1 25.044236 121.965349  0.96   43213     86
3028     2.6      8536  352.5 -24.3  63.0 -29.3 261  30.0 249.0 25.044279 121.965638  0.96   43243     86
3029     3.3      8540  352.4 -24.3  62.6 -29.4 261  30.0 249.0 25.044322 121.965928  0.96   43273     86
3030     2.8      8543  352.3 -24.3  62.1 -29.5 261  30.0 249.0 25.044363 121.966220  0.95   43302     86
3031     2.7      8545  352.1 -24.3  61.9 -29.5 261  30.0 249.0 25.044404 121.966512  0.94   43332     86
3032     2.6      8548  352.0 -24.3  61.9 -29.6 261  30.0 249.0 25.044446 121.966804  0.94   43362     86
3033     2.6      8550  351.9 -24.3  62.0 -29.6 261  30.0 249.0 25.044489 121.967096  0.94   43392     86
3034     2.6      8553  351.8 -24.3  62.0 -29.6 261  30.0 249.0 25.044532 121.967389  0.94   43422     86
3035     2.6      8556  351.6 -24.3  62.0 -29.6 261  30.0 249.0 25.044575 121.967681  0.94   43451     86
3036     2.6      8558  351.5 -24.3  62.0 -29.6 261  30.0 248.9 25.044619 121.967974  0.94   43481     86
3037     2.6      8561  351.4 -24.4  62.0 -29.6 261  30.1 248.9 25.044663 121.968266  0.94   43511     86
3038     2.6      8564  351.3 -24.4  62.0 -29.6 261  30.1 248.9 25.044708 121.968559  0.94   43541     86
3039     2.6      8566  351.1 -24.4  62.1 -29.6 261  30.1 248.9 25.044752 121.968852  0.94   43571     86
3040     2.6      8569  351.0 -24.4  62.1 -29.6 261  30.1 248.9 25.044797 121.969144  0.94   43601     86
3041     2.6      8571  350.9 -24.4  62.1 -29.6 261  30.1 248.9 25.044842 121.969437  0.94   43631     86
3042     2.6      8574  350.7 -24.4  62.1 -29.6 261  30.1 248.9 25.044888 121.969730  0.94   43661     86
3043     2.6      8577  350.6 -24.4  62.1 -29.6 261  30.1 248.9 25.044933 121.970023  0.94   43690     86
3044     2.6      8579  350.5 -24.4  62.2 -29.6 261  30.1 248.9 25.044978 121.970316  0.94   43720     85
3045     2.6      8582  350.4 -24.4  62.2 -29.6 261  30.1 248.9 25.045023 121.970608  0.94   43750     85
3046     2.6      8584  350.2 -24.5  62.2 -29.7 261  30.1 248.8 25.045068 121.970901  0.94   43780     85
3047     2.6      8587  350.1 -24.5  62.2 -29.7 261  30.1 248.8 25.045113 121.971194  0.94   43810     85
3048     2.6      8590  350.0 -24.5  62.2 -29.7 261  30.2 248.8 25.045158 121.971487  0.94   43840     85
3049     2.6      8592  349.9 -24.5  62.2 -29.7 261  30.2 248.8 25.045203 121.971779  0.94   43870     85
3050     2.6      8595  349.7 -24.5  62.3 -29.7 261  30.2 248.8 25.045247 121.972072  0.94   43900     85
3051     2.6      8598  349.6 -24.5  62.3 -29.7 261  30.2 248.8 25.045292 121.972365  0.94   43930     85
3052     2.6      8600  349.5 -24.5  62.3 -29.7 260  30.2 248.8 25.045337 121.972657  0.94   43959     85
3053     2.6      8603  349.4 -24.5  62.3 -29.7 260  30.2 248.8 25.045381 121.972950  0.94   43989     85
3054     2.6      8605  349.2 -24.5  62.4 -29.7 260  30.2 248.8 25.045425 121.973243  0.94   44019     85
3055     2.5      8608  349.1 -24.5  62.5 -29.7 260  30.2 248.8 25.045470 121.973535  0.94   44049     85
3056     2.5      8611  349.0 -24.5  62.6 -29.7 260  30.2 248.7 25.045514 121.973828  0.94   44079     85
3057     2.5      8613  348.9 -24.6  62.7 -29.7 260  30.2 248.7 25.045558 121.974120  0.94   44109     85
3058     2.5      8616  348.8 -24.6  62.7 -29.7 260  30.2 248.7 25.045601 121.974413  0.94   44139     85
3059     2.5      8618  348.6 -24.6  62.7 -29.7 260  30.3 248.7 25.045645 121.974705  0.94   44169     85
3060     2.5      8621  348.5 -24.6  62.7 -29.7 260  30.3 248.7 25.045689 121.974998  0.94   44198     85
3061     2.5      8623  348.4 -24.6  62.7 -29.7 260  30.3 248.7 25.045732 121.975290  0.94   44228     85
3062     2.1      8625  348.3 -24.6  62.7 -29.7 260  30.3 248.6 25.045777 121.975583  0.94   44258     85
3063     2.5      8628  348.2 -24.7  62.8 -29.8 260  30.3 248.6 25.045821 121.975875  0.94   44288     85
3064     2.5      8630  348.1 -24.7  62.9 -29.8 260  30.3 248.6 25.045865 121.976168  0.94   44318     85
3065     2.5      8633  347.9 -24.7  63.0 -29.8 260  30.3 248.6 25.045910 121.976461  0.94   44348     85
3066     2.5      8635  347.8 -24.7  63.0 -29.8 260  30.3 248.6 25.045955 121.976753  0.94   44378     85
3067     2.5      8638  347.7 -24.7  63.0 -29.8 260  30.3 248.6 25.045999 121.977046  0.93   44408     85
3068     2.5      8640  347.6 -24.8  63.0 -29.8 260  30.3 248.5 25.046044 121.977339  0.93   44437     85
3069     2.5      8643  347.5 -24.8  63.0 -29.8 260  30.3 248.5 25.046088 121.977632  0.93   44467     85
3070     2.5      8645  347.3 -24.8  63.0 -29.8 260  30.4 248.5 25.046133 121.977924  0.93   44497     85
3071     2.5      8648  347.2 -24.8  63.0 -29.8 260  30.4 248.5 25.046177 121.978217  0.93   44527     85
3072     2.5      8650  347.1 -24.8  63.0 -29.8 260  30.4 248.5 25.046221 121.978509  0.93   44557     85
3073     2.5      8653  347.0 -24.8  63.0 -29.9 260  30.4 248.5 25.046265 121.978802  0.93   44587     85
3074     2.5      8655  346.9 -24.8  63.0 -29.9 260  30.4 248.5 25.046309 121.979094  0.93   44617     85
3075     2.5      8657  346.7 -24.9  63.0 -29.9 260  30.4 248.4 25.046353 121.979387  0.93   44647     85
3076     2.5      8660  346.6 -24.9  63.1 -29.9 260  30.4 248.4 25.046396 121.979679  0.93   44676     85
3077     2.5      8662  346.5 -24.9  63.3 -29.9 260  30.4 248.4 25.046440 121.979972  0.93   44706     85
3078     2.9      8665  346.4 -25.0  63.6 -29.9 260  30.4 248.3 25.046483 121.980264  0.93   44736     85
3079     2.5      8668  346.3 -25.0  64.0 -29.9 260  30.4 248.3 25.046526 121.980556  0.93   44766     85
3080     2.5      8670  346.1 -25.0  64.3 -29.8 260  30.5 248.3 25.046570 121.980849  0.93   44796     85
3081     2.5      8673  346.0 -25.0  64.6 -29.8 260  30.5 248.3 25.046613 121.981141  0.94   44826     85
3082     2.5      8675  345.9 -25.1  65.0 -29.8 260  30.5 248.2 25.046656 121.981433  0.94   44855     85
3083     2.5      8678  345.8 -25.1  65.3 -29.7 260  30.5 248.2 25.046700 121.981726  0.94   44885     85
3084     2.5      8680  345.7 -25.1  65.6 -29.7 260  30.5 248.2 25.046744 121.982019  0.95   44915     85
3085     2.6      8683  345.5 -25.1  65.9 -29.7 260  30.5 248.2 25.046789 121.982311  0.95   44945     85
3086     2.6      8686  345.4 -25.1  66.2 -29.6 260  30.5 248.2 25.046834 121.982604  0.95   44975     85
3087     2.6      8688  345.3 -25.1  66.5 -29.6 260  30.5 248.2 25.046879 121.982897  0.96   45005     85
3088     2.6      8691  345.2 -25.2  66.7 -29.6 260  30.5 248.1 25.046926 121.983190  0.96   45035     85
3089     2.6      8693  345.1 -25.2  66.8 -29.6 260  30.5 248.1 25.046973 121.983483  0.96   45065     85
3090     1.9      8695  345.0 -25.2  66.7 -29.6 260  30.5 248.1 25.047020 121.983777  0.96   45095     85
3091     1.8      8697  344.8 -25.2  66.4 -29.6 260  30.6 248.1 25.047068 121.984070  0.95   45125     85
3092     2.5      8700  344.7 -25.2  66.1 -29.7 260  30.6 248.1 25.047116 121.984364  0.95   45155     85
3093     2.8      8702  344.6 -25.2  65.8 -29.8 260  30.6 248.1 25.047163 121.984658  0.94   45185     85
3094     2.7      8705  344.5 -25.3  65.7 -29.8 260  30.6 248.0 25.047211 121.984954  0.94   45215     85
3095     1.9      8707  344.4 -25.3  65.5 -29.9 260  30.6 248.0 25.047259 121.985251  0.93   45245     85
3096     2.7      8710  344.3 -25.3  65.1 -30.0 260  30.6 248.0 25.047308 121.985550  0.93   45276     85
3097     2.5      8712  344.2 -25.3  64.4 -30.1 260  30.6 248.0 25.047357 121.985848  0.92   45307     85
3098     2.8      8715  344.0 -25.3  63.6 -30.3 260  30.7 247.9 25.047406 121.986148  0.90   45337     85
3099     2.3      8717  343.9 -25.4  63.0 -30.4 260  30.7 247.9 25.047455 121.986449  0.89   45368     85
3100     2.5      8720  343.8 -25.4  62.7 -30.4 260  30.7 247.9 25.047504 121.986752  0.89   45399     85
3101     1.8      8721  343.7 -25.4  62.9 -30.4 260  30.7 247.9 25.047553 121.987053  0.89   45430     85
3102     2.6      8724  343.6 -25.4  63.5 -30.3 260  30.7 247.9 25.047602 121.987353  0.90   45460     85
3103     3.2      8727  343.4 -25.4  64.2 -30.2 260  30.8 247.9 25.047651 121.987651  0.91   45491     85
3104     1.7      8729  343.3 -25.4  63.7 -30.3 260  30.8 247.8 25.047700 121.987950  0.90   45521     85
3105     3.1      8732  343.2 -25.4  61.2 -30.8 260  30.8 247.8 25.047749 121.988250  0.86   45552     85
3106     2.7      8735  343.1 -25.4  57.8 -31.4 260  30.8 247.8 25.047798 121.988550  0.82   45583     85
3107     2.4      8737  343.0 -25.4  55.2 -31.9 260  30.8 247.8 25.047848 121.988848  0.78   45613     85
3108     2.5      8740  342.9 -25.5  54.3 -32.0 260  30.9 247.8 25.047900 121.989146  0.76   45644     85
3109     1.6      8741  342.7 -25.5  54.9 -31.9 259  30.9 247.8 25.047953 121.989444  0.77   45674     85
3110     2.8      8744  342.6 -25.5  55.9 -31.8 259  30.9 247.8 25.048007 121.989740  0.79   45704     85
3111     2.6      8747  342.5 -25.5  56.6 -31.6 259  30.9 247.8 25.048059 121.990035  0.80   45735     85
3112     2.2      8749  342.4 -25.5  57.1 -31.6 259  30.9 247.7 25.048111 121.990333  0.80   45765     85
3113     2.7      8752  342.3 -25.6  57.5 -31.5 259  30.9 247.7 25.048162 121.990632  0.81   45796     85
3114     2.6      8754  342.2 -25.6  57.6 -31.5 259  31.0 247.7 25.048213 121.990934  0.81   45827     85
3115     1.8      8756  342.1 -25.6  57.5 -31.5 259  31.0 247.7 25.048264 121.991237  0.80   45858     85
3116     2.1      8758  341.9 -25.6  57.4 -31.6 259  31.0 247.7 25.048314 121.991540  0.80   45889     85
3117     3.5      8762  341.8 -25.6  57.5 -31.6 259  31.0 247.7 25.048363 121.991845  0.80   45920     85
3118     2.5      8764  341.7 -25.6  57.8 -31.5 259  31.0 247.7 25.048414 121.992151  0.81   45951     85
3119     2.6      8767  341.6 -25.6  57.9 -31.5 259  31.1 247.7 25.048465 121.992456  0.81   45982     85
3120     1.2      8768  341.5 -25.6  57.4 -31.6 259  31.1 247.7 25.048517 121.992760  0.80   46013     85
3121     2.2      8770  341.4 -25.6  56.7 -31.7 259  31.1 247.6 25.048571 121.993063  0.79   46044     85
3122     2.9      8773  341.3 -25.6  56.5 -31.8 259  31.1 247.6 25.048626 121.993366  0.79   46075     85
3123     2.3      8775  341.2 -25.7  56.9 -31.7 259  31.1 247.6 25.048682 121.993668  0.79   46106     85
3124     1.8      8777  341.1 -25.7  57.2 -31.7 259  31.2 247.6 25.048739 121.993970  0.80   46137     85
3125     2.9      8780  340.9 -25.7  57.3 -31.7 259  31.2 247.6 25.048795 121.994271  0.80   46168     85
3126     2.2      8782  340.8 -25.7  57.6 -31.7 259  31.2 247.6 25.048851 121.994571  0.80   46199     85
3127     3.1      8785  340.7 -25.7  58.0 -31.6 259  31.2 247.5 25.048906 121.994872  0.80   46230     85
3128     1.8      8787  340.6 -25.8  58.3 -31.6 259  31.2 247.5 25.048961 121.995173  0.81   46260     85
3129     2.5      8790  340.5 -25.8  58.2 -31.6 259  31.2 247.5 25.049015 121.995474  0.80   46291     85
3130     2.2      8792  340.4 -25.8  57.7 -31.7 259  31.3 247.5 25.049067 121.995778  0.79   46322     85
3131     2.8      8795  340.3 -25.8  57.0 -31.9 259  31.3 247.4 25.049119 121.996083  0.78   46354     85
3132     1.9      8797  340.1 -25.8  56.4 -32.0 259  31.3 247.4 25.049171 121.996388  0.77   46385     85
3133     2.5      8799  340.0 -25.8  56.0 -32.1 259  31.3 247.4 25.049223 121.996693  0.77   46416     85
3134     2.7      8802  339.9 -25.8  55.6 -32.1 259  31.3 247.4 25.049277 121.996997  0.76   46447     85
3135     2.5      8804  339.8 -25.8  55.1 -32.2 258  31.3 247.4 25.049331 121.997300  0.76   46478     85
3136     2.6      8807  339.7 -25.8  54.7 -32.3 258  31.4 247.4 25.049387 121.997602  0.75   46509     85
3137     2.0      8809  339.6 -25.8  54.8 -32.3 258  31.4 247.4 25.049444 121.997904  0.75   46540     85
3138     2.0      8811  339.5 -25.8  55.1 -32.2 258  31.4 247.4 25.049504 121.998206  0.76   46571     85
3139     2.0      8813  339.4 -25.9  55.4 -32.2 258  31.4 247.4 25.049564 121.998509  0.76   46602     85
3140     3.1      8816  339.3 -25.9  55.4 -32.2 258  31.4 247.4 25.049626 121.998814  0.76   46633     85
3141     3.0      8819  339.1 -25.9  55.1 -32.3 258  31.4 247.3 25.049688 121.999121  0.75   46665     85
3142     1.7      8821  339.0 -26.0  55.2 -32.4 258  31.5 247.3 25.049751 121.999428  0.75   46696     85
3143     2.3      8823  338.9 -26.0  55.8 -32.3 258  31.5 247.3 25.049814 121.999735  0.76   46728     85
3144     2.5      8826  338.8 -26.0  56.3 -32.2 258  31.5 247.3 25.049876 122.000043  0.76   46759     85
3145     2.0      8828  338.7 -26.0  56.3 -32.2 258  31.5 247.3 25.049937 122.000350  0.76   46791     85
3146     2.4      8830  338.6 -26.0  55.7 -32.3 258  31.5 247.2 25.049997 122.000657  0.76   46822     85
3147     1.8      8832  338.5 -26.1  55.3 -32.4 258  31.5 247.2 25.050057 122.000963  0.75   46854     85
3148     2.1      8834  338.4 -26.1  55.1 -32.5 258  31.5 247.2 25.050117 122.001269  0.74   46885     85
3149     2.8      8837  338.3 -26.1  55.0 -32.5 257  31.5 247.2 25.050178 122.001576  0.74   46917     85
3150     2.9      8840  338.2 -26.1  54.6 -32.6 257  31.6 247.2 25.050239 122.001882  0.74   46948     85
3151     2.5      8842  338.0 -26.1  53.9 -32.7 257  31.6 247.1 25.050301 122.002189  0.73   46979     85
3152     2.8      8845  337.9 -26.1  53.1 -32.9 257  31.6 247.1 25.050364 122.002495  0.71   47011     85
3153     3.0      8848  337.8 -26.1  52.2 -33.1 257  31.6 247.1 25.050427 122.002799  0.70   47042     85
3154     1.8      8850  337.7 -26.1  51.0 -33.3 257  31.6 247.1 25.050490 122.003103  0.69   47073     85
3155     2.4      8852  337.6 -26.2  49.7 -33.6 257  31.6 247.1 25.050551 122.003405  0.67   47104     85
3156     2.4      8854  337.5 -26.2  48.5 -33.9 257  31.6 247.1 25.050613 122.003707  0.65   47135     85
3157     1.8      8856  337.3 -26.2  47.8 -34.0 257  31.7 247.1 25.050676 122.004007  0.64   47166     85
3158     2.8      8859  337.2 -26.2  47.4 -34.1 257  31.7 247.1 25.050740 122.004307  0.64   47197     85
3159     2.6      8862  337.1 -26.2  47.0 -34.2 257  31.7 247.1 25.050804 122.004607  0.63   47228     85
3160     2.3      8864  337.0 -26.1  46.6 -34.3 257  31.7 247.1 25.050869 122.004908  0.63   47259     85
3161     2.6      8867  336.9 -26.2  46.3 -34.3 256  31.7 247.1 25.050934 122.005211  0.62   47290     85
3162     2.3      8869  336.8 -26.2  46.5 -34.3 256  31.8 247.1 25.051000 122.005518  0.62   47321     85
3163     2.1      8871  336.7 -26.2  46.7 -34.3 256  31.8 247.0 25.051067 122.005828  0.63   47353     85
3164     2.5      8873  336.6 -26.3  46.9 -34.3 256  31.8 247.0 25.051137 122.006139  0.63   47385     85
3165     2.1      8876  336.5 -26.3  47.0 -34.3 256  31.8 247.0 25.051207 122.006451  0.63   47417     85
3166     2.7      8878  336.3 -26.3  47.1 -34.3 256  31.8 246.9 25.051280 122.006763  0.63   47449     85
3167     2.8      8881  336.2 -26.3  47.3 -34.3 256  31.9 246.9 25.051353 122.007074  0.63   47481     85
3168     1.8      8883  336.1 -26.3  47.6 -34.2 256  31.9 246.9 25.051427 122.007383  0.63   47513     85
3169     2.9      8886  336.0 -26.4  47.7 -34.2 256  31.9 246.9 25.051501 122.007690  0.63   47545     85
3170     2.6      8888  335.9 -26.4  47.7 -34.2 256  31.9 246.9 25.051574 122.007995  0.63   47576     85
3171     3.5      8892  335.8 -26.4  47.6 -34.3 255  31.9 246.8 25.051647 122.008300  0.63   47608     85
3172     2.1      8894  335.6 -26.4  47.3 -34.3 255  32.0 246.9 25.051721 122.008604  0.63   47639     85
3173     2.8      8897  335.5 -26.4  46.6 -34.5 255  32.0 246.9 25.051795 122.008909  0.62   47670     85
3174     2.5      8899  335.4 -26.4  45.7 -34.7 255  32.0 246.9 25.051870 122.009215  0.61   47702     85
3175     2.0      8901  335.3 -26.3  44.9 -34.8 255  32.0 246.9 25.051947 122.009521  0.60   47733     85
3176     2.1      8903  335.2 -26.4  44.9 -34.8 255  32.1 246.9 25.052024 122.009828  0.60   47765     85
3177     2.5      8906  335.1 -26.4  45.7 -34.7 255  32.1 246.9 25.052103 122.010134  0.61   47797     85
3178     2.5      8908  334.9 -26.4  46.6 -34.5 255  32.1 246.8 25.052180 122.010440  0.62   47828     85
3179     2.4      8911  334.8 -26.4  47.2 -34.4 255  32.1 246.8 25.052258 122.010745  0.62   47860     85
3180     2.5      8913  334.7 -26.4  47.7 -34.3 255  32.1 246.8 25.052334 122.011050  0.63   47891     85
3181     3.0      8916  334.6 -26.4  48.1 -34.2 255  32.2 246.8 25.052411 122.011356  0.64   47923     85
3182     2.4      8919  334.5 -26.4  47.9 -34.2 254  32.2 246.8 25.052489 122.011663  0.63   47954     85
3183     2.7      8921  334.4 -26.4  47.3 -34.4 254  32.2 246.8 25.052568 122.011970  0.62   47986     85
3184     1.5      8923  334.3 -26.5  46.7 -34.5 254  32.2 246.8 25.052647 122.012276  0.62   48018     85
3185     3.1      8926  334.1 -26.5  46.3 -34.6 254  32.3 246.8 25.052728 122.012582  0.61   48049     85
3186     2.6      8928  334.0 -26.5  46.1 -34.7 254  32.3 246.8 25.052808 122.012888  0.61   48081     85
3187     2.2      8931  333.9 -26.5  46.0 -34.7 254  32.3 246.7 25.052889 122.013193  0.61   48112     85
3188     2.6      8933  333.8 -26.5  46.0 -34.7 254  32.3 246.7 25.052968 122.013500  0.60   48144     85
3189     2.0      8935  333.7 -26.5  45.9 -34.8 254  32.4 246.7 25.053046 122.013807  0.60   48176     85
3190     1.9      8937  333.6 -26.5  45.7 -34.8 254  32.4 246.7 25.053125 122.014114  0.60   48207     85
3191     2.1      8939  333.5 -26.5  45.6 -34.8 254  32.4 246.7 25.053205 122.014422  0.60   48239     85
3192     2.5      8942  333.4 -26.6  45.6 -34.9 254  32.4 246.7 25.053286 122.014730  0.60   48271     85
3193     3.5      8945  333.2 -26.6  45.6 -34.9 254  32.4 246.7 25.053368 122.015039  0.60   48303     85
3194     2.6      8948  333.1 -26.6  45.6 -34.9 254  32.5 246.7 25.053450 122.015348  0.60   48335     85
3195     2.1      8950  333.0 -26.6  45.4 -34.9 254  32.5 246.6 25.053535 122.015657  0.59   48367     85
3196     3.0      8953  332.9 -26.6  45.3 -35.0 254  32.5 246.6 25.053621 122.015966  0.59   48399     85
3197     2.6      8956  332.8 -26.6  45.1 -35.1 254  32.5 246.6 25.053707 122.016274  0.59   48431     85
3198     2.0      8958  332.7 -26.7  44.9 -35.1 254  32.5 246.6 25.053793 122.016583  0.59   48462     85
3199     2.7      8960  332.5 -26.7  44.8 -35.1 254  32.5 246.6 25.053878 122.016892  0.58   48494     85
3200     2.9      8963  332.4 -26.7  44.7 -35.2 253  32.5 246.6 25.053963 122.017202  0.58   48526     85
3201     2.5      8966  332.3 -26.7  44.7 -35.2 253  32.5 246.5 25.054048 122.017510  0.58   48558     85
3202     2.3      8968  332.2 -26.7  44.7 -35.2 253  32.5 246.5 25.054133 122.017820  0.58   48590     85
3203     2.5      8970  332.1 -26.8  44.6 -35.3 253  32.5 246.5 25.054216 122.018131  0.58   48623     85
3204     2.0      8973  332.0 -26.8  44.7 -35.3 253  32.5 246.5 25.054299 122.018444  0.58   48655     85
3205     2.6      8975  331.9 -26.8  44.7 -35.3 253  32.5 246.5 25.054382 122.018757  0.58   48687     85
3206     3.0      8978  331.7 -26.8  44.5 -35.3 253  32.5 246.4 25.054466 122.019068  0.57   48719     85
3207     2.8      8981  331.6 -26.8  44.1 -35.4 253  32.4 246.4 25.054550 122.019378  0.57   48751     85
3208     2.3      8983  331.5 -26.8  43.5 -35.6 253  32.4 246.4 25.054633 122.019689  0.56   48784     85
3209     2.0      8985  331.4 -26.8  42.5 -35.9 253  32.4 246.4 25.054716 122.020000  0.55   48816     85
3210     2.8      8988  331.3 -26.9  41.3 -36.2 253  32.4 246.4 25.054801 122.020309  0.53   48848     85
3211     2.9      8991  331.1 -26.9  40.1 -36.5 253  32.4 246.4 25.054887 122.020617  0.51   48880     85
3212     2.4      8993  331.0 -26.9  39.3 -36.7 253  32.3 246.3 25.054975 122.020925  0.50   48911     85
3213     2.9      8996  330.9 -26.9  38.8 -36.8 253  32.3 246.3 25.055064 122.021231  0.50   48943     85
3214     2.8      8999  330.8 -26.9  38.3 -37.0 253  32.3 246.3 25.055153 122.021536  0.49   48975     85
3215     2.2      9001  330.7 -26.9  38.1 -37.0 253  32.3 246.3 25.055241 122.021839  0.49   49006     85
3216     2.4      9004  330.6 -27.0  38.3 -37.0 253  32.2 246.2 25.055328 122.022141  0.49   49037     85
3217     3.1      9007  330.4 -27.0  38.3 -37.0 253  32.2 246.2 25.055413 122.022443  0.49   49069     85
3218     2.1      9009  330.3 -27.0  38.2 -37.1 253  32.2 246.2 25.055495 122.022745  0.48   49100     85
3219     2.1      9011  330.2 -27.0  38.3 -37.1 253  32.2 246.2 25.055575 122.023046  0.48   49131     85
3220     2.9      9014  330.1 -27.1  38.5 -37.0 253  32.2 246.2 25.055654 122.023347  0.49   49162     85
3221     2.4      9016  330.0 -27.1  38.6 -37.0 252  32.2 246.1 25.055735 122.023647  0.49   49193     85
3222     2.0      9018  329.9 -27.1  38.5 -37.1 252  32.1 246.1 25.055817 122.023948  0.48   49224     85
3223     2.8      9021  329.8 -27.2  38.1 -37.2 252  32.1 246.1 25.055902 122.024250  0.48   49255     85
3224     2.5      9024  329.6 -27.2  37.6 -37.4 252  32.1 246.1 25.055989 122.024552  0.47   49287     85
3225     3.4      9027  329.5 -27.2  37.5 -37.4 252  32.1 246.0 25.056079 122.024856  0.47   49318     85
3226     2.0      9029  329.4 -27.2  37.9 -37.3 252  32.1 246.0 25.056170 122.025160  0.47   49350     85
3227     2.6      9032  329.3 -27.2  38.5 -37.2 252  32.1 246.0 25.056262 122.025465  0.48   49381     85
3228     1.9      9034  329.2 -27.2  39.0 -37.1 252  32.1 246.0 25.056354 122.025768  0.49   49413     85
3229     2.1      9036  329.1 -27.2  39.3 -37.0 252  32.1 246.0 25.056447 122.026071  0.49   49444     85
3230     3.1      9039  328.9 -27.3  39.5 -37.0 252  32.1 246.0 25.056540 122.026372  0.49   49476     85
3231     2.5      9041  328.8 -27.3  39.5 -37.0 252  32.1 245.9 25.056632 122.026672  0.49   49507     84
3232     2.6      9044  328.7 -27.3  39.6 -37.0 252  32.1 245.9 25.056723 122.026971  0.49   49538     84
3233     2.6      9046  328.6 -27.3  39.8 -37.0 252  32.1 245.9 25.056812 122.027269  0.49   49569     84
3234     2.3      9049  328.5 -27.4  40.1 -36.9 252  32.1 245.9 25.056900 122.027568  0.50   49600     84
3235     2.5      9051  328.4 -27.4  40.7 -36.8 252  32.1 245.8 25.056987 122.027869  0.50   49631     84
3236     2.8      9054  328.3 -27.4  41.6 -36.6 252  32.1 245.8 25.057075 122.028171  0.51   49662     84
3237     2.4      9057  328.1 -27.4  42.9 -36.3 252  32.1 245.8 25.057164 122.028475  0.53   49694     84
3238     2.9      9059  328.0 -27.4  44.1 -36.0 252  32.1 245.8 25.057254 122.028781  0.54   49725     84
3239     2.6      9062  327.9 -27.4  44.7 -35.8 252  32.1 245.8 25.057344 122.029086  0.55   49757     84
3240     2.4      9064  327.8 -27.4  44.9 -35.8 251  32.1 245.8 25.057435 122.029391  0.55   49789     84
3241     2.8      9067  327.7 -27.4  44.5 -35.9 251  32.1 245.8 25.057528 122.029695  0.55   49820     84
3242     1.9      9069  327.6 -27.4  43.9 -36.1 251  32.1 245.8 25.057622 122.029998  0.54   49852     84
3243     3.0      9072  327.4 -27.4  43.4 -36.2 251  32.1 245.8 25.057715 122.030299  0.53   49883     84
3244     2.1      9074  327.3 -27.4  43.3 -36.2 251  32.1 245.8 25.057808 122.030598  0.53   49914     84
3245     2.4      9076  327.2 -27.5  43.8 -36.1 251  32.1 245.8 25.057902 122.030897  0.54   49945     84
3246     2.8      9079  327.1 -27.5  44.7 -35.9 251  32.1 245.7 25.057998 122.031195  0.55   49976     84
3247     2.1      9081  327.0 -27.5  45.5 -35.8 251  32.1 245.7 25.058095 122.031494  0.56   50007     84
3248     2.3      9084  326.9 -27.5  46.0 -35.7 251  32.1 245.7 25.058191 122.031791  0.56   50038     84
3249     3.6      9087  326.8 -27.5  46.2 -35.6 251  32.1 245.7 25.058286 122.032089  0.57   50069     84
3250     2.0      9089  326.6 -27.6  46.3 -35.6 251  32.1 245.7 25.058381 122.032388  0.57   50100     84
3251     2.4      9092  326.5 -27.6  46.3 -35.7 251  32.1 245.6 25.058474 122.032687  0.56   50131     84
3252     2.6      9094  326.4 -27.6  46.3 -35.7 251  32.1 245.6 25.058566 122.032986  0.56   50163     84
3253     2.3      9097  326.3 -27.6  46.2 -35.7 251  32.1 245.6 25.058657 122.033286  0.56   50194     84
3254     2.8      9099  326.2 -27.6  46.3 -35.7 251  32.1 245.6 25.058747 122.033585  0.56   50225     84
3255     2.7      9102  326.1 -27.7  46.5 -35.7 251  32.1 245.6 25.058837 122.033884  0.56   50256     84
3256     2.6      9105  325.9 -27.7  46.9 -35.6 251  32.1 245.5 25.058928 122.034184  0.57   50287     84
3257     2.8      9107  325.8 -27.7  47.3 -35.6 251  32.1 245.5 25.059021 122.034484  0.57   50318     84
3258     2.9      9110  325.7 -27.7  47.3 -35.6 251  32.1 245.5 25.059115 122.034784  0.57   50349     84
3259     3.1      9113  325.6 -27.8  47.1 -35.7 251  32.1 245.5 25.059212 122.035083  0.57   50380     84
3260     2.5      9116  325.4 -27.8  46.7 -35.7 251  32.1 245.5 25.059310 122.035382  0.56   50412     84
3261     2.7      9119  325.3 -27.8  46.5 -35.8 251  32.1 245.4 25.059408 122.035683  0.56   50443     84
3262     2.3      9121  325.2 -27.8  46.5 -35.8 251  32.2 245.4 25.059504 122.035986  0.56   50474     84
3263     3.1      9124  325.1 -27.8  46.9 -35.8 251  32.2 245.4 25.059600 122.036288  0.56   50506     84
3264     2.4      9126  325.0 -27.8  47.7 -35.6 251  32.2 245.4 25.059696 122.036588  0.57   50537     84
3265     2.5      9129  324.9 -27.8  48.9 -35.3 251  32.2 245.4 25.059793 122.036887  0.59   50568     84
3266     2.9      9132  324.7 -27.8  50.1 -35.1 251  32.2 245.4 25.059889 122.037186  0.60   50599     84
3267     2.2      9134  324.6 -27.9  51.1 -34.9 251  32.2 245.4 25.059985 122.037486  0.61   50631     84
3268     2.6      9136  324.5 -27.9  51.9 -34.8 251  32.2 245.3 25.060080 122.037787  0.62   50662     84
3269     2.5      9139  324.4 -28.0  52.8 -34.7 251  32.2 245.3 25.060175 122.038088  0.62   50693     84
3270     2.1      9141  324.3 -28.0  53.4 -34.6 251  32.3 245.2 25.060270 122.038388  0.63   50724     84
3271     3.1      9144  324.2 -28.1  53.7 -34.6 251  32.3 245.2 25.060366 122.038688  0.63   50756     84
3272     3.2      9148  324.0 -28.1  53.4 -34.7 250  32.3 245.1 25.060463 122.038987  0.63   50787     84
3273     2.5      9150  323.9 -28.1  52.6 -34.9 250  32.3 245.1 25.060562 122.039285  0.62   50818     84
3274     2.8      9153  323.8 -28.1  51.4 -35.1 250  32.3 245.1 25.060663 122.039584  0.60   50849     84
3275     2.3      9155  323.7 -28.1  49.8 -35.4 250  32.3 245.1 25.060765 122.039885  0.58   50880     84
3276     1.9      9157  323.6 -28.1  47.9 -35.8 250  32.3 245.1 25.060867 122.040186  0.56   50912     84
3277     2.8      9160  323.4 -28.1  46.4 -36.2 250  32.3 245.1 25.060969 122.040489  0.54   50944     84
3278     2.7      9162  323.3 -28.1  46.4 -36.2 250  32.3 245.1 25.061070 122.040793  0.54   50975     84
3279     2.1      9165  323.2 -28.1  47.8 -35.8 250  32.3 245.1 25.061172 122.041096  0.56   51007     84
3280     2.9      9167  323.1 -28.1  49.7 -35.5 250  32.3 245.1 25.061273 122.041399  0.58   51038     84
3281     3.4      9171  323.0 -28.2  51.2 -35.2 250  32.3 245.1 25.061373 122.041702  0.60   51070     84
3282     2.2      9173  322.9 -28.2  52.1 -35.0 250  32.3 245.1 25.061471 122.042006  0.61   51102     84
3283     3.0      9176  322.7 -28.2  52.2 -35.1 250  32.3 245.0 25.061566 122.042307  0.61   51133     84
3284     2.2      9178  322.6 -28.3  51.8 -35.2 250  32.3 245.0 25.061661 122.042606  0.60   51164     84
3285     2.2      9180  322.5 -28.3  51.3 -35.3 250  32.3 244.9 25.061756 122.042903  0.59   51195     84
3286     2.9      9183  322.4 -28.3  51.0 -35.4 250  32.2 244.9 25.061852 122.043200  0.59   51226     84
3287     2.2      9186  322.3 -28.3  51.0 -35.4 250  32.2 244.9 25.061950 122.043497  0.59   51257     84
3288     2.6      9188  322.2 -28.3  50.9 -35.4 250  32.2 244.9 25.062050 122.043794  0.59   51288     84
3289     2.8      9191  322.1 -28.4  50.3 -35.6 250  32.2 244.9 25.062153 122.044092  0.58   51319     84
3290     2.6      9193  321.9 -28.4  49.4 -35.8 250  32.2 244.9 25.062258 122.044392  0.57   51350     84
3291     2.2      9196  321.8 -28.4  48.6 -36.0 250  32.2 244.8 25.062364 122.044691  0.56   51382     84
3292     3.4      9199  321.7 -28.5  47.9 -36.1 250  32.2 244.8 25.062470 122.044989  0.55   51413     84
3293     2.9      9202  321.6 -28.5  47.5 -36.2 250  32.2 244.7 25.062575 122.045285  0.54   51444     84
3294     2.1      9204  321.5 -28.5  47.3 -36.3 250  32.2 244.8 25.062678 122.045578  0.54   51474     84
3295     3.1      9207  321.3 -28.5  47.6 -36.2 250  32.2 244.8 25.062779 122.045871  0.54   51505     84
3296     2.4      9210  321.2 -28.5  48.2 -36.1 250  32.2 244.7 25.062881 122.046165  0.55   51536     84
3297     2.5      9212  321.1 -28.5  49.2 -35.9 250  32.2 244.7 25.062982 122.046460  0.56   51567     84
3298     2.7      9215  321.0 -28.5  50.3 -35.7 250  32.2 244.7 25.063082 122.046756  0.57   51598     84
3299     2.5      9217  320.9 -28.6  51.1 -35.6 250  32.2 244.7 25.063181 122.047053  0.58   51629     84
3300     2.4      9220  320.8 -28.6  51.7 -35.5 250  32.2 244.6 25.063279 122.047351  0.58   51660     84
3301     3.1      9223  320.6 -28.6  52.4 -35.4 250  32.2 244.6 25.063378 122.047650  0.59   51691     84
3302     2.5      9225  320.5 -28.6  53.2 -35.3 250  32.2 244.6 25.063478 122.047950  0.60   51722     84
3303     2.4      9228  320.4 -28.7  53.9 -35.1 250  32.2 244.6 25.063578 122.048251  0.61   51754     84
3304     2.5      9230  320.3 -28.7  54.5 -35.0 250  32.2 244.6 25.063679 122.048551  0.61   51785     84
3305     2.6      9233  320.2 -28.7  54.6 -35.0 250  32.2 244.6 25.063780 122.048851  0.61   51816     84
3306     2.5      9235  320.1 -28.7  54.5 -35.1 250  32.2 244.5 25.063882 122.049149  0.61   51847     84
3307     2.7      9238  319.9 -28.7  54.4 -35.1 250  32.2 244.5 25.063985 122.049446  0.61   51878     84
3308     2.7      9241  319.8 -28.8  54.4 -35.1 250  32.2 244.5 25.064088 122.049741  0.61   51909     84
3309     3.1      9244  319.7 -28.8  54.6 -35.2 250  32.2 244.4 25.064189 122.050036  0.61   51940     84
3310     2.1      9246  319.6 -28.9  54.8 -35.1 250  32.3 244.4 25.064288 122.050331  0.61   51971     84
3311     2.7      9249  319.5 -28.9  55.0 -35.2 250  32.3 244.3 25.064386 122.050626  0.61   52002     84
3312     2.9      9251  319.3 -29.0  54.9 -35.2 250  32.3 244.3 25.064484 122.050924  0.60   52033     84
3313     3.6      9255  319.2 -29.0  55.0 -35.2 250  32.3 244.2 25.064582 122.051224  0.60   52064     84
3314     1.7      9257  319.1 -29.0  55.4 -35.2 250  32.3 244.2 25.064680 122.051526  0.60   52096     84
3315     2.7      9259  319.0 -29.0  55.9 -35.1 250  32.3 244.2 25.064779 122.051831  0.61   52127     84
3316     1.5      9261  318.9 -29.1  56.4 -35.1 250  32.4 244.2 25.064879 122.052138  0.61   52159     84
3317     2.9      9264  318.8 -29.1  56.8 -35.0 250  32.4 244.1 25.064980 122.052446  0.62   52192     84
3318     3.1      9267  318.6 -29.1  57.2 -35.0 250  32.4 244.1 25.065081 122.052754  0.62   52224     84
3319     3.1      9270  318.5 -29.2  57.2 -35.0 250  32.4 244.1 25.065181 122.053061  0.62   52256     84
3320     2.8      9273  318.4 -29.2  56.9 -35.1 250  32.4 244.1 25.065283 122.053366  0.61   52288     84
3321     2.6      9276  318.3 -29.2  56.3 -35.2 250  32.4 244.1 25.065384 122.053666  0.61   52319     84
3322     1.9      9277  318.2 -29.2  55.6 -35.3 250  32.4 244.1 25.065486 122.053965  0.60   52350     84
3323     3.5      9281  318.1 -29.2  54.9 -35.4 250  32.5 244.1 25.065586 122.054263  0.59   52381     84
3324     1.6      9283  317.9 -29.2  54.5 -35.5 250  32.5 244.0 25.065685 122.054562  0.59   52413     84
3325     2.3      9285  317.8 -29.3  54.7 -35.5 250  32.5 244.0 25.065784 122.054863  0.59   52444     84
3326     3.4      9288  317.7 -29.3  55.1 -35.5 250  32.5 243.9 25.065883 122.055164  0.59   52475     84
3327     2.3      9291  317.6 -29.4  55.2 -35.6 250  32.5 243.9 25.065984 122.055464  0.59   52507     84
3328     3.1      9294  317.5 -29.4  54.6 -35.7 250  32.5 243.9 25.066084 122.055765  0.58   52538     84
3329     2.7      9296  317.3 -29.4  53.8 -35.8 250  32.5 243.9 25.066185 122.056065  0.57   52570     84
3330     2.5      9299  317.2 -29.4  53.0 -36.0 250  32.5 243.9 25.066287 122.056366  0.56   52601     84
3331     3.2      9302  317.1 -29.4  52.4 -36.1 250  32.5 243.9 25.066390 122.056667  0.56   52633     84
3332     2.6      9305  317.0 -29.4  52.2 -36.1 250  32.5 243.8 25.066493 122.056968  0.55   52664     84
3333     2.1      9307  316.9 -29.4  52.0 -36.2 250  32.5 243.8 25.066596 122.057271  0.55   52696     84
3334     2.6      9309  316.7 -29.5  51.9 -36.3 250  32.5 243.8 25.066697 122.057575  0.55   52728     84
3335     2.7      9312  316.6 -29.5  51.9 -36.3 250  32.5 243.7 25.066797 122.057879  0.55   52759     84
3336     3.3      9315  316.5 -29.5  52.0 -36.3 250  32.5 243.7 25.066897 122.058184  0.55   52791     84
3337     2.3      9318  316.4 -29.6  52.1 -36.3 250  32.5 243.7 25.066997 122.058489  0.55   52823     84
3338     3.6      9321  316.3 -29.6  52.3 -36.3 250  32.6 243.6 25.067097 122.058793  0.55   52855     84
3339     2.7      9324  316.1 -29.6  52.3 -36.3 250  32.6 243.6 25.067197 122.059097  0.54   52886     84
3340     2.4      9326  316.0 -29.6  52.3 -36.3 250  32.6 243.6 25.067298 122.059398  0.54   52918     84
3341     3.3      9330  315.9 -29.6  52.2 -36.4 250  32.6 243.6 25.067401 122.059699  0.54   52949     84
3342     2.9      9333  315.8 -29.6  51.6 -36.5 250  32.6 243.6 25.067504 122.060000  0.54   52981     84
3343     1.8      9334  315.7 -29.6  50.5 -36.7 250  32.6 243.6 25.067606 122.060300  0.53   53012     84
3344     2.6      9337  315.5 -29.6  48.8 -37.1 250  32.6 243.6 25.067708 122.060601  0.51   53044     84
3345     2.7      9340  315.4 -29.7  46.9 -37.5 250  32.6 243.6 25.067810 122.060901  0.49   53075     84
3346     1.9      9342  315.3 -29.7  45.4 -37.8 250  32.6 243.6 25.067912 122.061199  0.47   53106     84
3347     3.5      9345  315.2 -29.7  44.4 -38.0 250  32.6 243.5 25.068014 122.061498  0.46   53138     83
3348     2.7      9348  315.1 -29.7  43.9 -38.2 250  32.6 243.5 25.068116 122.061798  0.46   53169     83
3349     1.7      9349  315.0 -29.7  43.8 -38.2 250  32.7 243.5 25.068219 122.062100  0.45   53201     83
3350     3.7      9353  314.8 -29.8  44.3 -38.1 250  32.7 243.4 25.068321 122.062405  0.46   53233     83
3351     2.8      9356  314.7 -29.8  45.1 -38.0 250  32.7 243.4 25.068424 122.062711  0.46   53265     83
3352     2.6      9359  314.6 -29.9  45.7 -37.9 250  32.7 243.4 25.068528 122.063019  0.47   53297     83
3353     2.6      9361  314.5 -29.9  45.9 -37.9 250  32.7 243.3 25.068632 122.063328  0.47   53329     83
3354     2.6      9364  314.3 -29.9  46.0 -37.9 250  32.7 243.3 25.068736 122.063636  0.47   53361     83
3355     3.1      9367  314.2 -30.0  46.3 -37.9 250  32.7 243.2 25.068840 122.063945  0.47   53394     83
3356     3.1      9370  314.1 -30.0  46.5 -37.9 250  32.7 243.2 25.068945 122.064251  0.47   53426     83
3357     2.7      9373  314.0 -30.0  46.6 -37.9 249  32.7 243.2 25.069050 122.064556  0.47   53458     83
3358     2.7      9375  313.8 -30.1  46.8 -37.9 249  32.8 243.2 25.069155 122.064860  0.47   53490     83
3359     2.7      9378  313.7 -30.1  47.2 -37.8 249  32.8 243.1 25.069260 122.065163  0.47   53521     83
3360     2.7      9381  313.6 -30.1  47.7 -37.7 249  32.8 243.1 25.069365 122.065466  0.48   53553     83
3361     2.7      9383  313.5 -30.2  48.3 -37.6 249  32.8 243.1 25.069469 122.065768  0.48   53585     83
3362     2.8      9386  313.4 -30.2  48.8 -37.6 249  32.8 243.1 25.069572 122.066070  0.49   53616     83
3363     2.5      9389  313.2 -30.2  49.1 -37.5 249  32.8 243.0 25.069676 122.066372  0.49   53648     83
3364     2.8      9392  313.1 -30.2  49.2 -37.5 249  32.8 243.0 25.069779 122.066674  0.49   53679     83
3365     2.9      9394  313.0 -30.2  49.1 -37.5 249  32.8 243.0 25.069883 122.066976  0.49   53711     83
3366     2.9      9397  312.9 -30.2  49.2 -37.5 249  32.8 243.0 25.069987 122.067278  0.49   53743     83
3367     2.9      9400  312.8 -30.3  49.2 -37.5 249  32.8 243.0 25.070092 122.067580  0.49   53774     83
3368     2.9      9403  312.6 -30.3  49.1 -37.6 249  32.8 243.0 25.070197 122.067882  0.49   53806     83
3369     1.8      9405  312.5 -30.3  48.8 -37.6 249  32.8 242.9 25.070303 122.068184  0.48   53838     83
3370     3.7      9409  312.4 -30.3  48.6 -37.7 249  32.8 242.9 25.070409 122.068486  0.48   53869     83
3371     2.2      9411  312.3 -30.3  48.6 -37.7 249  32.8 242.9 25.070515 122.068789  0.48   53901     83
3372     3.1      9414  312.2 -30.4  48.9 -37.7 249  32.8 242.8 25.070621 122.069093  0.48   53933     83
3373     2.6      9416  312.0 -30.5  49.3 -37.7 249  32.8 242.8 25.070728 122.069400  0.48   53965     83
3374     3.0      9419  311.9 -30.5  49.6 -37.7 249  32.8 242.7 25.070836 122.069707  0.48   53997     83
3375     2.7      9422  311.8 -30.5  50.0 -37.7 249  32.8 242.7 25.070945 122.070014  0.48   54030     83
3376     2.3      9424  311.7 -30.6  50.4 -37.6 249  32.7 242.6 25.071053 122.070321  0.49   54062     83
3377     3.5      9428  311.5 -30.6  50.9 -37.6 249  32.7 242.6 25.071160 122.070626  0.49   54094     83
3378     2.4      9430  311.4 -30.6  51.4 -37.5 249  32.7 242.6 25.071265 122.070930  0.49   54126     83
3379     2.6      9433  311.3 -30.6  51.5 -37.5 249  32.7 242.6 25.071369 122.071234  0.49   54158     83
3380     3.2      9436  311.2 -30.7  51.3 -37.5 250  32.7 242.6 25.071473 122.071537  0.49   54189     83
3381     3.2      9439  311.1 -30.7  51.1 -37.6 250  32.6 242.6 25.071576 122.071841  0.49   54221     83
3382     2.2      9441  310.9 -30.6  50.9 -37.6 250  32.6 242.6 25.071678 122.072145  0.49   54253     83
3383     2.8      9444  310.8 -30.6  50.7 -37.6 250  32.6 242.6 25.071780 122.072448  0.49   54285     83
3384     3.3      9448  310.7 -30.7  50.6 -37.6 250  32.5 242.6 25.071883 122.072750  0.49   54316     83
3385     2.8      9450  310.6 -30.7  50.9 -37.6 250  32.5 242.5 25.071984 122.073050  0.49   54348     83
3386     2.7      9453  310.4 -30.7  51.7 -37.5 250  32.5 242.5 25.072086 122.073350  0.50   54379     83
3387     2.7      9456  310.3 -30.7  52.7 -37.3 250  32.5 242.5 25.072188 122.073650  0.50   54411     83
3388     3.2      9459  310.2 -30.8  53.2 -37.3 250  32.4 242.5 25.072289 122.073950  0.51   54442     83
3389     1.8      9461  310.1 -30.8  52.6 -37.4 250  32.4 242.4 25.072389 122.074249  0.50   54473     83
3390     3.4      9464  310.0 -30.8  51.2 -37.7 250  32.4 242.4 25.072489 122.074547  0.49   54505     83
3391     2.5      9467  309.8 -30.8  49.7 -38.0 250  32.3 242.4 25.072590 122.074845  0.47   54536     83
3392     2.4      9469  309.7 -30.8  48.9 -38.1 250  32.3 242.4 25.072691 122.075144  0.46   54567     83
3393     3.6      9473  309.6 -30.9  48.4 -38.3 250  32.2 242.4 25.072793 122.075446  0.46   54599     83
3394     3.0      9476  309.5 -30.9  47.4 -38.5 250  32.2 242.3 25.072895 122.075748  0.45   54630     83
3395     2.2      9478  309.3 -30.9  45.9 -38.8 250  32.2 242.3 25.072995 122.076049  0.43   54662     83
3396     2.8      9481  309.2 -30.9  44.9 -39.1 250  32.2 242.3 25.073094 122.076348  0.42   54693     83
3397     3.0      9484  309.1 -30.9  44.7 -39.1 250  32.1 242.3 25.073192 122.076646  0.42   54725     83
3398     2.7      9486  309.0 -31.0  44.9 -39.1 250  32.1 242.2 25.073290 122.076943  0.42   54756     83
3399     2.7      9489  308.9 -31.0  45.2 -39.1 250  32.1 242.2 25.073387 122.077241  0.42   54787     83
3400     3.0      9492  308.7 -31.0  45.2 -39.1 250  32.0 242.2 25.073485 122.077538  0.42   54818     83
3401     2.3      9495  308.6 -31.1  45.0 -39.2 250  32.0 242.1 25.073581 122.077836  0.42   54849     83
3402     3.4      9498  308.5 -31.1  44.3 -39.4 250  32.0 242.1 25.073678 122.078132  0.41   54880     83
3403     3.1      9501  308.4 -31.1  42.9 -39.7 250  32.0 242.1 25.073776 122.078429  0.40   54911     83
3404     2.2      9503  308.2 -31.1  41.3 -40.1 250  32.0 242.1 25.073876 122.078725  0.38   54942     83
3405     2.8      9506  308.1 -31.1  39.9 -40.4 250  31.9 242.1 25.073976 122.079021  0.37   54973     83
3406     2.9      9509  308.0 -31.2  39.1 -40.6 250  31.9 242.0 25.074077 122.079316  0.36   55004     83
3407     2.6      9511  307.9 -31.2  38.6 -40.8 250  31.9 242.0 25.074178 122.079609  0.36   55035     83
3408     2.8      9514  307.8 -31.2  38.6 -40.8 250  31.9 242.0 25.074279 122.079902  0.35   55066     83
3409     2.8      9517  307.6 -31.2  38.6 -40.8 250  31.9 242.0 25.074379 122.080194  0.35   55096     83
3410     2.7      9520  307.5 -31.2  38.3 -40.9 250  31.9 242.0 25.074479 122.080486  0.35   55127     83
3411     2.9      9523  307.4 -31.3  37.4 -41.2 250  31.9 241.9 25.074579 122.080779  0.34   55158     83
3412     2.7      9525  307.3 -31.3  36.2 -41.5 250  31.9 241.9 25.074678 122.081074  0.33   55189     83
3413     2.5      9528  307.2 -31.3  35.2 -41.8 250  31.9 241.9 25.074777 122.081370  0.32   55220     83
3414     2.9      9531  307.1 -31.4  34.2 -42.1 250  31.9 241.8 25.074875 122.081667  0.31   55251     83
3415     3.0      9534  306.9 -31.4  32.9 -42.5 250  31.9 241.8 25.074973 122.081965  0.30   55282     83
3416     2.2      9536  306.8 -31.4  31.3 -43.0 250  31.9 241.8 25.075070 122.082262  0.28   55313     83
3417     2.5      9538  306.7 -31.4  30.1 -43.3 250  32.0 241.8 25.075168 122.082557  0.27   55344     83
3418     3.5      9542  306.6 -31.4  30.0 -43.4 250  32.0 241.8 25.075268 122.082850  0.27   55375     83
3419     2.8      9545  306.5 -31.4  31.0 -43.0 249  32.0 241.8 25.075368 122.083142  0.28   55405     83
3420     2.9      9548  306.3 -31.3  32.3 -42.6 249  32.0 241.9 25.075469 122.083433  0.30   55436     83
3421     2.2      9550  306.2 -31.4  33.2 -42.4 249  32.0 241.8 25.075570 122.083725  0.30   55467     83
3422     3.0      9553  306.1 -31.4  33.9 -42.2 249  32.0 241.8 25.075671 122.084022  0.31   55498     83
3423     3.0      9556  306.0 -31.4  34.7 -42.0 249  32.1 241.8 25.075771 122.084321  0.31   55529     83
3424     2.5      9558  305.9 -31.4  35.5 -41.8 249  32.1 241.8 25.075872 122.084621  0.32   55560     83
3425     2.6      9561  305.7 -31.4  36.1 -41.6 249  32.1 241.8 25.075974 122.084919  0.33   55592     83
3426     2.6      9564  305.6 -31.4  36.5 -41.5 249  32.1 241.8 25.076080 122.085216  0.33   55623     83
3427     2.9      9566  305.5 -31.4  36.8 -41.5 249  32.1 241.8 25.076188 122.085512  0.33   55654     83
3428     2.4      9569  305.4 -31.5  37.1 -41.4 249  32.2 241.7 25.076297 122.085809  0.34   55685     83
3429     3.0      9572  305.3 -31.5  37.3 -41.4 249  32.2 241.7 25.076404 122.086107  0.34   55717     83
3430     3.4      9575  305.1 -31.5  37.4 -41.4 249  32.2 241.7 25.076510 122.086405  0.34   55748     83
3431     2.4      9578  305.0 -31.5  37.6 -41.4 249  32.2 241.7 25.076614 122.086702  0.34   55779     83
3432     2.6      9580  304.9 -31.6  37.9 -41.3 249  32.2 241.6 25.076717 122.087000  0.34   55811     83
3433     2.8      9583  304.8 -31.6  38.2 -41.3 249  32.3 241.6 25.076821 122.087299  0.34   55842     83
3434     2.8      9586  304.7 -31.7  38.4 -41.3 249  32.3 241.5 25.076926 122.087598  0.34   55873     83
3435     2.3      9588  304.6 -31.7  38.2 -41.4 249  32.3 241.5 25.077031 122.087897  0.34   55905     83
3436     3.0      9591  304.4 -31.7  37.6 -41.5 249  32.3 241.5 25.077135 122.088197  0.33   55936     83
3437     2.7      9594  304.3 -31.7  36.8 -41.7 249  32.3 241.5 25.077239 122.088496  0.33   55968     83
3438     2.3      9596  304.2 -31.7  35.9 -42.0 249  32.3 241.5 25.077343 122.088794  0.32   55999     83
3439     3.4      9600  304.1 -31.7  35.1 -42.2 249  32.3 241.4 25.077448 122.089091  0.31   56030     83
3440     2.7      9602  304.0 -31.8  34.7 -42.3 249  32.3 241.4 25.077555 122.089386  0.31   56061     83
3441     2.2      9604  303.9 -31.8  35.0 -42.2 249  32.3 241.4 25.077664 122.089680  0.31   56092     83
3442     2.3      9607  303.7 -31.7  35.7 -42.0 249  32.4 241.5 25.077773 122.089972  0.32   56123     83
3443     2.8      9610  303.6 -31.7  36.3 -41.9 249  32.4 241.5 25.077881 122.090263  0.32   56154     83
3444     3.2      9613  303.5 -31.7  36.9 -41.7 249  32.4 241.5 25.077988 122.090556  0.33   56185     83
3445     3.1      9616  303.4 -31.7  37.4 -41.6 250  32.4 241.5 25.078093 122.090852  0.33   56216     83
3446     2.9      9619  303.3 -31.8  37.6 -41.6 250  32.4 241.4 25.078198 122.091152  0.33   56247     83
3447     2.4      9621  303.1 -31.8  37.3 -41.7 250  32.4 241.4 25.078303 122.091454  0.33   56279     83
3448     3.1      9624  303.0 -31.8  36.2 -41.9 250  32.4 241.4 25.078409 122.091756  0.32   56311     83
3449     2.8      9627  302.9 -31.8  34.9 -42.3 250  32.4 241.4 25.078514 122.092060  0.31   56343     83
3450     2.6      9630  302.8 -31.8  34.0 -42.5 250  32.4 241.4 25.078618 122.092364  0.30   56375     83
3451     2.9      9633  302.7 -31.8  33.8 -42.6 250  32.4 241.4 25.078718 122.092669  0.30   56407     83
3452     2.3      9635  302.6 -31.8  34.4 -42.5 250  32.4 241.4 25.078815 122.092976  0.30   56439     83
3453     2.2      9637  302.4 -31.8  35.7 -42.1 250  32.4 241.3 25.078912 122.093282  0.31   56471     83
3454     3.4      9640  302.3 -31.8  38.2 -41.5 250  32.4 241.4 25.079010 122.093586  0.34   56503     83
3455     3.4      9644  302.2 -31.8  42.1 -40.5 251  32.4 241.4 25.079108 122.093889  0.37   56535     83
3456     3.0      9647  302.1 -31.8  47.3 -39.4 251  32.4 241.4 25.079206 122.094191  0.42   56566     83
3457     2.4      9649  302.0 -31.8  52.4 -38.4 251  32.4 241.4 25.079302 122.094491  0.46   56598     83
3458     2.7      9652  301.8 -31.9  55.4 -37.9 251  32.4 241.4 25.079396 122.094791  0.49   56629     83
3459     2.4      9654  301.7 -31.9  56.0 -37.8 251  32.4 241.3 25.079489 122.095090  0.49   56660     83
3460     2.4      9657  301.6 -31.9  55.3 -38.0 251  32.4 241.3 25.079583 122.095389  0.48   56692     83
3461     2.9      9660  301.5 -32.0  54.3 -38.2 251  32.4 241.3 25.079676 122.095688  0.47   56723     83
3462     2.1      9662  301.4 -32.0  53.2 -38.4 252  32.4 241.3 25.079769 122.095988  0.47   56754     83
3463     2.6      9664  301.3 -32.0  52.4 -38.5 252  32.4 241.2 25.079860 122.096292  0.46   56786     83
3464     3.4      9668  301.2 -32.0  52.0 -38.6 252  32.4 241.2 25.079950 122.096598  0.45   56818     83
3465     3.5      9671  301.0 -32.0  51.9 -38.7 252  32.4 241.2 25.080040 122.096906  0.45   56850     83
3466     3.5      9675  300.9 -32.0  51.8 -38.7 252  32.4 241.2 25.080130 122.097215  0.45   56882     83
3467     1.3      9676  300.8 -32.0  51.6 -38.7 252  32.4 241.2 25.080221 122.097523  0.45   56915     83
3468     2.8      9679  300.7 -32.0  51.3 -38.8 252  32.4 241.2 25.080312 122.097830  0.45   56947     83
3469     3.0      9682  300.6 -32.1  51.2 -38.9 252  32.4 241.1 25.080403 122.098136  0.44   56979     83
3470     3.0      9685  300.4 -32.1  51.5 -38.8 252  32.4 241.1 25.080494 122.098443  0.45   57011     83
3471     2.8      9687  300.3 -32.1  52.0 -38.8 252  32.4 241.1 25.080583 122.098749  0.45   57043     83
3472     2.7      9690  300.2 -32.1  52.4 -38.7 252  32.4 241.1 25.080671 122.099056  0.45   57075     83
3473     2.7      9693  300.1 -32.2  52.9 -38.6 252  32.4 241.1 25.080759 122.099362  0.46   57107     83
3474     1.5      9694  300.0 -32.2  53.4 -38.5 253  32.5 241.1 25.080845 122.099667  0.46   57138     82
3475     2.7      9697  299.9 -32.2  54.0 -38.4 253  32.5 241.0 25.080930 122.099972  0.46   57170     82
3476     2.8      9700  299.8 -32.2  54.5 -38.4 253  32.5 241.0 25.081013 122.100278  0.47   57202     82
3477     2.8      9703  299.7 -32.2  54.9 -38.3 253  32.5 241.0 25.081095 122.100583  0.47   57234     82
3478     2.8      9706  299.5 -32.2  55.2 -38.3 253  32.5 241.0 25.081177 122.100889  0.47   57266     82
3479     2.9      9708  299.4 -32.3  55.4 -38.2 253  32.5 241.0 25.081258 122.101195  0.47   57297     82
3480     2.9      9711  299.3 -32.3  55.7 -38.2 253  32.5 240.9 25.081341 122.101502  0.48   57329     82
3481     2.9      9714  299.2 -32.3  56.1 -38.2 253  32.5 240.9 25.081424 122.101809  0.48   57361     82
3482     2.9      9717  299.1 -32.3  56.6 -38.1 253  32.5 240.9 25.081509 122.102117  0.48   57393     82
3483     1.6      9719  299.0 -32.4  57.0 -38.1 253  32.5 240.9 25.081594 122.102426  0.48   57426     82
3484     2.7      9721  298.9 -32.4  57.3 -38.0 253  32.5 240.8 25.081680 122.102736  0.49   57458     82
3485     2.9      9724  298.8 -32.4  57.8 -38.0 253  32.5 240.8 25.081766 122.103046  0.49   57490     82
3486     2.9      9727  298.7 -32.4  58.6 -37.9 253  32.5 240.8 25.081852 122.103358  0.49   57523     82
3487     1.7      9729  298.5 -32.4  59.4 -37.7 253  32.5 240.8 25.081938 122.103671  0.50   57555     82
3488     2.5      9731  298.4 -32.4  59.9 -37.7 253  32.5 240.8 25.082025 122.103982  0.51   57588     82
3489     2.5      9734  298.3 -32.4  59.6 -37.7 253  32.5 240.8 25.082110 122.104292  0.50   57620     82
3490     2.7      9737  298.2 -32.5  58.8 -37.9 253  32.5 240.8 25.082195 122.104600  0.49   57652     82
3491     3.0      9740  298.1 -32.5  57.9 -38.0 253  32.5 240.7 25.082278 122.104909  0.49   57684     82
3492     2.7      9742  298.0 -32.5  57.4 -38.2 254  32.5 240.7 25.082360 122.105218  0.48   57716     82
3493     1.7      9744  297.9 -32.5  57.0 -38.2 254  32.5 240.7 25.082442 122.105525  0.48   57748     82
3494     2.3      9746  297.8 -32.5  56.6 -38.3 254  32.5 240.7 25.082525 122.105830  0.47   57780     82
3495     2.9      9749  297.7 -32.6  56.0 -38.4 254  32.5 240.7 25.082607 122.106134  0.47   57812     82
3496     2.3      9752  297.6 -32.6  55.7 -38.5 254  32.5 240.6 25.082688 122.106438  0.46   57843     82
3497     1.9      9753  297.5 -32.6  55.8 -38.5 254  32.5 240.6 25.082767 122.106744  0.46   57875     82
3498     3.0      9756  297.4 -32.6  56.3 -38.5 254  32.5 240.6 25.082846 122.107051  0.47   57907     82
3499     2.4      9759  297.3 -32.7  56.7 -38.4 254  32.5 240.6 25.082927 122.107359  0.47   57939     82
3500     3.1      9762  297.2 -32.7  57.0 -38.4 254  32.5 240.5 25.083009 122.107667  0.47   57971     82
3501     2.8      9765  297.1 -32.7  57.0 -38.4 254  32.5 240.5 25.083092 122.107978  0.47   58004     82
3502     2.8      9768  296.9 -32.7  56.9 -38.4 254  32.5 240.5 25.083174 122.108289  0.47   58036     82
3503     1.9      9769  296.8 -32.8  56.6 -38.5 254  32.5 240.4 25.083258 122.108602  0.47   58069     82
3504     2.7      9772  296.7 -32.8  56.2 -38.6 254  32.5 240.4 25.083341 122.108917  0.46   58101     82
3505     3.1      9775  296.6 -32.8  55.8 -38.7 254  32.5 240.4 25.083424 122.109231  0.46   58134     82
3506     2.5      9778  296.5 -32.8  55.3 -38.8 254  32.5 240.4 25.083506 122.109542  0.45   58166     82
3507     3.4      9781  296.4 -32.8  54.6 -38.9 254  32.5 240.4 25.083589 122.109850  0.45   58198     82
3508     2.3      9783  296.3 -32.8  53.9 -39.1 254  32.5 240.4 25.083671 122.110155  0.44   58230     82
3509     2.4      9786  296.2 -32.8  53.3 -39.2 254  32.5 240.4 25.083754 122.110459  0.44   58262     82
3510     2.3      9788  296.1 -32.8  53.2 -39.2 254  32.5 240.4 25.083837 122.110763  0.43   58294     82
3511     2.4      9791  295.9 -32.9  53.4 -39.2 254  32.5 240.3 25.083917 122.111069  0.44   58325     82
3512     2.3      9793  295.8 -32.9  53.9 -39.1 254  32.5 240.3 25.083994 122.111376  0.44   58357     82
3513     2.9      9796  295.7 -32.9  54.6 -39.1 254  32.5 240.3 25.084069 122.111685  0.44   58389     82
3514     3.1      9799  295.6 -33.0  55.2 -39.0 254  32.5 240.2 25.084146 122.111994  0.45   58421     82
3515     2.6      9802  295.5 -33.0  55.5 -38.9 254  32.5 240.2 25.084223 122.112304  0.45   58454     82
3516     3.0      9805  295.4 -33.0  55.4 -39.0 254  32.5 240.2 25.084301 122.112615  0.45   58486     82
3517     2.3      9807  295.3 -33.1  55.3 -39.0 254  32.4 240.2 25.084379 122.112926  0.44   58518     82
3518     2.7      9810  295.2 -33.1  55.2 -39.1 254  32.4 240.1 25.084458 122.113237  0.44   58551     82
3519     2.5      9812  295.0 -33.1  55.4 -39.1 254  32.4 240.1 25.084537 122.113548  0.44   58583     82
3520     3.0      9815  294.9 -33.1  55.7 -39.0 254  32.4 240.1 25.084616 122.113860  0.44   58615     82
3521     2.4      9817  294.8 -33.2  55.8 -39.0 254  32.4 240.1 25.084696 122.114171  0.44   58648     82
3522     3.0      9820  294.7 -33.2  55.7 -39.1 255  32.4 240.1 25.084776 122.114480  0.44   58680     82
3523     2.7      9823  294.6 -33.2  55.4 -39.1 255  32.4 240.0 25.084857 122.114787  0.44   58712     82
3524     2.0      9825  294.5 -33.2  55.2 -39.2 255  32.4 240.0 25.084936 122.115092  0.44   58743     82
3525     3.4      9828  294.4 -33.2  55.2 -39.2 255  32.4 240.0 25.085014 122.115398  0.44   58775     82
3526     3.3      9832  294.3 -33.3  55.4 -39.2 255  32.4 239.9 25.085091 122.115704  0.44   58807     82
3527     2.1      9834  294.2 -33.3  55.8 -39.2 255  32.5 239.9 25.085166 122.116011  0.44   58839     82
3528     1.4      9835  294.0 -33.3  56.1 -39.2 255  32.5 239.9 25.085242 122.116319  0.44   58871     82
3529     3.3      9838  293.9 -33.4  56.4 -39.1 255  32.5 239.9 25.085319 122.116626  0.44   58903     82
3530     3.2      9842  293.8 -33.4  56.6 -39.1 255  32.5 239.8 25.085398 122.116933  0.44   58935     82
3531     1.9      9844  293.7 -33.4  56.7 -39.1 255  32.5 239.8 25.085477 122.117241  0.44   58967     82
3532     3.1      9847  293.6 -33.4  56.9 -39.1 255  32.5 239.8 25.085555 122.117550  0.44   58999     82
3533     2.9      9850  293.5 -33.4  57.3 -39.0 255  32.5 239.8 25.085632 122.117863  0.45   59031     82
3534     3.1      9853  293.4 -33.5  57.8 -39.0 255  32.6 239.7 25.085706 122.118180  0.45   59064     82
3535     2.1      9855  293.3 -33.5  58.2 -39.0 255  32.6 239.7 25.085778 122.118501  0.45   59097     82
3536     3.3      9858  293.2 -33.5  58.5 -38.9 255  32.6 239.7 25.085852 122.118820  0.45   59130     82
3537     2.2      9860  293.0 -33.5  58.5 -38.9 255  32.6 239.7 25.085927 122.119134  0.45   59163     82
3538     2.2      9862  292.9 -33.5  58.4 -39.0 255  32.7 239.7 25.086005 122.119446  0.45   59195     82
3539     2.8      9865  292.8 -33.5  58.2 -39.0 255  32.7 239.7 25.086082 122.119757  0.45   59228     82
3540     2.7      9868  292.7 -33.6  58.2 -39.0 255  32.7 239.7 25.086157 122.120069  0.45   59260     82
3541     2.0      9870  292.6 -33.6  58.5 -39.0 255  32.7 239.6 25.086231 122.120382  0.45   59292     82
3542     3.1      9873  292.5 -33.6  59.1 -38.9 255  32.8 239.6 25.086303 122.120697  0.45   59325     82
3543     2.4      9875  292.4 -33.6  59.9 -38.8 256  32.8 239.6 25.086376 122.121013  0.46   59358     82
3544     2.9      9878  292.3 -33.7  60.9 -38.7 256  32.8 239.6 25.086447 122.121328  0.47   59390     82
3545     2.8      9881  292.2 -33.7  61.9 -38.5 256  32.8 239.5 25.086518 122.121644  0.47   59423     82
3546     3.1      9884  292.1 -33.7  62.6 -38.4 256  32.9 239.5 25.086589 122.121959  0.48   59456     82
3547     2.3      9886  291.9 -33.7  63.1 -38.4 256  32.9 239.5 25.086661 122.122275  0.48   59489     82
3548     2.9      9889  291.8 -33.8  63.4 -38.4 256  32.9 239.4 25.086733 122.122592  0.48   59521     82
3549     2.2      9892  291.7 -33.8  63.6 -38.4 256  32.9 239.4 25.086805 122.122910  0.48   59554     82
3550     2.3      9894  291.6 -33.8  63.9 -38.3 256  33.0 239.4 25.086877 122.123228  0.48   59587     82
3551     2.9      9897  291.5 -33.8  64.0 -38.3 256  33.0 239.4 25.086950 122.123547  0.48   59620     82
3552     2.3      9899  291.4 -33.8  63.3 -38.4 256  33.0 239.4 25.087024 122.123865  0.48   59653     82
3553     2.9      9902  291.3 -33.8  61.8 -38.7 256  33.0 239.4 25.087099 122.124183  0.47   59686     82
3554     2.7      9905  291.2 -33.8  60.2 -38.9 256  33.1 239.4 25.087175 122.124501  0.46   59719     82
3555     1.9      9906  291.1 -33.8  59.5 -39.0 256  33.1 239.4 25.087252 122.124819  0.45   59752     82
3556     3.5      9910  291.0 -33.8  60.5 -38.9 256  33.1 239.4 25.087328 122.125137  0.46   59785     82
3557     2.5      9913  290.9 -33.9  62.6 -38.6 256  33.1 239.4 25.087403 122.125455  0.47   59818     82
3558     2.3      9915  290.8 -33.9  65.3 -38.2 256  33.1 239.3 25.087476 122.125772  0.49   59851     82
3559     2.4      9917  290.7 -33.9  68.6 -37.7 256  33.1 239.3 25.087547 122.126088  0.51   59884     82
3560     2.4      9920  290.5 -34.0  72.4 -37.2 256  33.2 239.3 25.087618 122.126405  0.54   59916     82
3561     2.8      9922  290.4 -34.0  76.0 -36.8 256  33.2 239.3 25.087689 122.126722  0.57   59949     82
3562     2.8      9925  290.3 -34.0  79.3 -36.4 256  33.2 239.2 25.087758 122.127039  0.59   59982     82
3563     2.9      9928  290.2 -34.0  82.5 -36.0 257  33.2 239.2 25.087827 122.127356  0.62   60015     82
3564     2.3      9930  290.1 -34.0  84.8 -35.7 257  33.2 239.2 25.087893 122.127674  0.63   60048     82
3565     2.7      9933  290.0 -34.1  85.3 -35.7 257  33.2 239.2 25.087959 122.127994  0.63   60081     82
3566     2.3      9935  289.9 -34.1  85.3 -35.7 257  33.2 239.2 25.088026 122.128316  0.63   60114     82
3567     2.5      9938  289.8 -34.1  85.8 -35.6 257  33.2 239.2 25.088095 122.128638  0.64   60147     82
3568     2.5      9940  289.7 -34.1  86.9 -35.5 257  33.2 239.2 25.088165 122.128959  0.65   60180     82
3569     3.2      9943  289.6 -34.1  87.9 -35.4 257  33.2 239.2 25.088234 122.129281  0.65   60214     82
3570     2.4      9946  289.5 -34.1  88.8 -35.3 257  33.3 239.2 25.088303 122.129604  0.66   60247     82
3571     2.7      9948  289.4 -34.1  89.3 -35.2 257  33.3 239.2 25.088370 122.129928  0.66   60281     82
3572     2.0      9950  289.3 -34.1  88.7 -35.3 257  33.3 239.2 25.088438 122.130252  0.66   60314     82
3573     2.4      9953  289.2 -34.1  87.4 -35.4 257  33.3 239.2 25.088506 122.130576  0.65   60348     82
3574     2.5      9955  289.1 -34.1  86.3 -35.6 257  33.3 239.2 25.088574 122.130897  0.64   60381     82
3575     2.3      9958  289.0 -34.1  85.6 -35.6 257  33.3 239.2 25.088641 122.131217  0.64   60414     82
3576     2.9      9961  288.9 -34.1  85.2 -35.7 257  33.3 239.2 25.088709 122.131535  0.63   60447     82
3577     2.6      9963  288.8 -34.1  84.6 -35.8 257  33.3 239.2 25.088776 122.131854  0.63   60480     82
3578     2.3      9965  288.7 -34.1  83.2 -35.9 257  33.3 239.2 25.088842 122.132173  0.62   60513     82
3579     2.2      9968  288.6 -34.1  80.9 -36.2 257  33.3 239.2 25.088906 122.132493  0.60   60546     82
3580     2.2      9970  288.5 -34.1  78.7 -36.5 257  33.3 239.2 25.088970 122.132812  0.59   60578     82
3581     2.9      9973  288.4 -34.1  77.0 -36.7 257  33.3 239.1 25.089034 122.133131  0.57   60611     82
3582     3.3      9976  288.2 -34.1  75.6 -36.9 257  33.3 239.1 25.089098 122.133451  0.56   60644     82
3583     1.5      9978  288.1 -34.1  74.5 -37.1 257  33.3 239.1 25.089161 122.133772  0.55   60678     82
3584     2.8      9981  288.0 -34.1  73.6 -37.2 257  33.3 239.1 25.089223 122.134094  0.55   60711     82
3585     3.3      9984  287.9 -34.1  72.8 -37.3 257  33.3 239.1 25.089283 122.134416  0.54   60744     82
3586     2.2      9986  287.8 -34.1  72.1 -37.4 257  33.4 239.1 25.089344 122.134740  0.54   60777     82
3587     3.1      9989  287.7 -34.1  71.7 -37.5 257  33.4 239.1 25.089407 122.135063  0.53   60811     82
3588     1.9      9991  287.6 -34.1  71.2 -37.6 257  33.4 239.1 25.089471 122.135386  0.53   60844     82
3589     2.2      9993  287.5 -34.1  70.7 -37.6 257  33.4 239.1 25.089538 122.135709  0.53   60877     82
3590     2.2      9995  287.4 -34.1  70.3 -37.7 257  33.4 239.1 25.089605 122.136032  0.52   60911     82
3591     2.7      9998  287.3 -34.1  69.9 -37.7 257  33.4 239.1 25.089672 122.136355  0.52   60944     82
3592     2.8     10001  287.2 -34.1  69.4 -37.8 257  33.4 239.1 25.089740 122.136678  0.52   60977     82
3593     2.6     10004  287.1 -34.1  68.8 -37.9 257  33.4 239.1 25.089809 122.137001  0.51   61011     82
3594     2.9     10006  287.0 -34.1  68.0 -38.0 257  33.4 239.1 25.089878 122.137323  0.51   61044     82
3595     2.6     10009  286.8 -34.1  67.0 -38.2 257  33.4 239.1 25.089947 122.137645  0.50   61077     82
3596     3.1     10012  286.7 -34.1  65.6 -38.4 257  33.5 239.1 25.090017 122.137966  0.49   61110     82
3597     3.2     10015  286.5 -34.1  64.1 -38.6 257  33.5 239.1 25.090089 122.138286  0.48   61144     82
3598     2.2     10018  286.3 -34.1  63.0 -38.8 257  33.5 239.1 25.090160 122.138605  0.47   61177     82
3599    13.2     10031  286.2 -34.2  62.3 -38.9 257  33.5 239.1 25.090232 122.138924  0.46   61210     82
3600     3.5     10034  286.0 -34.2  62.1 -39.0 257  33.5 239.0 25.090305 122.139244  0.46   61243     82
3601     2.5     10037  285.8 -34.2  62.1 -39.0 257  33.5 239.0 25.090379 122.139564  0.46   61276     82
3602     2.9     10040  285.7 -34.3  61.9 -39.1 257  33.5 239.0 25.090454 122.139885  0.46   61309     82
3603     2.6     10042  285.5 -34.3  61.6 -39.1 257  33.5 239.0 25.090527 122.140206  0.46   61343     82
3604     1.8     10044  285.4 -34.3  61.2 -39.2 257  33.5 238.9 25.090597 122.140530  0.45   61376     82
3605     2.6     10047  285.3 -34.3  60.7 -39.3 257  33.5 238.9 25.090664 122.140856  0.45   61410     82
3606     2.9     10050  285.2 -34.3  60.3 -39.4 257  33.6 238.9 25.090729 122.141184  0.44   61444     82
3607     2.2     10052  285.1 -34.4  60.2 -39.5 257  33.6 238.8 25.090795 122.141514  0.44   61478     82
3608     3.1     10055  285.0 -34.4  60.1 -39.5 257  33.6 238.8 25.090860 122.141842  0.44   61511     82
9998     2.8     10058  284.9 -34.4  60.1 -39.5 257  33.6 238.8 25.090925 122.142169  0.44   61545     82
