Time,channel,PacketID,Temperature(degree C),Humidity(%),Pressure(hPa),Voltage(V),RSSI,Lat,Lon,Height(m),Distance(km),Sat,SNR,Speed(km/hr),Direction(degree),angle(degree),
2023-11-13T06:27:41Z,6,15,2195,630,102477.0937,666,12153896,2501463,4512,4,-55,0,2,232,12,33516,36
2023-11-13T06:27:42Z,1,50,1966,769,102536.4296,670,12153897,2501459,4617,6,-86,0,2,128,9,30181,41
2023-11-13T06:27:42Z,6,16,2190,632,102474.8984,665,12153896,2501463,4306,4,-56,0,2,47,9,33516,36
2023-11-13T06:27:43Z,1,51,1967,769,102538.0781,673,12153897,2501459,4688,6,-84,0,2,43,9,30181,41
2023-11-13T06:27:43Z,6,17,2189,633,102476.6953,666,12153896,2501462,4261,4,-64,0,2,47,9,33516,36
2023-11-13T06:27:44Z,1,52,1974,768,102538.0781,672,12153897,2501459,4692,6,-73,0,2,9,9,30181,41
2023-11-13T06:27:44Z,6,18,2184,639,102474.25,672,12153896,2501462,4293,4,-71,0,2,39,9,33516,36
2023-11-13T06:27:45Z,1,53,1977,768,102534.8593,667,12153897,2501459,4711,6,-71,0,2,18,9,30181,41
2023-11-13T06:27:45Z,6,19,2181,642,102478.1718,673,12153896,2501462,4385,4,-61,0,2,108,9,33516,36
2023-11-13T06:27:46Z,1,54,1987,772,102540.2656,667,12153897,2501459,4714,6,-65,0,2,35,9,30181,41
2023-11-13T06:27:46Z,6,20,2179,645,102480.7031,674,12153896,2501462,4404,4,-56,0,2,90,9,33516,36
2023-11-13T06:27:47Z,1,55,1989,767,102535.1875,666,12153897,2501459,4767,6,-65,0,2,146,9,107,41
2023-11-13T06:27:47Z,6,21,2173,645,102480.3593,674,12153897,2501463,4399,4,-56,0,2,239,9,26976,36
2023-11-13T06:27:48Z,1,56,1989,759,102539.3671,672,12153897,2501459,4769,6,-65,0,2,211,9,27363,41
2023-11-13T06:27:48Z,6,22,2171,641,102493.6718,666,12153896,2501463,4411,4,-49,0,2,320,10,26905,36
2023-11-13T06:27:49Z,1,57,1989,756,102537.125,672,12153897,2501459,4790,6,-62,0,2,275,9,27899,41
2023-11-13T06:27:49Z,6,23,2167,640,102490.3125,666,12153894,2501460,4321,4,-56,0,2,199,10,26905,36
2023-11-13T06:27:50Z,1,58,1989,758,102538.5468,672,12153896,2501459,4772,6,-63,0,2,341,9,27276,41
2023-11-13T06:27:50Z,6,24,2162,643,102493.6875,674,12153894,2501461,4313,4,-58,0,2,202,10,26905,36
2023-11-13T06:27:51Z,1,59,1987,760,102540.6875,670,12153895,2501459,4748,6,-63,0,2,142,9,27276,41
2023-11-13T06:27:51Z,6,25,2158,649,102495.625,674,12153894,2501461,4287,4,-51,0,2,64,10,26905,36
2023-11-13T06:27:52Z,1,60,1993,766,102555.2343,672,12153895,2501459,4760,6,-68,0,2,38,10,27276,41
2023-11-13T06:27:52Z,6,26,2157,655,102485.7187,666,12153894,2501460,4324,4,-50,0,2,331,9,26905,36
2023-11-13T06:27:53Z,1,61,1997,763,102543.1718,671,12153895,2501459,4789,6,-65,0,2,2,9,27276,41
2023-11-13T06:27:53Z,6,27,2156,656,102479.9062,666,12153895,2501460,4355,4,-51,0,2,230,10,26905,36
2023-11-13T06:27:54Z,1,62,2002,762,102538.664,666,12153895,2501459,4799,6,-63,0,2,19,10,27276,41
2023-11-13T06:27:54Z,6,28,2155,655,102479.5546,673,12153895,2501460,4356,4,-64,0,2,289,9,21061,36
2023-11-13T06:27:55Z,1,63,2003,755,102541.1406,666,12153895,2501459,4789,6,-64,0,2,63,9,27276,41
2023-11-13T06:27:55Z,6,29,2154,655,102480.3906,673,12153896,2501460,4426,4,-62,0,2,121,9,21061,36
2023-11-13T06:27:56Z,1,64,2007,752,102545.5781,666,12153894,2501458,4764,6,-70,0,2,204,9,27276,41
2023-11-13T06:27:56Z,6,30,2154,657,102481.25,667,12153896,2501460,4450,4,-64,0,2,192,9,21061,36
2023-11-13T06:27:57Z,1,65,2010,751,102555.6562,669,12153894,2501458,4752,6,-74,0,2,37,9,27276,41
2023-11-13T06:27:57Z,6,31,2154,661,102483.539,666,12153896,2501460,4503,4,-70,0,2,36,10,21061,36
2023-11-13T06:27:58Z,1,66,2016,765,102543.6953,672,12153894,2501458,4730,6,-70,0,2,460,9,27276,41
2023-11-13T06:27:58Z,6,32,2154,658,102476.7812,667,12153896,2501460,4500,4,-70,0,2,70,9,21061,36
2023-11-13T06:27:59Z,1,67,2018,753,102541.9375,671,12153893,2501458,4677,5,-78,0,2,109,9,27276,41
2023-11-13T06:27:59Z,6,33,2154,650,102477.6406,674,12153896,2501460,4584,4,-66,0,2,13,9,21061,36
2023-11-13T06:28:00Z,1,68,2020,752,102545.0468,671,12153893,2501458,4667,6,-72,0,2,88,9,27276,41
2023-11-13T06:28:00Z,6,34,2153,648,102476.6484,673,12153896,2501460,4613,4,-57,0,2,88,9,21061,36
2023-11-13T06:28:01Z,1,69,2024,749,102539.9375,671,12153893,2501458,4708,6,-77,0,2,26,9,27276,41
2023-11-13T06:28:01Z,6,35,2154,647,102477.75,673,12153896,2501460,4576,4,-57,0,2,131,10,21061,36
2023-11-13T06:28:02Z,1,70,2029,742,102538,671,12153893,2501458,4682,6,-72,0,2,154,9,27276,41
2023-11-13T06:28:02Z,6,36,2153,645,102477.4062,672,12153896,2501461,4528,4,-60,0,2,34,9,21061,36
2023-11-13T06:28:03Z,1,71,2036,752,102538.4609,668,12153894,2501459,4690,6,-72,0,2,20,9,27276,41
2023-11-13T06:28:03Z,6,37,2153,645,102479.6953,672,12153896,2501461,4534,4,-56,0,2,363,10,21061,36
2023-11-13T06:28:04Z,1,72,2041,751,102536.2343,665,12153894,2501458,4685,6,-71,0,2,75,9,27276,41
2023-11-13T06:28:04Z,6,38,2152,644,102477.5781,673,12153895,2501461,4531,4,-52,0,2,65,9,21061,36
2023-11-13T06:28:05Z,1,73,2048,749,102537.5,671,12153893,2501458,4675,6,-66,0,2,168,9,27276,41
2023-11-13T06:28:05Z,6,39,2151,645,102478.5625,665,12153895,2501461,4490,4,-49,0,2,147,10,21061,36
2023-11-13T06:28:06Z,1,74,2056,754,102534.6328,671,12153893,2501458,4696,6,-64,0,2,30,9,27276,41
2023-11-13T06:28:06Z,6,40,2150,645,102474.4921,665,12153896,2501461,4482,4,-43,0,2,266,9,21061,36
2023-11-13T06:28:07Z,1,75,2064,757,102537.6484,665,12153893,2501458,4625,6,-70,0,2,336,9,27276,41
2023-11-13T06:28:07Z,6,41,2146,645,102481.1171,672,12153896,2501460,4424,4,-46,0,2,287,9,21061,36
2023-11-13T06:28:08Z,1,76,2066,750,102539.125,663,12153893,2501458,4626,6,-76,0,2,94,9,27276,41
2023-11-13T06:28:08Z,6,42,2146,653,102480.1406,672,12153896,2501460,4384,4,-42,0,2,385,9,15732,36
2023-11-13T06:28:09Z,1,77,2071,749,102555.875,671,12153893,2501458,4655,6,-52,0,2,42,10,27276,41
2023-11-13T06:28:09Z,6,43,2153,661,102478.0156,665,12153897,2501459,4348,4,-47,0,2,436,10,14643,36
2023-11-13T06:28:10Z,1,78,2069,735,102530.5781,668,12153893,2501458,4632,6,-56,0,2,120,9,27276,41
2023-11-13T06:28:10Z,6,44,2159,663,102487.5703,665,12153897,2501459,4284,4,-44,0,2,169,9,14643,36
2023-11-13T06:28:11Z,1,79,2068,730,102530.6875,670,12153892,2501458,4630,6,-54,0,2,132,9,27276,41
2023-11-13T06:28:11Z,6,45,2169,657,102491.4296,672,12153897,2501460,4225,4,-44,0,2,183,9,14643,36
2023-11-13T06:28:12Z,1,80,2068,724,102530.6875,668,12153892,2501457,4625,6,-68,0,2,233,10,27276,41
2023-11-13T06:28:12Z,6,46,2173,651,102486.1562,672,12153897,2501460,4176,4,-44,0,2,197,9,14643,36
2023-11-13T06:28:13Z,1,81,2068,724,102534.2343,667,12153892,2501457,4649,6,-63,0,2,259,9,27276,41
2023-11-13T06:28:13Z,6,47,2180,653,102482.1875,665,12153898,2501460,4174,4,-48,0,2,215,9,14643,36
2023-11-13T06:28:14Z,1,82,2070,723,102535.3359,670,12153892,2501457,4674,6,-66,0,2,368,10,27276,41
2023-11-13T06:28:14Z,6,48,2187,663,102484.8984,665,12153898,2501460,4184,4,-44,0,2,92,9,14643,36
2023-11-13T06:28:15Z,1,83,2067,722,102556.5,669,12153892,2501457,4731,6,-62,0,2,141,9,27276,41
2023-11-13T06:28:15Z,6,49,2198,673,102483.4062,671,12153898,2501459,4168,4,-45,0,2,144,9,14643,36
2023-11-13T06:28:16Z,1,84,2067,721,102562.4062,661,12153892,2501457,4805,6,-67,0,2,197,9,27276,41
2023-11-13T06:28:16Z,6,50,2213,679,102483.25,665,12153898,2501459,4202,4,-43,0,2,25,9,14643,36
2023-11-13T06:28:17Z,1,85,2065,720,102560.2343,664,12153891,2501457,4775,5,-68,0,2,282,9,27276,41
2023-11-13T06:28:17Z,6,51,2226,675,102487.1718,671,12153898,2501459,4227,4,-56,0,2,105,10,14643,36
2023-11-13T06:28:18Z,1,86,2066,722,102558.1875,667,12153891,2501457,4966,6,-67,0,2,268,9,27276,41
2023-11-13T06:28:18Z,6,52,2240,667,102486.8671,672,12153898,2501458,4136,4,-54,0,2,40,9,14643,36
2023-11-13T06:28:19Z,1,87,2070,730,102561.9843,670,12153891,2501457,4564,6,-66,0,2,99,9,27276,41
2023-11-13T06:28:19Z,6,53,2249,663,102486.0468,671,12153898,2501457,4205,4,-50,0,2,48,9,14643,36
2023-11-13T06:28:20Z,1,88,2071,730,102562.6875,668,12153892,2501456,4328,6,-67,0,2,18,9,27276,41
2023-11-13T06:28:20Z,6,54,2253,661,102487.1562,672,12153898,2501459,4205,4,-54,0,2,42,9,14643,36
2023-11-13T06:28:21Z,1,89,2077,732,102563.8125,668,12153892,2501456,4406,6,-75,0,2,32,10,27276,41
2023-11-13T06:28:21Z,6,55,2253,656,102491.2812,672,12153899,2501458,4314,4,-43,0,2,498,9,14568,36
2023-11-13T06:28:22Z,1,90,2079,732,102544.4687,662,12153893,2501456,4573,6,-78,0,2,143,9,27276,41
2023-11-13T06:28:22Z,6,56,2250,651,102488.9765,671,12153899,2501457,4461,4,-47,0,2,104,9,14568,36
2023-11-13T06:28:23Z,1,91,2084,733,102544.75,669,12153893,2501455,4611,6,-74,0,2,170,10,27276,41
2023-11-13T06:28:23Z,6,57,2248,647,102489.125,664,12153899,2501457,4759,4,-45,0,2,120,9,14568,36
2023-11-13T06:28:24Z,1,92,2084,729,102545.1562,667,12153893,2501455,4573,6,-75,0,2,42,9,27276,41
2023-11-13T06:28:24Z,6,58,2245,643,102493.4375,671,12153899,2501458,5067,4,-47,0,2,145,10,14568,36
2023-11-13T06:28:25Z,1,93,2088,732,102549.4453,670,12153893,2501455,4530,6,-76,0,2,49,9,27276,41
2023-11-13T06:28:25Z,6,59,2242,642,102484.9921,671,12153899,2501459,5052,4,-47,0,2,46,9,14568,36
2023-11-13T06:28:26Z,1,94,2092,735,102543.4687,667,12153894,2501455,4506,6,-72,0,2,29,9,27276,41
2023-11-13T06:28:26Z,6,60,2241,640,102485.125,664,12153900,2501458,5182,4,-47,0,2,55,9,14568,36
2023-11-13T06:28:27Z,1,95,2094,733,102539.4531,670,12153893,2501455,4577,6,-75,0,2,37,9,27276,41
2023-11-13T06:28:27Z,6,61,2238,638,102485.4843,664,12153900,2501458,5312,4,-45,0,2,19,10,14568,36
2023-11-13T06:28:28Z,1,96,2094,734,102541.3046,669,12153893,2501455,4554,6,-65,0,2,112,9,27276,41
2023-11-13T06:28:28Z,6,62,2232,636,102483.8437,671,12153900,2501458,5294,4,-60,0,2,61,9,14568,36
2023-11-13T06:28:29Z,1,97,2092,728,102537.1406,663,12153893,2501455,4510,6,-79,0,2,50,9,27276,41
2023-11-13T06:28:29Z,6,63,2226,632,102484.1875,671,12153900,2501458,5364,4,-61,0,2,36,9,14568,36
2023-11-13T06:28:30Z,1,98,2088,728,102545.125,664,12153893,2501455,4536,6,-89,0,2,298,9,27276,41
2023-11-13T06:28:30Z,6,64,2219,631,102484.9453,665,12153900,2501459,5475,4,-57,0,2,24,9,14568,36
2023-11-13T06:28:31Z,1,99,2083,731,102548.0156,669,12153892,2501455,4530,6,-74,0,2,297,9,28077,41
2023-11-13T06:28:31Z,6,65,2214,630,102490.7109,665,12153900,2501459,5490,4,-56,0,2,14,9,14568,36
2023-11-13T06:28:32Z,1,100,2079,731,102559.75,669,12153892,2501456,4524,6,-76,0,2,277,9,30442,41
2023-11-13T06:28:32Z,6,66,2206,630,102486.5625,665,12153900,2501459,5635,4,-58,0,2,19,9,14568,36
2023-11-13T06:28:33Z,1,101,2073,725,102563.9218,663,12153892,2501456,4497,6,-78,0,2,99,9,30442,41
2023-11-13T06:28:33Z,6,67,2198,633,102484.2656,672,12153900,2501460,5681,4,-48,0,2,17,9,14568,36
2023-11-13T06:28:34Z,1,102,2065,723,102565.3359,661,12153892,2501456,4389,6,-81,0,2,299,9,32597,41
2023-11-13T06:28:34Z,6,68,2190,632,102480.0781,671,12153901,2501460,5666,4,-44,0,2,70,9,14568,36
2023-11-13T06:28:35Z,1,103,2054,726,102568.375,664,12153892,2501456,4507,6,-70,0,2,86,9,32597,41
2023-11-13T06:28:35Z,6,69,2182,631,102481.5781,671,12153900,2501462,5469,4,-48,0,2,1215,9,35114,36
2023-11-13T06:28:36Z,1,104,2047,727,102540.1796,662,12153892,2501456,4447,6,-78,0,2,67,9,32597,41
2023-11-13T06:28:36Z,6,70,2171,628,102482.0937,671,12153900,2501463,5376,4,-51,0,2,184,9,35114,36
2023-11-13T06:28:37Z,1,105,2037,730,102548.2812,669,12153892,2501456,4393,6,-72,0,2,416,9,32597,41
2023-11-13T06:28:37Z,6,71,2159,629,102482.5468,671,12153900,2501464,5378,4,-52,0,2,87,10,35114,36
2023-11-13T06:28:38Z,1,106,2025,732,102545.5937,667,12153892,2501457,4368,6,-80,0,2,551,9,32597,41
2023-11-13T06:28:38Z,6,72,2149,630,102484.5781,671,12153900,2501463,5323,4,-52,0,2,11,9,35114,36
2023-11-13T06:28:39Z,1,107,2024,754,102545.5625,669,12153892,2501457,4334,6,-78,0,2,87,9,32597,41
2023-11-13T06:28:39Z,6,73,2139,632,102485.8046,671,12153900,2501463,5302,4,-45,0,2,51,9,35114,36
2023-11-13T06:28:40Z,1,108,2028,775,102552.7968,667,12153893,2501458,4387,6,-78,0,2,234,9,32597,41
2023-11-13T06:28:40Z,6,74,2131,636,102484.3593,671,12153901,2501463,5322,4,-54,0,2,63,10,35114,36
2023-11-13T06:28:41Z,1,109,2032,776,102551.8046,669,12153893,2501458,4352,6,-71,0,2,246,9,32597,41
2023-11-13T06:28:41Z,6,75,2122,638,102483.7187,671,12153900,2501464,5229,4,-45,0,2,38,9,35114,36
2023-11-13T06:28:42Z,1,110,2033,764,102559.7187,668,12153892,2501458,4265,6,-81,0,2,95,10,32597,41
2023-11-13T06:28:42Z,6,76,2115,640,102483.2812,671,12153900,2501463,5265,4,-52,0,2,41,10,35114,36
2023-11-13T06:28:43Z,1,111,2031,751,102560.8281,668,12153892,2501458,4195,6,-74,0,2,99,9,32597,41
2023-11-13T06:28:43Z,6,77,2108,644,102486.4687,664,12153900,2501464,5187,4,-50,0,2,458,9,34991,36
2023-11-13T06:28:44Z,1,112,2029,745,102558.8437,669,12153892,2501458,4246,6,-82,0,2,34,9,32597,41
2023-11-13T06:28:44Z,6,78,2099,647,102480.5859,664,12153900,2501464,5016,4,-47,0,2,330,9,34991,36
2023-11-13T06:28:45Z,1,113,2038,782,102560.8593,669,12153892,2501459,4240,6,-89,0,2,65,9,32597,41
2023-11-13T06:28:45Z,6,79,2090,650,102479.7968,670,12153901,2501463,4757,4,-50,0,2,103,10,34991,36
2023-11-13T06:28:46Z,1,114,2050,790,102559.8828,669,12153892,2501459,4254,6,-74,0,2,182,9,33881,41
2023-11-13T06:28:46Z,6,80,2081,655,102482.7968,671,12153901,2501463,4800,4,-50,0,2,89,9,34991,36
2023-11-13T06:28:47Z,1,115,2064,806,102561.3203,666,12153892,2501459,4260,6,-74,0,2,58,9,33881,41
2023-11-13T06:28:47Z,6,81,2075,658,102479.1171,664,12153900,2501463,4820,4,-63,0,2,348,9,33096,36
2023-11-13T06:28:48Z,1,116,2078,803,102548.3281,669,12153892,2501459,4257,6,-68,0,2,159,9,33881,41
2023-11-13T06:28:48Z,6,82,2068,661,102493.039,664,12153900,2501463,4891,4,-54,0,2,340,9,33096,36
2023-11-13T06:28:49Z,1,117,2094,814,102546.1562,668,12153893,2501459,4295,6,-70,0,2,108,9,33881,41
2023-11-13T06:28:49Z,6,83,2062,665,102491.0781,670,12153900,2501463,4848,4,-45,0,2,320,9,29597,36
2023-11-13T06:28:50Z,1,118,2112,815,102541.4531,663,12153893,2501459,4323,6,-70,0,2,69,10,33881,41
2023-11-13T06:28:50Z,6,84,2057,670,102488.4218,670,12153899,2501463,4829,4,-50,0,2,366,9,24342,36
2023-11-13T06:28:51Z,1,119,2131,820,102543.9765,660,12153893,2501458,4329,6,-70,0,2,92,9,33881,41
2023-11-13T06:28:51Z,6,85,2054,673,102493.875,664,12153899,2501462,4886,4,-56,0,2,115,10,24342,36
2023-11-13T06:28:52Z,1,120,2150,805,102550.0781,668,12153893,2501459,4324,6,-68,0,2,49,9,33881,41
2023-11-13T06:28:52Z,6,86,2051,678,102490.4062,663,12153899,2501461,4591,4,-51,0,2,130,10,24342,36
2023-11-13T06:28:53Z,1,121,2167,790,102549.2031,667,12153893,2501459,4289,6,-70,0,2,20,10,33881,41
2023-11-13T06:28:53Z,6,87,2049,684,102491.2343,663,12153899,2501461,4726,4,-55,0,2,40,9,24342,36
2023-11-13T06:28:54Z,1,122,2176,757,102557.75,668,12153893,2501459,4286,6,-80,0,2,154,13,33881,41
2023-11-13T06:28:54Z,6,88,2049,687,102490.7343,664,12153898,2501461,4865,4,-56,0,2,53,9,24342,36
2023-11-13T06:28:55Z,1,123,2180,733,102540.6406,665,12153893,2501460,4264,6,-74,0,2,25,9,33881,41
2023-11-13T06:28:55Z,6,89,2050,692,102491.0625,663,12153898,2501461,5092,4,-56,0,2,49,9,24342,36
2023-11-13T06:28:56Z,1,124,2183,717,102542.0625,668,12153893,2501460,4276,6,-74,0,2,73,9,33881,41
2023-11-13T06:28:56Z,6,90,2051,694,102489.4062,670,12153898,2501461,5178,4,-63,0,2,25,9,24342,36
2023-11-13T06:28:57Z,1,125,2189,712,102537.5156,667,12153893,2501459,4315,6,-81,0,2,78,10,33881,41
2023-11-13T06:28:57Z,6,91,2052,693,102491.0468,663,12153898,2501461,5209,4,-58,0,2,102,9,24342,36
2023-11-13T06:28:58Z,1,126,2201,716,102540.875,668,12153893,2501459,4369,6,-75,0,2,67,9,33881,41
2023-11-13T06:28:58Z,6,92,2053,692,102487.5546,669,12153898,2501460,5207,4,-58,0,2,49,9,24342,36
2023-11-13T06:28:59Z,1,127,2213,720,102538.6718,660,12153893,2501459,4394,6,-77,0,2,61,9,33881,41
2023-11-13T06:28:59Z,6,93,2055,694,102485.3828,670,12153897,2501460,5276,4,-55,0,2,15,9,24342,36
2023-11-13T06:29:00Z,1,128,2229,716,102542.8437,667,12153893,2501459,4416,6,-82,0,2,89,9,33881,41
2023-11-13T06:29:01Z,1,129,2243,709,102539.539,667,12153893,2501459,4391,6,-78,0,2,196,10,33602,41
2023-11-13T06:29:01Z,6,95,2060,694,102486.8437,663,12153897,2501461,5539,4,-55,0,2,48,10,24342,36
2023-11-13T06:29:02Z,1,130,2256,702,102540.0781,667,12153893,2501459,4371,6,-81,0,2,161,9,33602,41
2023-11-13T06:29:02Z,6,96,2062,693,102488.7968,669,12153897,2501461,5660,4,-49,0,2,43,9,24342,36
2023-11-13T06:29:03Z,1,131,2267,691,102541.9531,662,12153893,2501459,4323,6,-82,0,2,233,9,32925,41
2023-11-13T06:29:03Z,6,97,2065,692,102490.625,662,12153898,2501460,5372,5,-49,0,2,192,10,30743,36
2023-11-13T06:29:04Z,1,132,2273,684,102541.7812,667,12153893,2501459,4313,6,-79,0,2,156,10,32925,41
2023-11-13T06:29:04Z,6,98,2064,690,102486.3906,663,12153898,2501461,5481,5,-49,0,2,263,9,35660,36
2023-11-13T06:29:05Z,1,133,2286,683,102545.625,666,12153893,2501459,4373,6,-81,0,2,40,9,32925,41
2023-11-13T06:29:05Z,6,99,2063,692,102490,669,12153899,2501461,5193,5,-52,0,2,34,9,35660,36
2023-11-13T06:29:06Z,1,134,2300,677,102547.2031,668,12153893,2501459,4401,6,-75,0,2,190,9,33090,41
2023-11-13T06:29:06Z,6,100,2063,693,102492.4375,670,12153899,2501461,5054,5,-66,0,2,46,9,35660,36
2023-11-13T06:29:07Z,1,135,2309,670,102539.9375,666,12153893,2501460,4379,6,-80,0,2,152,10,33090,41
2023-11-13T06:29:07Z,6,101,2061,697,102488.6562,670,12153900,2501460,4607,5,-62,0,2,146,9,35660,36
2023-11-13T06:29:08Z,1,136,2317,661,102540.6015,667,12153893,2501460,4341,6,-80,0,2,137,10,33090,41
2023-11-13T06:29:08Z,6,102,2060,697,102488.1875,669,12153900,2501459,4203,5,-63,0,2,12,9,35660,36
2023-11-13T06:29:09Z,1,137,2314,653,102542.5156,660,12153893,2501460,4338,6,-77,0,2,11,9,33090,41
2023-11-13T06:29:09Z,6,103,2057,697,102488.9609,669,12153901,2501459,3807,5,-63,0,2,54,10,35660,36
2023-11-13T06:29:10Z,1,138,2320,652,102544.125,667,12153893,2501460,4345,6,-92,0,2,120,9,33090,41
2023-11-13T06:29:10Z,6,104,2057,698,102488.6718,669,12153901,2501459,3807,5,-59,0,2,3,9,35660,36
2023-11-13T06:29:11Z,1,139,2325,648,102543.4921,666,12153893,2501459,4366,6,-82,0,2,62,9,33090,41
2023-11-13T06:29:11Z,6,105,2056,701,102488.1718,669,12153901,2501459,3773,5,-61,0,2,12,10,35660,36
2023-11-13T06:29:12Z,1,140,2319,642,102546.0937,662,12153893,2501459,4308,6,-73,0,2,48,9,33090,41
2023-11-13T06:29:12Z,6,106,2053,701,102487.6875,670,12153901,2501459,3752,5,-62,0,2,22,9,35660,36
2023-11-13T06:29:13Z,1,141,2314,639,102553.6406,661,12153894,2501459,4286,6,-75,0,2,180,10,33090,41
2023-11-13T06:29:13Z,6,107,2050,701,102486.7187,668,12153901,2501459,3731,5,-59,0,2,43,9,35660,36
2023-11-13T06:29:14Z,1,142,2315,642,102543.1562,666,12153894,2501460,4304,6,-89,0,2,177,9,33090,41
2023-11-13T06:29:14Z,6,108,2048,700,102487.039,662,12153901,2501459,3655,5,-58,0,2,19,9,35660,36
2023-11-13T06:29:14Z,1,143,2320,644,102547.4843,662,12153894,2501460,4351,6,-80,0,2,28,9,33090,41
2023-11-13T06:29:15Z,6,109,2044,701,102484.4218,668,12153902,2501459,3546,5,-59,0,2,25,10,35660,36
2023-11-13T06:29:16Z,1,144,2327,643,102536.0781,664,12153894,2501460,4320,6,-65,0,2,37,9,33090,41
2023-11-13T06:29:16Z,6,110,2040,700,102484.9062,668,12153902,2501460,3458,5,-56,0,2,25,9,35660,36
2023-11-13T06:29:16Z,1,145,2335,648,102538.1875,666,12153894,2501460,4328,6,-61,0,2,60,10,33090,41
2023-11-13T06:29:17Z,6,111,2038,699,102485.7343,662,12153902,2501460,3412,5,-58,0,2,14,9,35660,36
2023-11-13T06:29:18Z,1,146,2337,642,102535.875,664,12153894,2501459,4413,6,-63,0,2,133,10,33090,41
2023-11-13T06:29:18Z,6,112,2033,698,102483.7656,662,12153902,2501459,3308,5,-58,0,2,15,10,35660,36
2023-11-13T06:29:19Z,1,147,2335,646,102536.0468,666,12153894,2501459,4432,6,-57,0,2,105,10,33090,41
2023-11-13T06:29:19Z,6,113,2029,698,102482.0937,669,12153902,2501459,3290,5,-59,0,2,51,9,35660,36
2023-11-13T06:29:19Z,1,148,2331,644,102532.2421,667,12153893,2501459,4436,6,-65,0,2,155,9,33090,41
2023-11-13T06:29:20Z,6,114,2027,699,102485.0937,669,12153902,2501459,3309,5,-59,0,2,14,10,35660,36
2023-11-13T06:29:21Z,1,149,2331,655,102538.3437,666,12153893,2501459,4440,6,-65,0,2,63,9,33090,41
2023-11-13T06:29:21Z,6,115,2023,700,102487.5781,662,12153902,2501459,3323,6,-58,0,2,10,9,35660,36
2023-11-13T06:29:22Z,1,150,2325,653,102537.5156,665,12153893,2501459,4442,6,-70,0,2,95,10,33090,41
2023-11-13T06:29:22Z,6,116,2022,700,102490.2187,662,12153902,2501459,3340,6,-59,0,2,15,9,35660,36
2023-11-13T06:29:22Z,1,151,2322,655,102539.9453,664,12153893,2501459,4435,6,-60,0,2,11,9,33090,41
2023-11-13T06:29:23Z,6,117,2020,700,102491.0468,661,12153902,2501459,3352,6,-58,0,2,5,10,35660,36
2023-11-13T06:29:24Z,1,152,2318,657,102537.6406,666,12153893,2501460,4465,6,-59,0,2,28,10,33090,41
2023-11-13T06:29:24Z,6,118,2019,701,102486.5937,662,12153902,2501459,3395,6,-58,0,2,13,9,35660,36
2023-11-13T06:29:24Z,1,153,2315,662,102539.6093,666,12153893,2501460,4470,6,-57,0,2,143,10,33090,41
2023-11-13T06:29:25Z,6,119,2016,702,102480.4531,661,12153902,2501459,3440,6,-59,0,2,14,9,35660,36
2023-11-13T06:29:25Z,1,154,2314,673,102540.1406,662,12153893,2501460,4447,6,-56,0,2,68,9,33090,41
2023-11-13T06:29:26Z,6,120,2014,703,102485.8828,661,12153902,2501459,3485,6,-58,0,2,20,9,35660,36
2023-11-13T06:29:26Z,1,155,2305,664,102539.6406,665,12153893,2501460,4431,6,-63,0,2,104,9,33090,41
2023-11-13T06:29:27Z,6,121,2012,703,102487.0625,668,12153901,2501459,3542,7,-57,0,2,7,9,35660,36
2023-11-13T06:29:27Z,1,156,2294,659,102537.2421,665,12153893,2501460,4399,6,-66,0,2,36,9,33090,41
2023-11-13T06:29:28Z,6,122,2013,704,102487.5234,668,12153901,2501458,3607,7,-56,0,2,9,9,35660,36
2023-11-13T06:29:28Z,1,157,2290,714,102540.0703,665,12153893,2501460,4366,6,-81,0,2,66,9,33090,41
2023-11-13T06:29:29Z,6,123,2012,703,102484.8984,668,12153901,2501458,3645,7,-56,0,2,61,9,35660,36
2023-11-13T06:29:29Z,1,158,2290,744,102561.9375,665,12153894,2501460,4394,6,-72,0,2,33,9,33090,41
2023-11-13T06:29:30Z,6,124,2011,703,102482.414,668,12153901,2501459,3672,7,-55,0,2,26,10,35660,36
2023-11-13T06:29:31Z,1,159,2290,745,102563.9375,665,12153894,2501459,4416,6,-56,0,2,181,9,33090,41
2023-11-13T06:29:31Z,6,125,2010,704,102485.3593,668,12153902,2501459,3687,7,-52,0,2,23,9,35660,36
2023-11-13T06:29:32Z,1,160,2288,733,102535.7343,665,12153894,2501459,4460,6,-58,0,2,131,10,33090,41
2023-11-13T06:29:32Z,6,126,2010,707,102486.3515,668,12153901,2501458,3678,7,-62,0,2,50,9,35660,36
2023-11-13T06:29:32Z,1,161,2279,702,102535.9375,660,12153895,2501459,4429,6,-67,0,2,23,10,33090,41
2023-11-13T06:29:33Z,6,127,2012,710,102489.0156,668,12153901,2501458,3721,7,-54,0,2,123,12,32432,36
2023-11-13T06:29:33Z,1,162,2278,728,102559.0546,659,12153895,2501459,4412,6,-73,0,2,45,10,33090,41
2023-11-13T06:29:34Z,6,128,2014,708,102493.3125,668,12153901,2501458,3711,7,-41,0,2,209,9,32432,36
2023-11-13T06:29:34Z,1,163,2284,790,102562.4843,665,12153895,2501460,4318,6,-71,0,2,58,9,33090,41
2023-11-13T06:29:35Z,6,129,2016,706,102495.4687,668,12153901,2501459,3682,7,-41,0,2,17,9,32432,36
2023-11-13T06:29:35Z,1,164,2288,805,102564.8828,663,12153895,2501460,4277,6,-72,0,2,15,9,33090,41
2023-11-13T06:29:36Z,6,130,2014,712,102501.2343,569,12153901,2501459,3678,7,-42,0,2,15,9,32432,36
2023-11-13T06:29:36Z,1,165,2293,805,102559.8671,660,12153895,2501460,4326,6,-59,0,2,103,9,33090,41
2023-11-13T06:29:37Z,6,131,2014,719,102502.8593,651,12153901,2501459,3619,7,-41,0,2,30,9,32432,36
2023-11-13T06:29:37Z,1,166,2287,741,102558.2187,660,12153894,2501460,4499,6,-74,0,2,209,9,34782,41
2023-11-13T06:29:38Z,6,132,2018,720,102501.7109,660,12153902,2501459,3642,7,-41,0,2,7,9,32432,36
2023-11-13T06:29:38Z,1,167,2274,708,102542.7187,664,12153894,2501460,4601,6,-76,0,2,401,10,610,41
2023-11-13T06:29:39Z,6,133,2014,716,102505.3359,659,12153902,2501459,3667,7,-44,0,2,78,9,32432,36
2023-11-13T06:29:39Z,1,168,2261,688,102540.75,659,12153894,2501461,4677,6,-73,0,2,188,9,123,41
2023-11-13T06:29:40Z,6,134,2012,725,102503.3906,660,12153902,2501458,3726,7,-45,0,2,61,10,32432,36
2023-11-13T06:29:40Z,1,169,2250,687,102546.9375,660,12153894,2501461,4615,6,-68,0,2,171,10,123,41
2023-11-13T06:29:41Z,6,135,2010,733,102509.3203,661,12153902,2501458,3757,7,-45,0,2,12,9,32432,36
2023-11-13T06:29:41Z,1,170,2245,680,102544.0156,659,12153894,2501461,4566,6,-68,0,2,138,9,123,41
2023-11-13T06:29:42Z,6,136,2009,742,102512.7968,660,12153902,2501458,3739,7,-45,0,2,19,9,32432,36
2023-11-13T06:29:42Z,1,171,2238,678,102542.2812,660,12153894,2501461,4522,5,-72,0,2,153,9,123,41
2023-11-13T06:29:43Z,6,137,2007,754,102519.25,659,12153902,2501458,3732,7,-45,0,2,16,9,32432,36
2023-11-13T06:29:43Z,1,172,2239,693,102542.9687,664,12153894,2501461,4531,6,-70,0,2,52,9,123,41
2023-11-13T06:29:44Z,6,138,2006,759,102517.1093,660,12153902,2501459,3729,7,-45,0,2,48,9,32432,36
2023-11-13T06:29:44Z,1,173,2240,707,102541.1875,664,12153894,2501461,4515,6,-70,0,2,64,9,123,41
2023-11-13T06:29:45Z,6,139,2005,765,102519.4375,659,12153902,2501459,3731,7,-45,0,2,19,10,32432,36
2023-11-13T06:29:45Z,1,174,2240,706,102539.875,664,12153894,2501461,4516,6,-72,0,2,52,9,123,41
2023-11-13T06:29:46Z,6,140,2004,762,102523.5625,650,12153902,2501458,3737,7,-45,0,2,14,9,32432,36
2023-11-13T06:29:46Z,1,175,2241,711,102534.6171,664,12153895,2501461,4575,6,-64,0,2,61,9,123,41
2023-11-13T06:29:47Z,6,141,2003,762,102526.8671,650,12153902,2501458,3752,7,-45,0,2,2,9,32432,36
2023-11-13T06:29:47Z,1,176,2241,704,102537.9687,663,12153894,2501461,4601,6,-70,0,2,193,9,123,41
2023-11-13T06:29:48Z,6,142,2002,766,102526.0546,659,12153902,2501458,3787,7,-45,0,2,41,9,32432,36
2023-11-13T06:29:48Z,1,177,2245,711,102546.3046,664,12153894,2501460,4602,6,-68,0,2,142,9,123,41
2023-11-13T06:29:49Z,6,143,2001,773,102530.0468,659,12153902,2501458,3799,7,-45,0,2,17,9,32432,36
2023-11-13T06:29:49Z,1,178,2249,714,102545.6875,662,12153895,2501461,4569,6,-68,0,2,78,9,123,41
2023-11-13T06:29:50Z,6,144,1998,775,102528.8671,650,12153902,2501458,3785,7,-45,0,2,6,9,32432,36
2023-11-13T06:29:50Z,1,179,2248,703,102544.6093,664,12153894,2501461,4601,6,-65,0,2,67,9,123,41
2023-11-13T06:29:51Z,6,145,1998,777,102527.3906,650,12153902,2501458,3796,7,-45,0,2,37,9,32432,36
2023-11-13T06:29:51Z,1,180,2254,701,102538.0781,662,12153894,2501461,4625,6,-74,0,2,133,9,123,41
2023-11-13T06:29:52Z,6,146,1996,779,102529.3906,658,12153902,2501458,3801,6,-44,0,2,11,9,32432,36
2023-11-13T06:29:52Z,1,181,2256,694,102541.1718,664,12153894,2501461,4622,6,-73,0,2,50,9,123,41
2023-11-13T06:29:53Z,6,147,1995,785,102530.3671,650,12153902,2501458,3802,6,-45,0,2,36,9,32432,36
2023-11-13T06:29:53Z,1,182,2257,690,102534.914,664,12153894,2501461,4650,6,-72,0,2,34,9,123,41
2023-11-13T06:29:54Z,6,148,1992,786,102531.1953,650,12153902,2501458,3805,6,-45,0,2,27,9,32432,36
2023-11-13T06:29:54Z,1,183,2254,682,102539.2578,664,12153894,2501460,4633,6,-66,0,2,90,10,123,41
2023-11-13T06:29:55Z,6,149,1989,779,102526.914,658,12153902,2501458,3803,6,-45,0,2,25,9,32432,36
2023-11-13T06:29:55Z,1,184,2250,688,102536.8828,664,12153894,2501460,4618,6,-80,0,2,1,9,123,41
2023-11-13T06:29:56Z,6,150,1984,764,102527.25,657,12153902,2501458,3824,6,-45,0,2,16,9,32432,36
2023-11-13T06:29:56Z,1,185,2249,692,102535.4531,664,12153895,2501460,4611,6,-83,0,2,178,9,123,41
2023-11-13T06:29:57Z,6,151,1982,761,102531.5312,658,12153902,2501458,3835,6,-46,0,2,21,9,32432,36
2023-11-13T06:29:57Z,1,186,2243,682,102537.2968,663,12153895,2501461,4615,6,-72,0,2,156,9,123,41
2023-11-13T06:29:58Z,6,152,1980,765,102528.0703,658,12153902,2501458,3859,6,-45,0,2,16,10,32432,36
2023-11-13T06:29:58Z,1,187,2242,681,102534.5156,661,12153895,2501461,4612,6,-71,0,2,26,9,123,41
2023-11-13T06:29:59Z,6,153,1977,766,102527.4218,657,12153902,2501458,3881,6,-45,0,2,46,10,32432,36
2023-11-13T06:29:59Z,1,188,2238,677,102536.8671,664,12153895,2501461,4615,6,-61,0,2,19,9,123,41
2023-11-13T06:30:00Z,6,154,1975,768,102526.5781,649,12153902,2501458,3888,6,-44,0,2,17,9,32432,36
2023-11-13T06:30:00Z,1,189,2230,699,102538.5312,663,12153895,2501461,4590,6,-73,0,2,170,9,123,41
2023-11-13T06:30:01Z,6,155,1974,772,102523.125,657,12153902,2501458,3891,6,-44,0,2,12,9,32432,36
2023-11-13T06:30:01Z,1,190,2228,700,102536.875,663,12153896,2501461,4664,6,-64,0,2,41,9,123,41
2023-11-13T06:30:02Z,6,156,1969,771,102523.4453,657,12153902,2501458,3887,6,-44,0,2,76,9,32432,36
2023-11-13T06:30:02Z,1,191,2227,694,102536.625,663,12153895,2501460,4650,6,-68,0,2,41,9,123,41
2023-11-13T06:30:03Z,6,157,1967,775,102528.75,648,12153902,2501458,3897,6,-44,0,2,69,9,32432,36
2023-11-13T06:30:03Z,1,192,2221,688,102534.6953,663,12153895,2501460,4606,6,-72,0,2,112,9,123,41
2023-11-13T06:30:04Z,6,158,1966,771,102529.0625,648,12153903,2501458,3897,6,-44,0,2,98,10,32432,36
2023-11-13T06:30:04Z,1,193,2218,689,102536.3671,661,12153895,2501461,4620,6,-71,0,2,182,9,123,41
2023-11-13T06:30:05Z,6,159,1962,768,102532.7265,657,12153902,2501458,3914,6,-43,0,2,70,9,32432,36
2023-11-13T06:30:05Z,1,194,2213,685,102536.2968,657,12153895,2501460,4612,6,-68,0,2,201,9,123,41
2023-11-13T06:30:06Z,6,160,1961,761,102533.0468,648,12153902,2501458,3937,7,-44,0,2,85,9,32432,36
2023-11-13T06:30:06Z,1,195,2212,690,102540.8281,656,12153895,2501460,4610,6,-77,0,2,186,9,123,41
2023-11-13T06:30:07Z,6,161,1958,757,102532.2265,648,12153902,2501458,3940,7,-44,0,2,43,9,32432,36
2023-11-13T06:30:07Z,1,196,2212,690,102532.6953,663,12153896,2501459,4629,6,-75,0,2,520,9,123,41
2023-11-13T06:30:08Z,6,162,1955,760,102534.6953,647,12153902,2501458,3978,7,-44,0,2,40,9,32432,36
2023-11-13T06:30:08Z,1,197,2205,696,102536.6015,663,12153896,2501458,4740,6,-78,0,2,20,9,123,41
2023-11-13T06:30:09Z,6,163,1955,763,102536.2031,648,12153902,2501458,3983,7,-44,0,2,52,9,32432,36
2023-11-13T06:30:09Z,1,198,2196,687,102539.2031,663,12153896,2501458,4753,6,-79,0,2,58,9,123,41
2023-11-13T06:30:10Z,6,164,1953,766,102533.539,648,12153902,2501457,3994,7,-43,0,2,33,9,32432,36
2023-11-13T06:30:10Z,1,199,2184,686,102539.2656,663,12153897,2501459,4760,6,-75,0,2,14,10,123,41
2023-11-13T06:30:11Z,6,165,1953,769,102533.2031,656,12153902,2501457,3990,7,-42,0,2,19,9,32432,36
2023-11-13T06:30:11Z,1,200,2173,683,102536.9843,660,12153897,2501459,4722,6,-82,0,2,104,9,123,41
2023-11-13T06:30:12Z,6,166,1950,770,102535.1953,656,12153902,2501457,4059,7,-43,0,2,30,9,32432,36
2023-11-13T06:30:12Z,1,201,2161,695,102537.6406,663,12153897,2501459,4730,6,-83,0,2,23,9,123,41
2023-11-13T06:30:13Z,6,167,1950,772,102536.3437,656,12153902,2501458,4110,7,-42,0,2,11,10,32432,36
2023-11-13T06:30:13Z,1,202,2156,706,102538.0625,661,12153897,2501459,4760,6,-88,0,2,96,9,123,41
2023-11-13T06:30:14Z,6,168,1949,770,102533.7187,656,12153903,2501458,4165,7,-43,0,2,16,9,32432,36
2023-11-13T06:30:14Z,1,203,2150,712,102541.5625,663,12153897,2501460,4792,6,-77,0,2,67,9,123,41
2023-11-13T06:30:15Z,6,169,1949,770,102537.1718,655,12153903,2501458,4206,7,-43,0,2,20,9,32432,36
2023-11-13T06:30:15Z,1,204,2143,704,102536.9218,661,12153897,2501460,4758,6,-68,0,2,112,9,123,41
2023-11-13T06:30:16Z,6,170,1948,776,102537.1718,656,12153903,2501458,4281,7,-43,0,2,31,9,32432,36
2023-11-13T06:30:16Z,1,205,2132,697,102540.1718,662,12153897,2501460,4765,6,-62,0,2,50,9,123,41
2023-11-13T06:30:17Z,6,171,1949,782,102537.6562,656,12153904,2501459,4369,7,-43,0,2,29,9,32432,36
2023-11-13T06:30:17Z,1,206,2117,695,102538,661,12153897,2501460,4784,6,-56,0,2,47,10,123,41
2023-11-13T06:30:18Z,6,172,1948,784,102539.0078,657,12153904,2501459,4455,7,-42,0,2,4,9,32432,36
2023-11-13T06:30:18Z,1,207,2102,694,102541.3125,662,12153897,2501460,4792,6,-55,0,2,94,9,123,41
2023-11-13T06:30:19Z,6,173,1950,784,102539.6484,657,12153904,2501459,4496,7,-42,0,2,150,9,32432,36
2023-11-13T06:30:19Z,1,208,2083,695,102552.1875,660,12153897,2501460,4791,6,-59,0,2,255,9,123,41
2023-11-13T06:30:20Z,6,174,1949,785,102539.0078,656,12153904,2501459,4533,7,-43,0,2,57,9,32432,36
2023-11-13T06:30:20Z,1,209,2071,699,102551.4843,662,12153897,2501459,4868,6,-52,0,2,74,9,123,41
2023-11-13T06:30:21Z,6,175,1949,792,102539.4843,655,12153904,2501459,4579,7,-44,0,2,10,10,32432,36
2023-11-13T06:30:21Z,1,210,2058,703,102551.9843,660,12153897,2501459,4795,6,-48,0,2,94,9,123,41
2023-11-13T06:30:22Z,6,176,1950,796,102539.5,656,12153904,2501460,4653,7,-54,0,2,45,10,32432,36
2023-11-13T06:30:22Z,1,211,2051,706,102557.2109,655,12153897,2501459,4713,6,-51,0,2,162,9,123,41
2023-11-13T06:30:23Z,6,177,1951,798,102541.8125,656,12153904,2501460,4706,7,-52,0,2,41,9,32432,36
2023-11-13T06:30:23Z,1,212,2041,710,102552.2265,656,12153897,2501459,4696,6,-51,0,2,92,9,123,41
2023-11-13T06:30:24Z,6,178,1950,791,102540.6406,646,12153904,2501460,4764,7,-56,0,2,31,10,32432,36
2023-11-13T06:30:24Z,1,213,2034,714,102554.4687,653,12153898,2501459,4693,6,-52,0,2,139,10,123,41
2023-11-13T06:30:25Z,6,179,1949,783,102541.625,646,12153904,2501460,4802,7,-51,0,2,29,10,32432,36
2023-11-13T06:30:25Z,1,214,2033,722,102554.8437,656,12153898,2501459,4690,6,-55,0,2,44,9,123,41
2023-11-13T06:30:26Z,6,180,1950,778,102537.8281,656,12153904,2501460,4828,7,-51,0,2,28,9,32432,36
2023-11-13T06:30:26Z,1,215,2033,753,102554.8281,661,12153898,2501459,4639,6,-49,0,2,113,9,123,41
2023-11-13T06:30:27Z,6,181,1950,785,102538.3593,655,12153903,2501460,4864,7,-51,0,2,47,9,32432,36
2023-11-13T06:30:27Z,1,216,2031,756,102552.0937,661,12153898,2501460,4554,6,-54,0,2,140,9,123,41
2023-11-13T06:30:28Z,6,182,1951,796,102539.5156,647,12153903,2501460,4856,7,-51,0,2,31,10,32432,36
2023-11-13T06:30:28Z,1,217,2025,747,102548.25,662,12153898,2501460,4532,6,-49,0,2,114,9,123,41
2023-11-13T06:30:29Z,6,183,1950,804,102540.8437,655,12153903,2501460,4856,7,-52,0,2,27,9,32432,36
2023-11-13T06:30:29Z,1,218,2020,741,102545.6406,661,12153897,2501460,4579,6,-50,0,2,13,9,123,41
2023-11-13T06:30:30Z,6,184,1951,808,102542.4843,655,12153903,2501460,4913,7,-51,0,2,22,9,32432,36
2023-11-13T06:30:30Z,1,219,2016,739,102548.5546,662,12153897,2501460,4532,6,-55,0,2,187,9,123,41
2023-11-13T06:30:31Z,6,185,1950,810,102538.5468,656,12153903,2501460,4933,7,-49,0,2,24,9,32432,36
2023-11-13T06:30:31Z,1,220,2013,742,102542.6875,659,12153897,2501461,4529,6,-57,0,2,116,9,123,41
2023-11-13T06:30:32Z,6,186,1952,817,102542.9921,656,12153903,2501460,4928,7,-48,0,2,28,9,32432,36
2023-11-13T06:30:32Z,1,221,2014,749,102541.375,661,12153897,2501461,4526,6,-58,0,2,136,9,123,41
2023-11-13T06:30:33Z,6,187,1952,822,102539.5312,656,12153903,2501460,4948,7,-49,0,2,45,9,32432,36
2023-11-13T06:30:33Z,1,222,2016,773,102540.4921,662,12153897,2501460,4627,6,-72,0,2,157,9,123,41
2023-11-13T06:30:34Z,6,188,1952,823,102543.8437,656,12153903,2501460,4985,7,-50,0,2,62,9,32432,36
2023-11-13T06:30:34Z,1,223,2014,766,102544.2968,660,12153897,2501460,4704,6,-80,0,2,112,9,123,41
2023-11-13T06:30:35Z,6,189,1952,823,102544.8281,656,12153903,2501460,4992,7,-51,0,2,28,10,32432,36
2023-11-13T06:30:35Z,1,224,2013,761,102541.5,661,12153897,2501460,4741,6,-71,0,2,302,9,123,41
2023-11-13T06:30:36Z,6,190,1952,819,102542.8437,656,12153903,2501460,5064,7,-52,0,2,91,9,32432,36
2023-11-13T06:30:36Z,1,225,2011,754,102542.7109,653,12153898,2501460,4765,6,-73,0,2,138,9,123,41
2023-11-13T06:30:37Z,6,191,1952,819,102539.2187,656,12153903,2501460,5089,7,-52,0,2,77,9,32432,36
2023-11-13T06:30:37Z,1,226,2007,750,102547.5234,661,12153898,2501461,4565,6,-74,0,2,90,9,123,41
2023-11-13T06:30:38Z,6,192,1952,822,102541.039,656,12153903,2501460,5107,7,-52,0,2,96,10,32432,36
2023-11-13T06:30:38Z,1,227,2004,749,102537.1171,659,12153897,2501461,4610,6,-81,0,2,162,9,123,41
2023-11-13T06:30:39Z,6,193,1952,822,102541.3671,656,12153903,2501460,5104,7,-52,0,2,55,9,32432,36
2023-11-13T06:30:39Z,1,228,2002,746,102536.8437,656,12153897,2501462,4486,6,-67,0,2,146,9,123,41
2023-11-13T06:30:40Z,6,194,1953,820,102543.5156,655,12153903,2501460,5122,7,-52,0,2,128,10,32432,36
2023-11-13T06:30:40Z,1,229,1995,744,102538.375,655,12153897,2501462,4472,6,-61,0,2,72,9,123,41
2023-11-13T06:30:41Z,6,195,1953,825,102541.3437,646,12153903,2501460,5142,7,-52,0,2,14,9,32432,36
2023-11-13T06:30:41Z,1,230,1994,745,102538.375,655,12153896,2501462,4474,6,-73,0,2,207,9,123,41
2023-11-13T06:30:42Z,6,196,1953,829,102539.8593,646,12153903,2501460,5143,7,-47,0,2,41,9,32432,36
2023-11-13T06:30:42Z,1,231,1992,750,102538.9531,656,12153896,2501462,4484,6,-72,0,2,172,9,123,41
2023-11-13T06:30:43Z,6,197,1952,831,102540.8437,655,12153903,2501460,5101,7,-47,0,2,176,12,32432,36
2023-11-13T06:30:43Z,1,232,1994,752,102536.0312,660,12153897,2501462,4492,6,-72,0,2,149,9,123,41
2023-11-13T06:30:44Z,6,198,1953,832,102543,655,12153904,2501460,5130,7,-48,0,2,81,9,32432,36
2023-11-13T06:30:44Z,1,233,1997,755,102540.2343,661,12153896,2501461,4544,6,-75,0,2,191,9,123,41
2023-11-13T06:30:45Z,6,199,1953,832,102542.3515,646,12153904,2501460,5070,7,-47,0,2,88,10,32432,36
2023-11-13T06:30:45Z,1,234,2001,757,102540.8906,654,12153896,2501462,4564,6,-80,0,2,161,10,123,41
2023-11-13T06:30:46Z,6,200,1954,833,102538.8593,646,12153904,2501460,5093,7,-47,0,2,39,9,32432,36
2023-11-13T06:30:46Z,1,235,1999,753,102533.3906,661,12153896,2501461,4540,6,-87,0,2,243,10,123,41
2023-11-13T06:30:47Z,1,236,2006,764,102541.75,661,12153896,2501461,4597,6,-91,0,2,239,9,123,41
2023-11-13T06:30:48Z,6,202,1955,833,102540.375,655,12153903,2501460,5255,7,-48,0,2,247,9,32432,36
2023-11-13T06:30:48Z,1,237,2006,760,102543.125,661,12153896,2501460,4683,6,-92,0,2,167,9,123,41
2023-11-13T06:30:49Z,6,203,1955,837,102540.1875,646,12153903,2501460,5337,7,-47,0,2,28,9,32432,36
2023-11-13T06:30:49Z,1,238,2013,767,102536.2812,660,12153896,2501460,4683,6,-82,0,2,212,9,123,41
2023-11-13T06:30:50Z,6,204,1955,840,102540.7031,646,12153903,2501460,5336,7,-43,0,2,118,9,32432,36
2023-11-13T06:30:50Z,1,239,2018,766,102536.0312,659,12153896,2501460,4660,6,-82,0,2,124,9,123,41
2023-11-13T06:30:51Z,6,205,1954,845,102542.1875,653,12153903,2501461,5405,7,-44,0,2,29,9,32432,36
2023-11-13T06:30:51Z,1,240,2018,759,102543.6718,661,12153896,2501460,4644,6,-74,0,2,192,9,123,41
2023-11-13T06:30:52Z,6,206,1958,843,102538.7187,655,12153902,2501461,5543,7,-42,0,2,62,9,32432,36
2023-11-13T06:30:52Z,1,241,2020,758,102540.2578,659,12153896,2501461,4597,6,-72,0,2,94,9,123,41
2023-11-13T06:30:53Z,6,207,1957,841,102543.1718,653,12153902,2501461,5614,7,-42,0,2,36,9,32432,36
2023-11-13T06:30:53Z,1,242,2025,768,102532.5781,660,12153896,2501462,4566,6,-55,0,2,64,9,123,41
2023-11-13T06:30:54Z,6,208,1959,836,102544.3593,654,12153903,2501461,5507,7,-42,0,2,43,9,32432,36
2023-11-13T06:30:54Z,1,243,2031,766,102533.4531,661,12153897,2501462,4601,6,-54,0,2,208,9,123,41
2023-11-13T06:30:55Z,6,209,1958,834,102540.539,654,12153903,2501461,5389,7,-42,0,2,34,9,32432,36
2023-11-13T06:30:55Z,1,244,2038,767,102532.4687,660,12153897,2501463,4546,6,-71,0,2,175,9,123,41
2023-11-13T06:30:56Z,6,210,1960,833,102540.5156,655,12153903,2501460,5416,7,-42,0,2,27,9,32432,36
2023-11-13T06:30:56Z,1,245,2044,762,102535.9296,654,12153896,2501463,4460,6,-71,0,2,207,9,123,41
2023-11-13T06:30:57Z,6,211,1961,828,102542.5156,655,12153903,2501460,5374,7,-42,0,2,16,9,32432,36
2023-11-13T06:30:57Z,1,246,2054,761,102532.9218,650,12153896,2501463,4405,6,-68,0,2,406,9,3114,41
2023-11-13T06:30:58Z,6,212,1960,828,102543.6875,655,12153903,2501460,5328,7,-42,0,2,21,9,32432,36
2023-11-13T06:30:58Z,1,247,2062,760,102538.4609,660,12153897,2501463,4395,6,-63,0,2,117,10,3114,41
2023-11-13T06:30:59Z,6,213,1961,821,102542.1796,654,12153903,2501459,5336,7,-42,0,2,14,9,32432,36
2023-11-13T06:30:59Z,1,248,2065,754,102539.2968,658,12153897,2501463,4400,6,-66,0,2,122,10,3114,41
2023-11-13T06:31:00Z,6,214,1961,810,102541.0156,654,12153903,2501459,5335,7,-42,0,2,8,9,32432,36
2023-11-13T06:31:00Z,1,249,2065,742,102541.6093,660,12153897,2501463,4467,6,-77,0,2,68,9,3114,41
2023-11-13T06:31:01Z,6,215,1962,810,102541.8593,654,12153902,2501459,5317,7,-42,0,2,9,9,32432,36
2023-11-13T06:31:01Z,1,250,2064,739,102539.8281,659,12153896,2501463,4482,6,-63,0,2,47,9,3114,41
2023-11-13T06:31:02Z,6,216,1962,810,102539.3515,654,12153903,2501459,5270,7,-42,0,2,33,9,32432,36
2023-11-13T06:31:02Z,1,251,2062,739,102537.0625,660,12153896,2501463,4516,6,-66,0,2,80,9,3114,41
2023-11-13T06:31:03Z,6,217,1962,812,102542.8281,654,12153903,2501459,5209,7,-42,0,2,17,9,32432,36
2023-11-13T06:31:03Z,1,252,2060,738,102538.4843,657,12153896,2501463,4545,6,-65,0,2,123,9,3114,41
2023-11-13T06:31:04Z,6,218,1963,814,102542.3593,654,12153903,2501459,5187,7,-42,0,2,9,9,32432,36
2023-11-13T06:31:04Z,1,253,2057,738,102538.4218,659,12153896,2501462,4568,6,-65,0,2,28,9,3114,41
2023-11-13T06:31:05Z,6,219,1964,810,102541.3515,654,12153903,2501459,5151,7,-42,0,2,32,9,32432,36
2023-11-13T06:31:05Z,1,254,2054,738,102534.9062,659,12153896,2501462,4568,6,-66,0,2,23,9,3114,41
2023-11-13T06:31:06Z,6,220,1964,803,102541.8437,653,12153903,2501459,5136,7,-42,0,2,42,8,32432,36
2023-11-13T06:31:06Z,1,255,2053,740,102531.2656,656,12153896,2501462,4593,6,-70,0,2,171,9,3114,41
2023-11-13T06:31:07Z,6,221,1965,802,102535.8906,644,12153902,2501459,5120,7,-42,0,2,21,9,32432,36
2023-11-13T06:31:07Z,1,256,2055,739,102531.3125,659,12153896,2501462,4563,6,-62,0,2,107,9,3114,41
2023-11-13T06:31:08Z,6,222,1964,796,102542.664,654,12153902,2501458,5124,7,-42,0,2,46,9,32432,36
2023-11-13T06:31:08Z,1,257,2055,736,102536.0312,660,12153896,2501462,4549,6,-60,0,2,308,9,3114,41
2023-11-13T06:31:09Z,6,223,1964,794,102543.5156,653,12153902,2501458,5118,7,-42,0,2,3,12,32432,36
2023-11-13T06:31:09Z,1,258,2057,733,102535.0312,653,12153896,2501463,4562,6,-58,0,2,128,9,3114,41
2023-11-13T06:31:10Z,6,224,1963,798,102541.1718,644,12153902,2501458,5120,7,-42,0,2,16,10,32432,36
2023-11-13T06:31:10Z,1,259,2061,732,102535.875,653,12153895,2501463,4503,6,-59,0,2,208,9,3114,41
2023-11-13T06:31:11Z,6,225,1965,803,102542.8437,644,12153902,2501458,5121,7,-42,0,2,23,9,32432,36
2023-11-13T06:31:11Z,1,260,2063,728,102536.6562,657,12153895,2501463,4460,6,-60,0,2,175,9,3114,41
2023-11-13T06:31:12Z,6,226,1964,806,102543.6796,653,12153902,2501458,5155,7,-42,0,2,10,9,32432,36
2023-11-13T06:31:12Z,1,261,2065,724,102533.5625,659,12153895,2501462,4403,6,-74,0,2,627,9,6954,41
2023-11-13T06:31:13Z,6,227,1964,810,102542.6718,653,12153901,2501458,5195,7,-42,0,2,23,9,32432,36
2023-11-13T06:31:13Z,1,262,2064,725,102538.7187,653,12153895,2501461,4315,6,-73,0,2,345,9,11423,41
2023-11-13T06:31:14Z,6,228,1966,803,102544.1562,644,12153901,2501458,5216,7,-42,0,2,30,9,32432,36
2023-11-13T06:31:14Z,1,263,2062,725,102535.2578,653,12153895,2501462,4244,6,-73,0,2,126,10,11423,41
2023-11-13T06:31:15Z,6,229,1965,799,102541.1875,643,12153901,2501458,5247,7,-42,0,2,12,9,32432,36
2023-11-13T06:31:15Z,1,264,2061,724,102533.4921,659,12153895,2501462,4209,6,-77,0,2,86,9,11423,41
2023-11-13T06:31:16Z,6,230,1966,799,102541.8593,645,12153901,2501458,5270,7,-42,0,2,10,9,32432,36
2023-11-13T06:31:16Z,1,265,2054,724,102534.6093,659,12153895,2501461,4252,6,-80,0,2,101,9,11423,41
2023-11-13T06:31:17Z,6,231,1966,808,102543.9843,653,12153901,2501457,5274,7,-43,0,2,57,9,32432,36
2023-11-13T06:31:17Z,1,266,2051,724,102538.6484,659,12153895,2501461,4314,6,-72,0,2,24,9,11423,41
2023-11-13T06:31:18Z,6,232,1965,804,102539.0234,652,12153901,2501457,5282,7,-42,0,2,49,9,32432,36
2023-11-13T06:31:18Z,1,267,2046,722,102533.5703,657,12153895,2501461,4476,6,-73,0,2,56,9,11423,41
2023-11-13T06:31:19Z,6,233,1964,792,102540.5312,652,12153901,2501457,5271,7,-42,0,2,17,9,32432,36
2023-11-13T06:31:19Z,1,268,2038,721,102532.1718,659,12153896,2501461,4441,6,-75,0,2,64,9,11423,41
2023-11-13T06:31:20Z,6,234,1966,785,102545,652,12153900,2501457,5280,7,-42,0,2,42,9,32432,36
2023-11-13T06:31:20Z,1,269,2035,723,102534.6328,656,12153896,2501461,4478,6,-73,0,2,20,9,11423,41
2023-11-13T06:31:21Z,6,235,1964,782,102543.1875,652,12153900,2501457,5279,7,-42,0,2,11,9,32432,36
2023-11-13T06:31:21Z,1,270,2028,723,102543.8437,659,12153897,2501461,4480,6,-66,0,2,121,9,11423,41
2023-11-13T06:31:22Z,6,236,1963,787,102543,653,12153900,2501457,5285,7,-42,0,2,28,9,32432,36
2023-11-13T06:31:22Z,1,271,2018,725,102540.7031,659,12153897,2501462,4443,6,-77,0,2,97,9,11423,41
2023-11-13T06:31:23Z,6,237,1965,792,102543.0078,651,12153900,2501457,5283,7,-42,0,2,11,9,32432,36
2023-11-13T06:31:23Z,1,272,2009,729,102536.0468,658,12153897,2501463,4403,6,-74,0,2,44,9,11423,41
2023-11-13T06:31:24Z,6,238,1965,794,102544.5,651,12153900,2501457,5293,7,-42,0,2,22,9,32432,36
2023-11-13T06:31:24Z,1,273,2003,737,102535.2656,659,12153897,2501463,4414,6,-62,0,2,52,9,11423,41
2023-11-13T06:31:25Z,6,239,1965,791,102538.8437,652,12153900,2501457,5263,7,-42,0,2,17,9,32432,36
2023-11-13T06:31:25Z,1,274,2002,742,102535.3359,658,12153897,2501463,4435,6,-66,0,2,36,9,11423,41
2023-11-13T06:31:26Z,6,240,1965,793,102540.1875,652,12153900,2501457,5229,7,-42,0,2,15,9,32432,36
2023-11-13T06:31:26Z,1,275,1997,745,102536.4218,652,12153898,2501463,4434,6,-60,0,2,436,9,11423,41
2023-11-13T06:31:27Z,6,241,1965,793,102543.3203,643,12153900,2501456,5226,7,-43,0,2,14,9,32432,36
2023-11-13T06:31:27Z,1,276,1994,747,102542.4687,649,12153897,2501463,4425,6,-63,0,2,198,10,11423,41
2023-11-13T06:31:28Z,6,242,1966,790,102542.8281,642,12153900,2501456,5213,7,-42,0,2,1,9,32432,36
2023-11-13T06:31:28Z,1,277,1991,753,102540.1953,658,12153898,2501463,4385,6,-60,0,2,276,9,11423,41
2023-11-13T06:31:29Z,6,243,1966,798,102545.3281,643,12153900,2501456,5200,7,-42,0,2,44,9,32432,36
2023-11-13T06:31:29Z,1,278,1992,758,102536.8593,655,12153898,2501463,4363,6,-62,0,2,21,10,11423,41
2023-11-13T06:31:30Z,6,244,1966,804,102541.0312,643,12153900,2501456,5214,7,-42,0,2,96,9,32432,36
2023-11-13T06:31:30Z,1,279,1997,788,102533.5468,652,12153897,2501463,4368,6,-58,0,2,92,9,11423,41
2023-11-13T06:31:31Z,6,245,1968,810,102542.1718,643,12153899,2501456,5227,7,-42,0,2,12,9,32432,36
2023-11-13T06:31:31Z,1,280,2006,798,102544.2968,652,12153898,2501463,4370,6,-61,0,2,122,9,11423,41
2023-11-13T06:31:32Z,6,246,1969,816,102540.8437,652,12153899,2501456,5226,7,-42,0,2,41,9,32432,36
2023-11-13T06:31:32Z,1,281,2008,781,102538.3984,652,12153898,2501463,4358,6,-60,0,2,41,9,11423,41
2023-11-13T06:31:33Z,6,247,1970,827,102538.0156,651,12153899,2501456,5221,7,-42,0,2,32,9,32432,36
2023-11-13T06:31:33Z,1,282,2012,782,102542.5625,650,12153898,2501463,4334,6,-61,0,2,26,9,11423,41
2023-11-13T06:31:34Z,6,248,1970,833,102542.3281,651,12153899,2501456,5237,7,-42,0,2,34,9,32432,36
2023-11-13T06:31:34Z,1,283,2018,782,102538.5625,658,12153898,2501463,4279,6,-82,0,2,35,9,11423,41
2023-11-13T06:31:35Z,6,249,1972,834,102540.8437,652,12153899,2501456,5241,7,-43,0,2,52,9,32432,36
2023-11-13T06:31:35Z,1,284,2023,783,102540.75,658,12153897,2501463,4265,6,-56,0,2,10,9,11423,41
2023-11-13T06:31:36Z,6,250,1973,831,102539.6875,651,12153899,2501456,5253,7,-42,0,2,4,9,32432,36
2023-11-13T06:31:36Z,1,285,2031,783,102542.5468,658,12153897,2501463,4284,6,-62,0,2,103,9,11423,41
2023-11-13T06:31:37Z,6,251,1975,834,102538.1796,652,12153899,2501456,5273,7,-43,0,2,43,9,32432,36
2023-11-13T06:31:37Z,1,286,2037,782,102540.5703,658,12153897,2501464,4287,6,-80,0,2,22,10,11423,41
2023-11-13T06:31:38Z,6,252,1975,831,102540.6875,652,12153899,2501456,5284,7,-42,0,2,18,9,32432,36
2023-11-13T06:31:38Z,1,287,2040,775,102539.289,658,12153897,2501464,4321,6,-57,0,2,142,10,11423,41
2023-11-13T06:31:39Z,6,253,1975,826,102539.5312,652,12153899,2501456,5246,7,-42,0,2,126,9,32432,36
2023-11-13T06:31:39Z,1,288,2041,766,102534.1093,657,12153897,2501464,4307,6,-57,0,2,64,9,11423,41
2023-11-13T06:31:40Z,6,254,1974,816,102540.0156,651,12153899,2501456,5232,7,-42,0,2,22,9,32432,36
2023-11-13T06:31:40Z,1,289,2039,760,102536.1562,655,12153896,2501464,4344,6,-55,0,2,183,9,11423,41
2023-11-13T06:31:41Z,6,255,1973,809,102541.5078,651,12153899,2501456,5250,7,-42,0,2,46,9,32432,36
2023-11-13T06:31:41Z,1,290,2041,757,102539.2812,658,12153896,2501464,4359,6,-62,0,2,56,9,11423,41
2023-11-13T06:31:42Z,6,256,1973,808,102537.5468,652,12153898,2501455,5235,7,-42,0,2,10,9,32432,36
2023-11-13T06:31:42Z,1,291,2038,753,102544.6406,656,12153897,2501464,4386,6,-63,0,2,174,9,11423,41
2023-11-13T06:31:43Z,6,257,1972,812,102539.3671,652,12153899,2501455,5237,7,-42,0,2,3,9,32432,36
2023-11-13T06:31:43Z,1,292,2033,748,102543.0312,657,12153897,2501464,4349,6,-61,0,2,15,9,11423,41
2023-11-13T06:31:44Z,6,258,1973,818,102542.3359,641,12153898,2501455,5229,7,-42,0,2,19,8,32432,36
2023-11-13T06:31:44Z,1,293,2035,752,102536.5078,656,12153897,2501464,4310,6,-66,0,2,35,9,11423,41
2023-11-13T06:31:45Z,6,259,1973,823,102539.5234,642,12153898,2501455,5226,7,-42,0,2,3,9,32432,36
2023-11-13T06:31:45Z,1,294,2038,754,102536.875,655,12153898,2501464,4364,6,-70,0,2,34,9,11423,41
2023-11-13T06:31:46Z,6,260,1974,830,102540.5312,652,12153899,2501455,5226,7,-42,0,2,20,10,32432,36
2023-11-13T06:31:46Z,1,295,2033,749,102542.375,658,12153899,2501463,4301,6,-92,0,2,98,9,11423,41
2023-11-13T06:31:47Z,6,261,1974,835,102537.7031,651,12153899,2501455,5254,7,-41,0,2,32,9,32432,36
2023-11-13T06:31:47Z,1,296,2027,746,102548.8281,651,12153899,2501463,4295,6,-82,0,2,47,9,11423,41
2023-11-13T06:31:48Z,6,262,1973,829,102544.1718,643,12153899,2501455,5223,7,-42,0,2,0,9,32432,36
2023-11-13T06:31:48Z,1,297,2023,744,102543.4843,652,12153899,2501464,4303,6,-78,0,2,74,9,11423,41
2023-11-13T06:31:49Z,6,263,1975,828,102537.8671,640,12153899,2501455,5229,7,-44,0,2,28,9,32432,36
2023-11-13T06:31:49Z,1,298,2018,747,102546.2812,657,12153900,2501464,4305,6,-75,0,2,9,9,11423,41
2023-11-13T06:31:50Z,6,264,1976,835,102540.1718,650,12153899,2501455,5244,7,-49,0,2,56,10,32432,36
2023-11-13T06:31:50Z,1,299,2012,752,102545.0546,651,12153901,2501464,4312,6,-71,0,2,75,9,11423,41
2023-11-13T06:31:51Z,6,265,1975,835,102541.0312,651,12153899,2501455,5220,7,-43,0,2,20,10,32432,36
2023-11-13T06:31:51Z,1,300,2002,752,102539.4609,651,12153900,2501464,4247,6,-66,0,2,327,9,1107,41
2023-11-13T06:31:52Z,6,266,1976,841,102538.7031,640,12153899,2501455,5236,7,-44,0,2,28,10,32432,36
2023-11-13T06:31:52Z,1,301,1996,751,102533.9062,651,12153900,2501465,4213,6,-73,0,2,173,9,1107,41
2023-11-13T06:31:53Z,6,267,1978,843,102539.8515,641,12153899,2501455,5228,7,-44,0,2,68,10,32432,36
2023-11-13T06:31:53Z,1,302,1993,752,102538.1718,656,12153900,2501465,4269,6,-67,0,2,64,9,1107,41
2023-11-13T06:31:54Z,6,268,1978,845,102542.3359,650,12153900,2501455,5220,7,-44,0,2,40,9,32432,36
2023-11-13T06:31:54Z,1,303,1988,752,102536.5156,655,12153901,2501464,4303,6,-84,0,2,68,9,1107,41
2023-11-13T06:31:55Z,6,269,1978,847,102541.1718,650,12153900,2501455,5205,7,-43,0,2,25,9,32432,36
2023-11-13T06:31:55Z,1,304,1983,755,102543.2578,656,12153901,2501464,4321,5,-76,0,2,20,10,1107,41
2023-11-13T06:31:56Z,6,270,1979,844,102539.3437,641,12153900,2501455,5189,7,-43,0,2,15,9,32432,36
2023-11-13T06:31:56Z,1,305,1978,756,102541.9062,656,12153900,2501464,4291,5,-75,0,2,127,9,1107,41
2023-11-13T06:31:57Z,6,271,1979,844,102543.3281,640,12153900,2501455,5179,7,-43,0,2,8,9,32432,36
2023-11-13T06:31:57Z,1,306,1976,760,102542.3125,656,12153900,2501464,4275,5,-74,0,2,58,9,1107,41
2023-11-13T06:31:58Z,6,272,1980,843,102540.3593,649,12153900,2501455,5191,7,-43,0,2,18,10,32432,36
2023-11-13T06:31:58Z,1,307,1978,765,102544.6015,654,12153900,2501465,4267,5,-75,0,2,34,9,1107,41
2023-11-13T06:31:59Z,6,273,1981,839,102541.3359,649,12153900,2501455,5212,7,-44,0,2,34,10,32432,36
2023-11-13T06:31:59Z,1,308,1978,767,102544.6328,657,12153900,2501465,4235,5,-71,0,2,65,9,1107,41
2023-11-13T06:32:00Z,6,274,1980,834,102535.8906,640,12153900,2501455,5204,7,-55,0,2,15,9,32432,36
2023-11-13T06:32:00Z,1,309,1980,768,102545.0625,655,12153900,2501465,4239,5,-80,0,2,55,9,1107,41
2023-11-13T06:32:01Z,6,275,1979,835,102538.0234,640,12153900,2501454,5231,7,-47,0,2,66,9,32432,36
2023-11-13T06:32:01Z,1,310,1982,769,102541.9531,657,12153900,2501465,4191,6,-70,0,2,372,9,1145,41
2023-11-13T06:32:02Z,6,276,1980,825,102513.7343,640,12153901,2501454,5283,6,-44,0,2,99,9,32432,36
2023-11-13T06:32:02Z,1,311,1986,771,102539.75,657,12153900,2501466,4170,6,-74,0,2,37,9,1145,41
2023-11-13T06:32:03Z,6,277,1977,792,102505.3281,640,12153900,2501454,5313,6,-51,0,2,80,10,32432,36
2023-11-13T06:32:03Z,1,312,1990,771,102540.625,656,12153900,2501465,4169,5,-75,0,2,76,9,1145,41
2023-11-13T06:32:04Z,6,278,1974,771,102504.3046,640,12153900,2501454,5313,7,-49,0,2,71,9,32432,36
2023-11-13T06:32:04Z,1,313,1993,771,102543.2812,650,12153900,2501466,4137,5,-77,0,2,169,9,1145,41
2023-11-13T06:32:05Z,6,279,1972,767,102501.1875,649,12153900,2501454,5322,7,-52,0,2,161,10,32432,36
2023-11-13T06:32:05Z,1,314,2002,770,102544.7812,650,12153900,2501466,4155,5,-75,0,2,57,9,1145,41
2023-11-13T06:32:06Z,6,280,1968,763,102505.6406,649,12153900,2501455,5282,7,-54,0,2,33,10,32432,36
2023-11-13T06:32:06Z,1,315,2006,767,102540.1875,656,12153901,2501466,4156,5,-72,0,2,124,9,1145,41
2023-11-13T06:32:07Z,6,281,1968,766,102503.5,649,12153900,2501455,5286,7,-50,0,2,41,9,32432,36
2023-11-13T06:32:07Z,1,316,2014,767,102544.2968,656,12153901,2501466,4110,5,-74,0,2,58,9,1145,41
2023-11-13T06:32:08Z,6,282,1968,760,102499.1875,649,12153900,2501455,5314,7,-48,0,2,162,9,32432,36
2023-11-13T06:32:08Z,1,317,2017,765,102535.7578,650,12153901,2501466,4076,5,-76,0,2,116,10,1145,41
2023-11-13T06:32:09Z,6,283,1966,757,102501.9843,649,12153900,2501456,5341,7,-54,0,2,224,10,32432,36
2023-11-13T06:32:09Z,1,318,2026,767,102535.9843,650,12153901,2501467,4047,5,-75,0,2,299,10,1145,41
2023-11-13T06:32:10Z,6,284,1963,758,102501.5078,648,12153901,2501456,5359,7,-49,0,2,94,9,32432,36
2023-11-13T06:32:10Z,1,319,2033,760,102536.1718,656,12153901,2501467,4068,5,-77,0,2,199,9,1145,41
2023-11-13T06:32:11Z,6,285,1962,753,102496.2187,650,12153900,2501456,5398,7,-58,0,2,34,9,32432,36
2023-11-13T06:32:11Z,1,320,2040,773,102536.6406,656,12153903,2501467,4276,5,-75,0,2,711,9,5961,41
2023-11-13T06:32:12Z,6,286,1961,746,102496.2187,649,12153900,2501457,5395,7,-58,0,2,30,9,32432,36
2023-11-13T06:32:12Z,1,321,2048,764,102536.1562,649,12153906,2501467,4462,5,-74,0,2,959,9,6815,41
2023-11-13T06:32:13Z,6,287,1960,742,102492.9218,649,12153900,2501457,5367,7,-56,0,2,51,10,32432,36
2023-11-13T06:32:13Z,1,322,2053,760,102537.1875,648,12153906,2501467,4567,6,-67,0,2,317,9,6815,41
2023-11-13T06:32:14Z,6,288,1959,740,102493.0625,649,12153900,2501457,5330,7,-55,0,2,62,9,32432,36
2023-11-13T06:32:14Z,1,323,2063,765,102536.9218,656,12153906,2501467,4596,6,-66,0,2,105,9,6815,41
2023-11-13T06:32:15Z,6,289,1958,741,102492.7343,650,12153901,2501457,5287,7,-61,0,2,99,9,32432,36
2023-11-13T06:32:15Z,1,324,2072,771,102537.1718,653,12153905,2501466,4600,6,-74,0,2,91,9,6815,41
2023-11-13T06:32:16Z,6,290,1958,746,102494.2343,650,12153901,2501458,5251,7,-60,0,2,31,9,32432,36
2023-11-13T06:32:16Z,1,325,2078,757,102543.9218,650,12153905,2501466,4652,6,-71,0,2,171,9,6815,41
2023-11-13T06:32:17Z,6,291,1962,756,102494.0468,649,12153901,2501458,5255,7,-54,0,2,77,9,32432,36
2023-11-13T06:32:17Z,1,326,2078,744,102542.7968,650,12153906,2501465,4827,6,-82,0,2,520,9,6243,41
2023-11-13T06:32:18Z,6,292,1964,756,102493.25,649,12153901,2501458,5216,7,-55,0,2,53,9,32432,36
2023-11-13T06:32:18Z,1,327,2081,743,102540.3671,650,12153905,2501465,4873,6,-73,0,2,228,9,6243,41
2023-11-13T06:32:19Z,6,293,1967,767,102496.375,650,12153901,2501457,5158,7,-54,0,2,44,9,32432,36
2023-11-13T06:32:19Z,1,328,2093,749,102538.625,650,12153904,2501465,4626,6,-74,0,2,117,9,6243,41
2023-11-13T06:32:20Z,6,294,1973,771,102491.914,648,12153902,2501457,5112,7,-55,0,2,34,10,32432,36
2023-11-13T06:32:20Z,1,329,2109,761,102536.6171,656,12153903,2501466,4293,6,-75,0,2,44,10,6243,41
2023-11-13T06:32:21Z,6,295,1977,761,102490.1015,649,12153902,2501457,5053,7,-55,0,2,10,10,32432,36
2023-11-13T06:32:21Z,1,330,2130,771,102537.8125,655,12153902,2501466,4153,6,-80,0,2,69,9,6243,41
2023-11-13T06:32:22Z,6,296,1981,754,102491.0859,649,12153902,2501457,5036,7,-51,0,2,18,9,32432,36
2023-11-13T06:32:22Z,1,331,2151,777,102539.5781,655,12153901,2501466,4134,6,-84,0,2,128,9,6243,41
2023-11-13T06:32:23Z,6,297,1982,751,102499.9921,648,12153902,2501457,5002,7,-46,0,2,34,9,32432,36
2023-11-13T06:32:23Z,1,332,2170,768,102543.6406,654,12153902,2501466,4191,6,-84,0,2,24,9,6243,41
2023-11-13T06:32:24Z,6,298,1987,753,102505.8046,648,12153902,2501457,4995,7,-47,0,2,35,9,32432,36
2023-11-13T06:32:24Z,1,333,2176,740,102543.3125,656,12153902,2501466,4217,6,-88,0,2,46,10,6243,41
2023-11-13T06:32:25Z,6,299,1988,744,102500.1796,648,12153902,2501457,4930,7,-45,0,2,32,9,32432,36
2023-11-13T06:32:25Z,1,334,2180,722,102542.1562,656,12153901,2501466,4210,6,-86,0,2,54,10,6243,41
2023-11-13T06:32:26Z,6,300,1989,736,102495.5703,648,12153903,2501457,4894,7,-42,0,2,55,9,32432,36
2023-11-13T06:32:26Z,1,335,2183,712,102541.4531,655,12153901,2501465,4241,6,-77,0,2,29,9,6243,41
2023-11-13T06:32:27Z,6,301,1989,733,102495.0625,649,12153903,2501457,4787,7,-45,0,2,6,9,32432,36
2023-11-13T06:32:27Z,1,336,2183,704,102540.8125,653,12153901,2501465,4264,6,-72,0,2,50,9,6243,41
2023-11-13T06:32:28Z,6,302,1991,735,102482.8281,649,12153903,2501457,4777,7,-50,0,2,67,10,32432,36
2023-11-13T06:32:28Z,1,337,2180,698,102539.1093,656,12153901,2501465,4259,6,-72,0,2,53,9,6243,41
2023-11-13T06:32:29Z,6,303,1995,738,102489.1406,648,12153902,2501457,4750,7,-42,0,2,293,10,32432,36
2023-11-13T06:32:29Z,1,338,2174,695,102542.2812,654,12153901,2501465,4265,6,-78,0,2,40,9,6243,41
2023-11-13T06:32:30Z,6,304,2003,739,102501.0781,648,12153902,2501457,4753,7,-55,0,2,108,9,32432,36
2023-11-13T06:32:30Z,1,339,2170,694,102538.9687,654,12153901,2501465,4268,6,-72,0,2,74,9,6243,41
2023-11-13T06:32:31Z,6,305,2009,735,102504.9843,640,12153902,2501457,4771,7,-62,0,2,251,9,32432,36
2023-11-13T06:32:31Z,1,340,2161,694,102542.7343,653,12153901,2501465,4278,6,-86,0,2,83,10,6243,41
2023-11-13T06:32:32Z,6,306,2012,730,102495.6093,640,12153902,2501457,4798,7,-65,0,2,38,9,32432,36
2023-11-13T06:32:32Z,1,341,2153,697,102544.1406,655,12153901,2501465,4285,6,-106,0,2,14,4,6243,41
2023-11-13T06:32:33Z,6,307,2017,728,102488.7265,629,12153902,2501457,4790,7,-63,0,2,107,9,32432,36
2023-11-13T06:32:33Z,1,342,2144,700,102544.6093,647,12153901,2501465,4276,6,-80,0,2,66,10,6243,41
2023-11-13T06:32:34Z,6,308,2020,727,102486.2812,629,12153901,2501457,4737,7,-68,0,2,6,9,32432,36
2023-11-13T06:32:34Z,1,343,2138,702,102544.6093,648,12153901,2501465,4274,6,-74,0,2,151,9,6243,41
2023-11-13T06:32:35Z,6,309,2023,725,102485.2265,642,12153901,2501457,4698,7,-74,0,2,76,10,32432,36
2023-11-13T06:32:35Z,1,344,2128,705,102543.9375,656,12153901,2501464,4312,6,-73,0,2,156,9,6243,41
2023-11-13T06:32:36Z,6,310,2023,721,102488.3671,642,12153901,2501457,4681,7,-64,0,2,14,10,32432,36
2023-11-13T06:32:36Z,1,345,2122,707,102537.8593,655,12153902,2501464,4347,5,-74,0,2,53,10,6243,41
2023-11-13T06:32:37Z,6,311,2019,719,102483.3828,630,12153901,2501457,4656,7,-64,0,2,21,10,32432,36
2023-11-13T06:32:37Z,1,346,2114,710,102539.8906,650,12153901,2501464,4341,5,-73,0,2,46,9,6243,41
2023-11-13T06:32:38Z,6,312,2016,720,102483.6718,630,12153902,2501457,4611,7,-66,0,2,12,9,32432,36
2023-11-13T06:32:38Z,1,347,2105,711,102540.5625,649,12153901,2501464,4350,5,-72,0,2,74,9,6243,41
2023-11-13T06:32:39Z,6,313,2011,718,102482.8437,642,12153902,2501457,4551,7,-63,0,2,22,9,32432,36
2023-11-13T06:32:39Z,1,348,2100,714,102540.5546,648,12153901,2501464,4389,5,-72,0,2,73,9,6243,41
2023-11-13T06:32:40Z,6,314,2007,718,102486.7734,642,12153902,2501457,4511,7,-64,0,2,12,9,32432,36
2023-11-13T06:32:40Z,1,349,2093,717,102544.3906,649,12153901,2501464,4410,5,-73,0,2,56,9,6243,41
2023-11-13T06:32:41Z,6,315,2003,719,102484.75,631,12153902,2501457,4491,7,-63,0,2,7,9,32432,36
2023-11-13T06:32:41Z,1,350,2088,719,102538.5156,648,12153902,2501464,4428,5,-94,0,2,62,9,6243,41
2023-11-13T06:32:42Z,6,316,1997,722,102483.75,630,12153902,2501457,4480,7,-62,0,2,10,9,32432,36
2023-11-13T06:32:42Z,1,351,2082,721,102541.1875,654,12153902,2501464,4452,6,-71,0,2,29,9,6243,41
2023-11-13T06:32:43Z,6,317,1993,725,102483.7187,642,12153902,2501457,4467,7,-62,0,2,29,9,32432,36
2023-11-13T06:32:43Z,1,352,2078,723,102541.1875,655,12153902,2501464,4448,6,-87,0,2,44,9,6243,41
2023-11-13T06:32:44Z,6,318,1990,728,102485.6875,643,12153902,2501457,4449,7,-68,0,2,28,10,32432,36
2023-11-13T06:32:44Z,1,353,2072,727,102540.1406,655,12153902,2501464,4496,6,-79,0,2,23,9,6243,41
2023-11-13T06:32:45Z,6,319,1986,730,102484.1718,631,12153902,2501457,4431,7,-68,0,2,15,9,32432,36
2023-11-13T06:32:45Z,1,354,2067,728,102541.3359,655,12153902,2501464,4499,6,-84,0,2,18,9,6243,41
2023-11-13T06:32:46Z,6,320,1984,732,102480.7656,631,12153902,2501457,4427,7,-67,0,2,6,9,32432,36
2023-11-13T06:32:46Z,1,355,2063,729,102540.6718,655,12153902,2501464,4499,6,-75,0,2,26,9,6243,41
2023-11-13T06:32:47Z,6,321,1981,733,102480.7343,642,12153902,2501457,4436,7,-71,0,2,13,9,32432,36
2023-11-13T06:32:47Z,1,356,2060,731,102543.9687,655,12153903,2501463,4556,6,-83,0,2,10,9,6243,41
2023-11-13T06:32:48Z,6,322,1980,733,102480.3593,642,12153902,2501457,4435,7,-65,0,2,9,9,32432,36
2023-11-13T06:32:48Z,1,357,2057,733,102545.664,654,12153903,2501463,4595,6,-82,0,2,46,10,6243,41
2023-11-13T06:32:49Z,6,323,1978,733,102480.6718,631,12153902,2501457,4430,7,-64,0,2,32,10,32432,36
2023-11-13T06:32:49Z,1,358,2052,734,102543.2031,654,12153903,2501463,4645,6,-81,0,2,24,9,6243,41
2023-11-13T06:32:50Z,6,324,1974,735,102479.7109,631,12153902,2501457,4436,7,-64,0,2,10,10,32432,36
2023-11-13T06:32:50Z,1,359,2052,737,102540.0937,654,12153903,2501463,4626,6,-83,0,2,55,9,6243,41
2023-11-13T06:32:51Z,6,325,1973,737,102477.7031,642,12153902,2501457,4439,7,-62,0,2,38,9,32432,36
2023-11-13T06:32:51Z,1,360,2046,736,102542.6406,652,12153903,2501463,4627,6,-79,0,2,20,9,6243,41
2023-11-13T06:32:52Z,6,326,1969,738,102477.375,643,12153902,2501457,4434,7,-63,0,2,28,10,32432,36
2023-11-13T06:32:52Z,1,361,2041,738,102538.039,653,12153903,2501463,4637,5,-84,0,2,21,9,6243,41
2023-11-13T06:32:53Z,6,327,1968,739,102476.4296,631,12153902,2501457,4428,7,-62,0,2,34,9,32432,36
2023-11-13T06:32:53Z,1,362,2038,739,102539,654,12153903,2501463,4647,5,-79,0,2,70,9,6243,41
2023-11-13T06:32:54Z,6,328,1963,743,102473.1406,631,12153903,2501457,4430,7,-62,0,2,12,9,32432,36
2023-11-13T06:32:54Z,1,363,2033,739,102542.6796,647,12153903,2501463,4615,5,-72,0,2,110,9,6243,41
2023-11-13T06:32:55Z,6,329,1959,746,102475.6015,641,12153903,2501457,4447,7,-58,0,2,9,10,32432,36
2023-11-13T06:32:55Z,1,364,2026,740,102547.0625,646,12153903,2501463,4600,5,-70,0,2,90,9,6243,41
2023-11-13T06:32:56Z,6,330,1954,744,102474.4218,642,12153903,2501457,4434,7,-51,0,2,148,9,32432,36
2023-11-13T06:32:56Z,1,365,2023,741,102535.2343,654,12153903,2501463,4585,5,-78,0,2,76,9,6243,41
2023-11-13T06:32:57Z,6,331,1952,742,102473.6406,631,12153902,2501458,4388,7,-51,0,2,181,10,32432,36
2023-11-13T06:32:57Z,1,366,2020,743,102528.289,652,12153902,2501463,4582,7,-79,0,2,284,9,6243,41
2023-11-13T06:32:58Z,6,332,1950,745,102471.9843,631,12153902,2501458,4356,7,-54,0,2,174,9,29302,36
2023-11-13T06:32:58Z,1,367,2024,750,102533.9453,648,12153901,2501463,4553,7,-94,0,2,368,9,34073,41
2023-11-13T06:32:59Z,6,333,1946,744,102473.4609,631,12153901,2501458,4309,7,-56,0,2,156,9,29302,36
2023-11-13T06:32:59Z,1,368,2023,749,102534.4921,648,12153900,2501462,4563,7,-64,0,2,543,9,34073,41
2023-11-13T06:33:00Z,6,334,1943,747,102472.8203,630,12153901,2501458,4285,7,-52,0,2,116,9,29302,36
2023-11-13T06:33:00Z,1,369,2022,749,102546.0937,654,12153900,2501462,4553,6,-64,0,2,115,9,34073,41
2023-11-13T06:33:01Z,6,335,1940,753,102475.4843,630,12153901,2501458,4284,7,-54,0,2,188,12,29302,36
2023-11-13T06:33:01Z,1,370,2023,748,102549.7656,648,12153900,2501462,4504,7,-63,0,2,116,9,34073,41
2023-11-13T06:33:02Z,6,336,1938,754,102475.4687,630,12153900,2501458,4234,7,-54,0,2,244,9,29726,36
2023-11-13T06:33:02Z,1,371,2021,746,102541.6718,648,12153900,2501462,4461,7,-63,0,2,25,9,34073,41
2023-11-13T06:33:03Z,6,337,1935,752,102474.664,630,12153900,2501458,4239,7,-52,0,2,96,9,29726,36
2023-11-13T06:33:03Z,1,372,2020,747,102544.2734,653,12153900,2501462,4478,7,-66,0,2,79,9,34073,41
2023-11-13T06:33:04Z,6,338,1934,748,102475.6562,630,12153900,2501459,4222,7,-55,0,2,54,9,29726,36
2023-11-13T06:33:04Z,1,373,2017,747,102542.5,653,12153900,2501462,4560,7,-62,0,2,185,9,34073,41
2023-11-13T06:33:05Z,6,339,1932,749,102473.8281,642,12153900,2501459,4205,7,-55,0,2,25,10,29726,36
2023-11-13T06:33:05Z,1,374,2016,748,102544.9062,653,12153901,2501461,4627,7,-65,0,2,5,9,34073,41
2023-11-13T06:33:06Z,6,340,1933,749,102474.3046,642,12153900,2501459,4220,7,-56,0,2,42,9,29726,36
2023-11-13T06:33:06Z,1,375,2014,748,102539.9609,654,12153901,2501462,4634,7,-72,0,2,109,9,34073,41
2023-11-13T06:33:07Z,6,341,1932,750,102477.7734,642,12153900,2501458,4208,7,-56,0,2,38,9,29726,36
2023-11-13T06:33:07Z,1,376,2013,748,102539.5312,654,12153902,2501462,4603,7,-80,0,2,131,9,34073,41
2023-11-13T06:33:08Z,6,342,1933,750,102474.9531,641,12153900,2501459,4194,7,-55,0,2,52,10,29726,36
2023-11-13T06:33:08Z,1,377,2010,747,102544.2343,653,12153902,2501462,4602,7,-72,0,2,63,9,34073,41
2023-11-13T06:33:09Z,6,343,1933,749,102476.1015,642,12153900,2501459,4213,7,-55,0,2,7,10,29726,36
2023-11-13T06:33:09Z,1,378,2010,749,102548.539,654,12153902,2501461,4624,7,-71,0,2,57,9,34073,41
2023-11-13T06:33:10Z,6,344,1932,750,102478.2734,641,12153900,2501459,4240,7,-56,0,2,44,9,29726,36
2023-11-13T06:33:10Z,1,379,2009,750,102548.8671,654,12153902,2501461,4672,7,-72,0,2,16,9,34073,41
2023-11-13T06:33:11Z,6,345,1933,750,102476.5781,641,12153899,2501458,4280,7,-55,0,2,59,9,29726,36
2023-11-13T06:33:11Z,1,380,2007,749,102550.375,651,12153902,2501462,4678,7,-72,0,2,49,9,34073,41
2023-11-13T06:33:12Z,6,346,1932,751,102480.2031,641,12153899,2501458,4296,7,-55,0,2,20,9,29726,36
2023-11-13T06:33:12Z,1,381,2005,748,102548.875,653,12153902,2501461,4779,7,-72,0,2,93,10,34073,41
2023-11-13T06:33:13Z,6,347,1933,752,102476.4062,641,12153899,2501458,4300,7,-55,0,2,10,9,29726,36
2023-11-13T06:33:13Z,1,382,2005,749,102550.3906,651,12153902,2501461,4784,7,-75,0,2,73,9,34073,41
2023-11-13T06:33:14Z,6,348,1933,755,102484.4609,641,12153900,2501458,4323,7,-55,0,2,22,9,29726,36
2023-11-13T06:33:14Z,1,383,2002,747,102554.2343,653,12153902,2501461,4756,7,-79,0,2,90,9,34073,41
2023-11-13T06:33:15Z,6,349,1933,759,102484.9609,641,12153900,2501458,4345,7,-56,0,2,37,9,29726,36
2023-11-13T06:33:15Z,1,384,1999,745,102551.7421,654,12153901,2501461,4826,7,-87,0,2,280,9,34073,41
2023-11-13T06:33:16Z,6,350,1934,761,102486.2109,641,12153900,2501458,4364,7,-56,0,2,28,10,29726,36
2023-11-13T06:33:16Z,1,385,1996,743,102547.9843,646,12153900,2501461,4808,7,-79,0,2,160,9,34073,41
2023-11-13T06:33:17Z,6,351,1934,759,102487.8593,641,12153900,2501458,4376,7,-55,0,2,12,9,29726,36
2023-11-13T06:33:17Z,1,386,1996,744,102551.6562,653,12153900,2501461,4806,7,-80,0,2,236,9,34073,41
2023-11-13T06:33:18Z,6,352,1934,759,102481.3906,640,12153900,2501459,4398,7,-55,0,2,20,9,29726,36
2023-11-13T06:33:18Z,1,387,1996,743,102549.8828,653,12153900,2501461,4758,7,-80,0,2,176,10,34073,41
2023-11-13T06:33:19Z,6,353,1936,755,102482.3515,641,12153900,2501459,4433,7,-54,0,2,39,9,29726,36
2023-11-13T06:33:19Z,1,388,1989,741,102556.2031,646,12153900,2501462,4624,7,-72,0,2,452,9,34073,41
2023-11-13T06:33:20Z,6,354,1936,750,102485.6406,641,12153900,2501459,4452,7,-54,0,2,24,9,29726,36
2023-11-13T06:33:20Z,1,389,1986,742,102559.0078,645,12153900,2501462,4484,7,-70,0,2,184,10,34073,41
2023-11-13T06:33:21Z,6,355,1934,749,102482.875,641,12153900,2501459,4459,7,-54,0,2,45,10,29726,36
2023-11-13T06:33:21Z,1,390,1989,743,102557.1093,647,12153900,2501461,4504,7,-79,0,2,103,9,34073,41
2023-11-13T06:33:22Z,6,356,1932,746,102478.2187,640,12153900,2501459,4480,7,-56,0,2,45,9,29726,36
2023-11-13T06:33:22Z,1,391,1992,745,102552.0078,653,12153900,2501461,4476,6,-64,0,2,232,10,34073,41
2023-11-13T06:33:23Z,6,357,1930,742,102479.8593,629,12153900,2501459,4493,7,-55,0,2,40,10,29726,36
2023-11-13T06:33:23Z,1,392,1994,745,102554.6093,652,12153899,2501461,4385,6,-68,0,2,32,9,34073,41
2023-11-13T06:33:24Z,6,358,1927,738,102480.0234,640,12153900,2501459,4517,7,-52,0,2,37,10,29726,36
2023-11-13T06:33:24Z,1,393,1999,746,102559.6875,652,12153899,2501461,4363,6,-65,0,2,30,10,34073,41
2023-11-13T06:33:25Z,6,359,1923,736,102481.3359,640,12153900,2501458,4557,7,-51,0,2,4,9,29726,36
2023-11-13T06:33:25Z,1,394,1997,744,102558.3593,652,12153900,2501461,4410,6,-71,0,2,35,10,34073,41
2023-11-13T06:33:26Z,6,360,1919,735,102481.0156,629,12153900,2501459,4564,7,-52,0,2,24,10,29726,36
2023-11-13T06:33:26Z,1,395,2001,746,102560.8281,652,12153900,2501461,4363,6,-70,0,2,64,10,34073,41
2023-11-13T06:33:27Z,6,361,1915,735,102478.8281,630,12153900,2501459,4554,7,-51,0,2,22,9,29726,36
2023-11-13T06:33:27Z,1,396,2001,746,102559.6875,652,12153900,2501461,4357,6,-75,0,2,67,9,34073,41
2023-11-13T06:33:28Z,6,362,1912,736,102480.5703,629,12153900,2501459,4532,7,-54,0,2,23,10,29726,36
2023-11-13T06:33:28Z,1,397,1999,745,102548.8437,652,12153900,2501461,4329,6,-66,0,2,30,9,34073,41
2023-11-13T06:33:29Z,6,363,1907,737,102476.6015,628,12153900,2501459,4521,7,-54,0,2,36,9,29726,36
2023-11-13T06:33:29Z,1,398,1998,744,102552.5468,649,12153900,2501461,4334,6,-64,0,2,98,10,34073,41
2023-11-13T06:33:30Z,6,364,1902,738,102476.7656,630,12153899,2501459,4522,7,-54,0,2,29,9,29726,36
2023-11-13T06:33:30Z,1,399,1995,742,102539,652,12153901,2501460,4481,6,-62,0,2,63,9,34073,41
2023-11-13T06:33:31Z,6,365,1901,741,102477.9453,640,12153899,2501459,4507,7,-54,0,2,27,9,29726,36
2023-11-13T06:33:31Z,1,400,1995,743,102546,653,12153901,2501460,4490,6,-63,0,2,104,9,34073,41
2023-11-13T06:33:32Z,6,366,1899,742,102478.7812,628,12153899,2501459,4473,7,-54,0,2,28,9,29726,36
2023-11-13T06:33:32Z,1,401,1993,742,102551.3125,652,12153900,2501460,4555,6,-56,0,2,43,9,34073,41
2023-11-13T06:33:33Z,6,367,1898,743,102478.9218,640,12153899,2501459,4483,7,-54,0,2,25,9,29726,36
2023-11-13T06:33:33Z,1,402,1992,742,102545.7031,650,12153900,2501461,4338,7,-50,0,2,208,9,28185,41
2023-11-13T06:33:34Z,6,368,1899,745,102476.3906,640,12153899,2501459,4479,7,-54,0,2,6,9,29726,36
2023-11-13T06:33:34Z,1,403,1990,743,102546.3593,653,12153900,2501461,4225,7,-55,0,2,13,9,28185,41
2023-11-13T06:33:35Z,6,369,1900,746,102478.5156,640,12153899,2501459,4454,7,-52,0,2,8,10,29726,36
2023-11-13T06:33:35Z,1,404,1987,745,102543.7578,653,12153899,2501462,4132,7,-52,0,2,16,9,28185,41
2023-11-13T06:33:36Z,6,370,1900,745,102483.2656,640,12153899,2501459,4453,7,-54,0,2,14,10,29726,36
2023-11-13T06:33:36Z,1,405,1983,746,102547.9609,652,12153900,2501462,4054,7,-55,0,2,35,9,28185,41
2023-11-13T06:33:37Z,6,371,1902,745,102485.5234,640,12153899,2501459,4450,7,-54,0,2,29,9,29726,36
2023-11-13T06:33:37Z,1,406,1980,748,102542.9843,652,12153900,2501462,4056,7,-51,0,2,47,9,28185,41
2023-11-13T06:33:38Z,6,372,1903,744,102485.6875,640,12153899,2501459,4456,7,-52,0,2,26,10,29726,36
2023-11-13T06:33:38Z,1,407,1977,750,102540.8281,652,12153900,2501462,3979,7,-50,0,2,14,9,28185,41
2023-11-13T06:33:39Z,6,373,1906,748,102482.539,639,12153899,2501459,4444,7,-54,0,2,26,9,29726,36
2023-11-13T06:33:39Z,1,408,1973,753,102542.1562,652,12153900,2501462,3869,7,-55,0,2,21,9,28185,41
2023-11-13T06:33:40Z,6,374,1908,748,102479.2031,640,12153898,2501459,4429,7,-54,0,2,17,9,29726,36
2023-11-13T06:33:40Z,1,409,1973,756,102538.125,643,12153900,2501462,3909,7,-54,0,2,44,9,28185,41
2023-11-13T06:33:41Z,6,375,1914,749,102478.7968,639,12153898,2501459,4430,7,-52,0,2,28,9,29726,36
2023-11-13T06:33:42Z,1,410,1972,756,102535.4218,643,12153900,2501463,3997,7,-56,0,2,23,10,28185,41
2023-11-13T06:33:42Z,6,376,1921,753,102479.7812,640,12153898,2501458,4432,7,-52,0,2,22,9,29726,36
2023-11-13T06:33:43Z,1,411,1975,760,102536.9531,652,12153901,2501463,4085,7,-56,0,2,23,10,28185,41
2023-11-13T06:33:43Z,6,377,1927,754,102480.2265,639,12153898,2501458,4437,7,-54,0,2,28,13,29726,36
2023-11-13T06:33:44Z,1,412,1975,760,102537.8906,650,12153901,2501463,4112,7,-56,0,2,18,9,28185,41
2023-11-13T06:33:44Z,6,378,1936,756,102483.5,639,12153898,2501458,4426,7,-52,0,2,6,9,29726,36
2023-11-13T06:33:44Z,1,413,1975,761,102538.4531,645,12153901,2501463,4143,7,-55,0,2,5,9,28185,41
2023-11-13T06:33:45Z,6,379,1945,761,102487.7265,639,12153898,2501458,4428,7,-54,0,2,39,9,29726,36
2023-11-13T06:33:46Z,1,414,1977,761,102536.1875,643,12153901,2501463,4115,7,-55,0,2,15,9,28185,41
2023-11-13T06:33:46Z,6,380,1955,766,102484.539,639,12153898,2501458,4418,7,-54,0,2,76,9,29726,36
2023-11-13T06:33:47Z,1,415,1979,761,102536.0468,652,12153901,2501463,4114,7,-57,0,2,30,9,28185,41
2023-11-13T06:33:47Z,6,381,1965,760,102482.3593,628,12153899,2501458,4384,7,-54,0,2,8,9,29726,36
2023-11-13T06:33:48Z,1,416,1983,763,102534.4062,651,12153901,2501463,4128,7,-55,0,2,32,9,28185,41
2023-11-13T06:33:48Z,6,382,1976,759,102486.6015,627,12153899,2501458,4343,7,-54,0,2,54,9,29726,36
2023-11-13T06:33:49Z,1,417,1987,769,102537.1718,646,12153901,2501463,4121,7,-55,0,2,49,9,28185,41
2023-11-13T06:33:49Z,6,383,1984,763,102497.3046,639,12153899,2501458,4330,7,-52,0,2,20,9,29726,36
2023-11-13T06:33:49Z,1,418,1988,764,102538.7109,646,12153901,2501464,4047,7,-61,0,2,15,9,28185,41
2023-11-13T06:33:50Z,6,384,1997,767,102495.2578,638,12153899,2501458,4331,7,-54,0,2,44,9,29726,36
2023-11-13T06:33:51Z,1,419,1995,766,102533.4687,646,12153901,2501464,4046,7,-59,0,2,21,9,28185,41
2023-11-13T06:33:51Z,6,385,2008,762,102495.375,628,12153899,2501458,4267,8,-54,0,2,23,10,29726,36
2023-11-13T06:33:52Z,1,420,1999,769,102531.4218,646,12153901,2501464,4076,7,-61,0,2,8,9,28185,41
2023-11-13T06:33:52Z,6,386,2018,752,102493.3593,628,12153899,2501458,4238,8,-54,0,2,37,9,29726,36
2023-11-13T06:33:52Z,1,421,2005,765,102537.8906,646,12153902,2501463,4111,7,-61,0,2,9,9,28185,41
2023-11-13T06:33:53Z,6,387,2025,741,102492.3046,628,12153899,2501458,4227,8,-54,0,2,20,9,29726,36
2023-11-13T06:33:53Z,1,422,2007,762,102537.75,651,12153902,2501463,4116,7,-58,0,2,28,10,28185,41
2023-11-13T06:33:54Z,6,388,2032,736,102479.8593,638,12153899,2501459,4196,8,-54,0,2,14,9,29726,36
2023-11-13T06:33:54Z,1,423,2009,758,102538.8906,650,12153902,2501463,4114,7,-56,0,2,15,9,28185,41
2023-11-13T06:33:55Z,6,389,2039,729,102477.3593,639,12153899,2501459,4153,8,-54,0,2,24,9,29726,36
2023-11-13T06:33:55Z,1,424,2011,754,102540.0546,652,12153902,2501463,4120,7,-55,0,2,13,9,28185,41
2023-11-13T06:33:56Z,6,390,2046,725,102474.6718,639,12153899,2501459,4117,8,-54,0,2,28,9,29726,36
2023-11-13T06:33:56Z,1,425,2011,750,102534.3984,650,12153902,2501463,4133,7,-56,0,2,6,9,28185,41
2023-11-13T06:33:57Z,6,391,2054,723,102479.1015,639,12153899,2501459,4082,8,-54,0,2,10,9,29726,36
2023-11-13T06:33:57Z,1,426,2011,749,102540.4062,652,12153902,2501463,4142,7,-56,0,2,30,9,28185,41
2023-11-13T06:33:58Z,6,392,2061,717,102478.1718,639,12153899,2501459,4064,8,-52,0,2,16,9,29726,36
2023-11-13T06:33:58Z,1,427,2011,747,102537.75,649,12153902,2501463,4155,7,-55,0,2,17,9,28185,41
2023-11-13T06:33:59Z,6,393,2066,710,102475.8281,639,12153899,2501459,4077,8,-52,0,2,20,9,29726,36
2023-11-13T06:33:59Z,1,428,2014,747,102537.6875,652,12153902,2501463,4153,7,-55,0,2,9,9,28185,41
2023-11-13T06:34:00Z,6,394,2069,705,102475.2187,639,12153899,2501459,4061,8,-52,0,2,12,10,29726,36
2023-11-13T06:34:00Z,1,429,2016,746,102538.4218,650,12153902,2501463,4155,7,-55,0,2,12,10,28185,41
2023-11-13T06:34:01Z,6,395,2071,701,102471.8593,639,12153899,2501459,4017,8,-52,0,2,10,9,29726,36
2023-11-13T06:34:01Z,1,430,2019,744,102539.3046,651,12153902,2501463,4157,7,-55,0,2,18,9,28185,41
2023-11-13T06:34:02Z,6,396,2072,699,102472.2265,638,12153899,2501459,3993,8,-54,0,2,13,9,29726,36
2023-11-13T06:34:02Z,1,431,2018,742,102538.7187,648,12153901,2501463,4142,7,-55,0,2,12,9,28185,41
2023-11-13T06:34:03Z,6,397,2078,697,102471.0156,639,12153899,2501459,3954,8,-52,0,2,14,9,29726,36
2023-11-13T06:34:03Z,1,432,2021,744,102539.9687,651,12153901,2501463,4130,7,-55,0,2,4,9,28185,41
2023-11-13T06:34:04Z,6,398,2084,700,102474.4921,638,12153899,2501460,3928,8,-60,0,2,27,9,29726,36
2023-11-13T06:34:04Z,1,433,2020,742,102538.375,649,12153901,2501463,4124,7,-56,0,2,14,9,28185,41
2023-11-13T06:34:05Z,6,399,2093,712,102471.6015,638,12153899,2501460,3916,8,-59,0,2,57,9,29726,36
2023-11-13T06:34:05Z,1,434,2018,740,102539.0468,651,12153901,2501463,4123,7,-55,0,2,23,10,28185,41
2023-11-13T06:34:06Z,6,400,2106,744,102479.8046,635,12153899,2501460,3905,8,-67,0,2,46,9,29726,36
2023-11-13T06:34:06Z,1,435,2020,743,102540.9765,650,12153901,2501463,4109,7,-56,0,2,5,9,28185,41
2023-11-13T06:34:07Z,6,401,2117,738,102481.0468,558,12153900,2501460,3890,8,-73,0,2,149,9,29726,36
2023-11-13T06:34:07Z,1,436,2020,741,102540.3437,651,12153901,2501463,4114,7,-55,0,2,27,9,28185,41
2023-11-13T06:34:08Z,6,402,2128,723,102479.8593,594,12153900,2501459,3846,8,-59,0,2,228,9,29726,36
2023-11-13T06:34:08Z,1,437,2025,741,102537.9296,651,12153901,2501463,4119,7,-55,0,2,6,9,28185,41
2023-11-13T06:34:09Z,6,403,2134,712,102486.0312,575,12153901,2501459,3837,8,-54,0,2,266,10,5230,36
2023-11-13T06:34:09Z,1,438,2026,740,102539.7343,650,12153901,2501463,4098,7,-55,0,2,19,9,28185,41
2023-11-13T06:34:10Z,6,404,2137,700,102487.7812,608,12153902,2501459,3852,8,-61,0,2,572,9,5410,36
2023-11-13T06:34:10Z,1,439,2024,740,102540.75,650,12153901,2501463,4106,7,-54,0,2,43,9,28185,41
2023-11-13T06:34:11Z,6,405,2138,689,102485.0156,583,12153903,2501459,3790,8,-55,0,2,285,9,6139,36
2023-11-13T06:34:11Z,1,440,2021,741,102542.2812,651,12153901,2501463,4121,7,-56,0,2,13,10,28185,41
2023-11-13T06:34:12Z,6,406,2136,683,102486.2187,578,12153904,2501459,3753,8,-47,0,2,369,9,9764,36
2023-11-13T06:34:12Z,1,441,2019,743,102539.6562,648,12153901,2501463,4121,7,-55,0,2,15,9,28185,41
2023-11-13T06:34:13Z,6,407,2131,679,102484.9453,570,12153905,2501459,3712,8,-52,0,2,277,10,10547,36
2023-11-13T06:34:13Z,1,442,2019,746,102538.9843,650,12153901,2501463,4113,7,-56,0,2,7,9,28185,41
2023-11-13T06:34:14Z,6,408,2126,677,102482.1875,601,12153905,2501459,3677,8,-54,0,2,235,9,11350,36
2023-11-13T06:34:15Z,1,443,2022,749,102539.8515,650,12153901,2501463,4097,7,-56,0,2,46,9,28185,41
2023-11-13T06:34:15Z,6,409,2121,677,102482.5625,601,12153906,2501458,3671,8,-56,0,2,253,9,11230,36
2023-11-13T06:34:15Z,1,444,2020,750,102539.6562,651,12153901,2501463,4095,7,-54,0,2,23,9,28185,41
2023-11-13T06:34:16Z,6,410,2115,677,102480.7656,600,12153906,2501458,3680,8,-56,0,2,200,10,10763,36
2023-11-13T06:34:16Z,1,445,2021,752,102539.1875,649,12153901,2501462,4097,7,-60,0,2,11,9,28185,41
2023-11-13T06:34:17Z,6,411,2111,677,102483.0625,598,12153906,2501458,3716,8,-65,0,2,135,9,10763,36
2023-11-13T06:34:17Z,1,446,2024,754,102540.2656,651,12153901,2501462,4101,7,-63,0,2,10,9,28185,41
2023-11-13T06:34:18Z,6,412,2103,679,102483.2968,593,12153906,2501458,3720,8,-72,0,2,229,9,11193,36
2023-11-13T06:34:19Z,1,447,2027,755,102538.3906,649,12153901,2501462,4104,7,-62,0,2,4,9,28185,41
2023-11-13T06:34:19Z,6,413,2095,681,102483.7812,594,12153906,2501457,3709,8,-67,0,2,114,9,11193,36
2023-11-13T06:34:20Z,1,448,2032,755,102537.9609,650,12153901,2501462,4113,7,-62,0,2,7,9,28185,41
2023-11-13T06:34:20Z,1,449,2033,753,102540.1328,648,12153901,2501462,4126,7,-62,0,2,27,9,28185,41
2023-11-13T06:34:21Z,1,450,2037,753,102539.1406,644,12153901,2501462,4126,7,-62,0,2,16,9,28185,41
2023-11-13T06:34:22Z,1,451,2042,749,102538.5,645,12153901,2501462,4109,7,-62,0,2,16,9,28185,41
2023-11-13T06:34:23Z,1,452,2043,746,102537.1562,651,12153901,2501462,4108,7,-63,0,2,20,9,28185,41
2023-11-13T06:34:24Z,1,453,2050,744,102539.1484,651,12153901,2501462,4128,7,-62,0,2,14,9,28185,41
2023-11-13T06:34:25Z,6,1,2071,704,102485.5937,637,12153901,2501455,4267,8,-70,0,2,71,9,0,36
2023-11-13T06:34:25Z,1,454,2053,742,102541.9062,644,12153901,2501462,4142,7,-63,0,2,35,9,28185,41
2023-11-13T06:34:26Z,6,2,2070,704,102485.539,627,12153901,2501454,3614,8,-73,0,2,20,9,0,36
2023-11-13T06:34:26Z,1,455,2060,739,102541.4375,644,12153901,2501461,4136,7,-63,0,2,53,7,28185,41
2023-11-13T06:34:27Z,6,3,2069,709,102485.1875,612,12153901,2501454,3516,8,-70,0,2,2,9,0,36
2023-11-13T06:34:27Z,1,456,2064,738,102538.5937,650,12153901,2501461,4163,7,-62,0,2,9,9,28185,41
2023-11-13T06:34:28Z,6,4,2070,712,102488.3125,627,12153901,2501454,3480,8,-67,0,2,6,10,0,36
2023-11-13T06:34:28Z,1,457,2069,735,102539.8671,650,12153901,2501461,4175,7,-61,0,2,15,9,28185,41
2023-11-13T06:34:29Z,6,5,2070,716,102490.9218,625,12153901,2501454,3551,8,-67,0,2,13,9,0,36
2023-11-13T06:34:29Z,1,458,2070,731,102533.125,648,12153901,2501461,4180,7,-61,0,2,13,9,28185,41
2023-11-13T06:34:30Z,6,6,2072,714,102488.6015,612,12153901,2501454,3574,8,-68,0,2,21,9,0,36
2023-11-13T06:34:30Z,1,459,2071,729,102536.0468,650,12153901,2501461,4167,7,-62,0,2,15,9,28185,41
2023-11-13T06:34:31Z,6,7,2071,714,102488.9531,611,12153901,2501454,3572,8,-55,0,2,12,9,0,36
2023-11-13T06:34:31Z,1,460,2072,727,102535.789,650,12153901,2501461,4173,7,-62,0,2,7,9,28185,41
2023-11-13T06:34:32Z,6,8,2068,714,102500.3593,627,12153901,2501455,3411,8,-56,0,2,85,10,0,36
2023-11-13T06:34:32Z,1,461,2071,728,102537.0312,650,12153901,2501460,4192,7,-65,0,2,8,9,28185,41
2023-11-13T06:34:33Z,6,9,2069,713,102495.2187,619,12153902,2501455,3385,8,-54,0,2,53,9,0,36
2023-11-13T06:34:34Z,1,462,2068,728,102536.8906,650,12153901,2501460,4186,7,-63,0,2,22,9,28185,41
2023-11-13T06:34:34Z,6,10,2066,711,102497.875,619,12153903,2501455,3354,8,-57,0,2,34,9,0,36
2023-11-13T06:34:34Z,1,463,2066,729,102534.3906,650,12153901,2501460,4181,7,-63,0,2,5,9,28185,41
2023-11-13T06:34:35Z,6,11,2064,709,102498.0234,613,12153903,2501454,3429,8,-56,0,2,13,9,0,36
2023-11-13T06:34:35Z,1,464,2066,731,102537.625,650,12153901,2501460,4174,7,-63,0,2,14,9,28185,41
2023-11-13T06:34:36Z,6,12,2062,710,102500.039,613,12153903,2501454,3455,8,-56,0,2,19,12,0,36
2023-11-13T06:34:36Z,1,465,2064,730,102539.3046,650,12153901,2501460,4165,7,-62,0,2,12,10,28185,41
2023-11-13T06:34:37Z,6,13,2060,710,102498.0546,628,12153903,2501454,3482,8,-57,0,2,13,9,0,36
2023-11-13T06:34:37Z,1,466,2064,730,102536.9296,650,12153901,2501460,4162,7,-64,0,2,21,10,28185,41
2023-11-13T06:34:38Z,6,14,2057,712,102495.0703,614,12153903,2501453,3527,8,-57,0,2,13,9,0,36
2023-11-13T06:34:38Z,1,467,2067,732,102537.5937,643,12153901,2501460,4154,7,-62,0,2,3,9,28185,41
2023-11-13T06:34:39Z,6,15,2055,716,102494.2812,612,12153903,2501453,3511,8,-56,0,2,56,9,0,36
2023-11-13T06:34:39Z,1,468,2068,731,102539.5703,642,12153901,2501460,4136,7,-56,0,2,58,10,28185,41
2023-11-13T06:34:40Z,6,16,2054,718,102493.2656,626,12153903,2501453,3484,8,-56,0,2,22,9,0,36
2023-11-13T06:34:40Z,1,469,2067,730,102534.789,649,12153901,2501460,4152,7,-57,0,2,23,9,28185,41
2023-11-13T06:34:41Z,6,17,2054,718,102496.7109,620,12153903,2501453,3462,8,-56,0,2,15,9,0,36
2023-11-13T06:34:41Z,1,470,2067,730,102537.789,649,12153901,2501460,4156,7,-56,0,2,48,9,28185,41
2023-11-13T06:34:42Z,6,18,2051,716,102496.8828,627,12153903,2501453,3431,8,-57,0,2,13,9,0,36
2023-11-13T06:34:42Z,1,471,2068,729,102536.125,643,12153901,2501460,4140,7,-60,0,2,77,9,28185,41
2023-11-13T06:34:43Z,6,19,2049,714,102497.7187,619,12153903,2501453,3422,8,-57,0,2,40,9,0,36
2023-11-13T06:34:43Z,1,472,2067,727,102533.2812,643,12153902,2501460,4159,7,-59,0,2,105,9,28185,41
2023-11-13T06:34:44Z,6,20,2048,712,102496.2265,619,12153904,2501453,3393,8,-57,0,2,5,10,0,36
2023-11-13T06:34:44Z,1,473,2064,729,102537.3906,649,12153902,2501460,4160,7,-58,0,2,49,9,28185,41
2023-11-13T06:34:45Z,6,21,2044,710,102494.0625,619,12153904,2501453,3376,8,-57,0,2,31,9,0,36
2023-11-13T06:34:45Z,1,474,2061,730,102538.9843,649,12153902,2501460,4171,7,-60,0,2,36,9,28185,41
2023-11-13T06:34:46Z,6,22,2042,709,102494.75,619,12153904,2501453,3377,8,-56,0,2,11,10,0,36
2023-11-13T06:34:46Z,1,475,2056,731,102540.0703,650,12153901,2501460,4181,7,-61,0,2,67,9,28185,41
2023-11-13T06:34:47Z,6,23,2039,708,102492.7578,614,12153904,2501454,3363,8,-57,0,2,29,9,0,36
2023-11-13T06:34:47Z,1,476,2052,732,102538.0468,648,12153901,2501460,4191,6,-60,0,2,50,9,28185,41
2023-11-13T06:34:48Z,6,24,2037,708,102495.1328,618,12153904,2501454,3342,8,-57,0,2,18,9,0,36
2023-11-13T06:34:48Z,1,477,2049,732,102541.5,648,12153901,2501460,4197,6,-61,0,2,47,9,28185,41
2023-11-13T06:34:49Z,6,25,2034,708,102495.1406,625,12153904,2501454,3339,8,-56,0,2,17,9,0,36
2023-11-13T06:34:49Z,1,478,2044,734,102534.4687,648,12153901,2501460,4196,6,-61,0,2,23,9,28185,41
2023-11-13T06:34:50Z,6,26,2034,708,102494.2812,613,12153904,2501454,3319,7,-57,0,2,15,9,0,36
2023-11-13T06:34:50Z,1,479,2041,734,102536.1328,647,12153901,2501460,4232,6,-60,0,2,53,9,28185,41
2023-11-13T06:34:51Z,6,27,2032,709,102492.6328,613,12153904,2501454,3297,7,-57,0,2,39,9,0,36
2023-11-13T06:34:51Z,1,480,2036,736,102538.7656,648,12153901,2501459,4251,6,-61,0,2,17,9,28185,41
2023-11-13T06:34:52Z,6,28,2029,704,102497.625,624,12153904,2501454,3278,7,-60,0,2,90,9,0,36
2023-11-13T06:34:52Z,1,481,2027,741,102538.0312,649,12153901,2501459,4272,7,-59,0,2,22,9,28185,41
2023-11-13T06:34:53Z,6,29,2025,699,102489.2343,612,12153905,2501453,3280,7,-61,0,2,98,9,0,36
2023-11-13T06:34:53Z,1,482,2027,754,102539.7656,647,12153901,2501459,4263,7,-58,0,2,41,9,28185,41
2023-11-13T06:34:54Z,6,30,2020,696,102492.4687,627,12153905,2501453,3286,7,-65,0,2,59,9,0,36
2023-11-13T06:34:54Z,1,483,2027,750,102538.1562,649,12153901,2501459,4279,7,-59,0,2,12,10,28185,41
2023-11-13T06:34:55Z,6,31,2014,694,102488.8125,626,12153905,2501453,3270,7,-64,0,2,12,10,0,36
2023-11-13T06:34:55Z,1,484,2026,745,102539.0781,646,12153901,2501459,4281,7,-58,0,2,74,10,28185,41
2023-11-13T06:34:56Z,6,32,2008,693,102491.1171,627,12153905,2501453,3253,7,-62,0,2,92,9,0,36
2023-11-13T06:34:56Z,1,485,2022,740,102536.875,641,12153902,2501459,4295,7,-59,0,2,46,10,28185,41
2023-11-13T06:34:57Z,6,33,2004,694,102490.125,628,12153905,2501453,3248,7,-61,0,2,19,9,0,36
2023-11-13T06:34:57Z,1,486,2020,738,102535.0312,646,12153902,2501459,4285,7,-58,0,2,11,10,28185,41
2023-11-13T06:34:58Z,6,34,1997,696,102491.4765,627,12153905,2501453,3243,7,-60,0,2,36,10,0,36
2023-11-13T06:34:58Z,1,487,2018,735,102538.8437,649,12153902,2501459,4299,7,-57,0,2,77,10,28185,41
2023-11-13T06:34:59Z,6,35,1993,696,102490.1796,628,12153905,2501453,3229,8,-61,0,2,58,9,0,36
2023-11-13T06:34:59Z,1,488,2018,737,102536.1953,642,12153902,2501459,4278,7,-55,0,2,26,9,28185,41
2023-11-13T06:35:00Z,6,36,1988,697,102488.5468,614,12153905,2501453,3233,8,-60,0,2,63,9,0,36
2023-11-13T06:35:00Z,1,489,2018,736,102533.5234,642,12153902,2501459,4252,7,-54,0,2,79,9,28185,41
2023-11-13T06:35:01Z,6,37,1983,699,102489.2187,628,12153905,2501453,3222,7,-61,0,2,15,9,0,36
2023-11-13T06:35:01Z,1,490,2017,734,102533.4843,643,12153902,2501459,4220,7,-59,0,2,213,10,31217,41
2023-11-13T06:35:02Z,6,38,1979,701,102490.5156,627,12153905,2501453,3207,7,-59,0,2,14,9,0,36
2023-11-13T06:35:02Z,1,491,2013,733,102535.9921,649,12153902,2501459,4158,7,-61,0,2,85,9,31217,41
2023-11-13T06:35:03Z,6,39,1973,704,102491.039,627,12153905,2501453,3170,7,-61,0,2,50,9,0,36
2023-11-13T06:35:03Z,1,492,2008,733,102534.625,649,12153902,2501459,4138,8,-61,0,2,44,9,31217,41
2023-11-13T06:35:04Z,6,40,1969,707,102490.7187,627,12153905,2501453,3155,7,-61,0,2,12,10,0,36
2023-11-13T06:35:04Z,1,493,2006,734,102536.7968,649,12153902,2501459,4113,8,-61,0,2,79,9,31217,41
2023-11-13T06:35:05Z,6,41,1965,710,102488.4218,627,12153905,2501453,3143,8,-59,0,2,24,9,0,36
2023-11-13T06:35:05Z,1,494,2002,734,102535.9765,649,12153902,2501459,4082,8,-61,0,2,31,10,31217,41
2023-11-13T06:35:06Z,6,42,1964,714,102488.8906,627,12153906,2501453,3119,8,-60,0,2,14,9,0,36
2023-11-13T06:35:06Z,1,495,1999,735,102533.3437,648,12153902,2501460,4039,8,-57,0,2,50,9,31217,41
2023-11-13T06:35:07Z,6,43,1962,714,102494.5468,628,12153905,2501453,3123,8,-57,0,2,212,9,21771,36
2023-11-13T06:35:07Z,1,496,1998,735,102529.375,649,12153902,2501460,3982,8,-55,0,2,81,9,31217,41
2023-11-13T06:35:08Z,6,44,1957,714,102490.7656,628,12153905,2501452,3209,8,-56,0,2,289,9,21168,36
2023-11-13T06:35:08Z,1,497,1993,736,102536.5781,648,12153902,2501460,3885,8,-57,0,2,69,9,31217,41
2023-11-13T06:35:09Z,6,45,1954,714,102485.5156,628,12153905,2501452,3231,8,-52,0,2,178,9,27454,36
2023-11-13T06:35:10Z,6,46,1953,714,102484.3593,628,12153905,2501452,3219,8,-48,0,2,48,9,27454,36
2023-11-13T06:35:10Z,1,499,1981,743,102537.75,649,12153902,2501460,3806,8,-57,0,2,49,9,31217,41
2023-11-13T06:35:11Z,6,47,1951,714,102485.8125,614,12153905,2501452,3194,8,-56,0,2,72,9,27454,36
2023-11-13T06:35:11Z,1,500,1974,750,102534.3437,648,12153902,2501460,3802,8,-56,0,2,18,10,31217,41
2023-11-13T06:35:12Z,6,48,1948,716,102492.4375,615,12153905,2501452,3193,8,-59,0,2,58,9,27454,36
2023-11-13T06:35:12Z,1,501,1967,752,102541.7812,648,12153902,2501460,3793,8,-57,0,2,10,10,31217,41
2023-11-13T06:35:13Z,6,49,1948,719,102488.6406,629,12153905,2501452,3191,8,-61,0,2,18,9,27454,36
2023-11-13T06:35:13Z,1,502,1963,753,102538.1718,648,12153902,2501460,3783,8,-58,0,2,23,9,31217,41
2023-11-13T06:35:14Z,6,50,1947,721,102492.4609,629,12153905,2501452,3212,7,-60,0,2,43,10,27454,36
2023-11-13T06:35:14Z,1,503,1952,754,102536.9062,646,12153902,2501460,3773,8,-57,0,2,97,9,31217,41
2023-11-13T06:35:15Z,6,51,1947,722,102491.1328,627,12153906,2501452,3216,7,-59,0,2,54,9,27454,36
2023-11-13T06:35:15Z,1,504,1944,754,102539.7109,648,12153902,2501460,3772,8,-57,0,2,34,9,31217,41
2023-11-13T06:35:16Z,6,52,1947,724,102490.125,628,12153906,2501452,3202,7,-57,0,2,10,10,27454,36
2023-11-13T06:35:16Z,1,505,1936,755,102540.75,639,12153902,2501461,3755,8,-56,0,2,70,11,31217,41
2023-11-13T06:35:17Z,6,53,1946,724,102493.7812,628,12153906,2501452,3196,7,-58,0,2,55,10,27454,36
2023-11-13T06:35:17Z,1,506,1928,757,102540.9062,641,12153902,2501460,3756,8,-52,0,2,10,9,31217,41
2023-11-13T06:35:18Z,6,54,1946,724,102491.6562,627,12153906,2501452,3258,7,-55,0,2,119,9,27454,36
2023-11-13T06:35:18Z,1,507,1920,758,102533.6015,645,12153902,2501460,3708,8,-49,0,2,58,10,31217,41
2023-11-13T06:35:19Z,6,55,1944,726,102490.1718,626,12153906,2501452,3319,7,-52,0,2,157,9,31953,36
2023-11-13T06:35:19Z,1,508,1913,760,102546.1406,642,12153902,2501460,3832,8,-61,0,2,25,9,31217,41
2023-11-13T06:35:20Z,6,56,1944,732,102492.539,628,12153906,2501452,3285,8,-57,0,2,208,10,25776,36
2023-11-13T06:35:20Z,1,509,1906,762,102558.1406,638,12153903,2501460,3845,8,-55,0,2,12,9,31217,41
2023-11-13T06:35:21Z,6,57,1940,735,102491.4062,629,12153905,2501452,3270,8,-56,0,2,25,10,25776,36
2023-11-13T06:35:21Z,1,510,1900,765,102558.5625,647,12153903,2501460,3810,8,-56,0,2,23,9,31217,41
2023-11-13T06:35:22Z,6,58,1939,735,102489.9375,628,12153905,2501452,3288,8,-57,0,2,15,9,25776,36
2023-11-13T06:35:22Z,1,511,1895,769,102560.7265,646,12153903,2501460,3798,8,-58,0,2,64,9,31217,41
2023-11-13T06:35:23Z,6,59,1937,732,102493.5937,628,12153905,2501452,3295,8,-59,0,2,4,10,25776,36
2023-11-13T06:35:23Z,1,512,1891,770,102554.6875,648,12153903,2501460,3786,8,-61,0,2,2,9,31217,41
2023-11-13T06:35:24Z,6,60,1936,730,102493.4531,628,12153905,2501452,3302,8,-57,0,2,36,9,25776,36
2023-11-13T06:35:24Z,1,513,1888,774,102557.7265,648,12153903,2501460,3786,8,-62,0,2,6,9,31217,41
2023-11-13T06:35:25Z,6,61,1933,729,102496.6406,631,12153905,2501452,3315,8,-58,0,2,23,10,25776,36
2023-11-13T06:35:25Z,1,514,1887,775,102561.125,647,12153903,2501460,3755,8,-66,0,2,47,9,31217,41
2023-11-13T06:35:26Z,6,62,1929,728,102492.5,631,12153905,2501451,3335,8,-60,0,2,19,9,25776,36
2023-11-13T06:35:26Z,1,515,1881,777,102549.9218,644,12153903,2501460,3731,8,-61,0,2,71,10,31217,41
2023-11-13T06:35:27Z,6,63,1924,730,102495.6796,630,12153905,2501452,3328,8,-61,0,2,18,10,25776,36
2023-11-13T06:35:27Z,1,516,1878,778,102542.1718,647,12153903,2501460,3727,8,-55,0,2,87,9,31217,41
2023-11-13T06:35:28Z,6,64,1923,734,102494.039,618,12153905,2501452,3307,8,-61,0,2,50,10,25776,36
2023-11-13T06:35:28Z,1,517,1874,782,102539.1484,644,12153903,2501460,3729,8,-55,0,2,67,9,31217,41
2023-11-13T06:35:29Z,6,65,1922,736,102491.914,616,12153905,2501452,3290,8,-60,0,2,89,9,25776,36
2023-11-13T06:35:29Z,1,518,1872,787,102545.4609,647,12153903,2501460,3765,8,-62,0,2,72,9,31217,41
2023-11-13T06:35:30Z,6,66,1921,737,102491.9296,617,12153905,2501452,3287,8,-58,0,2,26,10,25776,36
2023-11-13T06:35:30Z,1,519,1869,789,102546.4843,646,12153903,2501460,3761,7,-58,0,2,91,9,31217,41
2023-11-13T06:35:31Z,6,67,1921,739,102495.7187,630,12153905,2501452,3280,8,-60,0,2,10,9,25776,36
2023-11-13T06:35:31Z,1,520,1866,793,102546.3828,647,12153903,2501460,3737,7,-57,0,2,129,10,31217,41
2023-11-13T06:35:32Z,6,68,1922,741,102496.375,631,12153906,2501452,3285,7,-57,0,2,12,9,25776,36
2023-11-13T06:35:32Z,1,521,1865,794,102547.5468,646,12153903,2501460,3723,7,-62,0,2,83,10,31217,41
2023-11-13T06:35:33Z,6,69,1922,742,102495.4296,629,12153906,2501452,3273,7,-58,0,2,31,10,25776,36
2023-11-13T06:35:33Z,1,522,1864,794,102547.8828,640,12153903,2501460,3695,7,-67,0,2,81,9,31217,41
2023-11-13T06:35:34Z,6,70,1924,744,102494.5937,628,12153906,2501452,3286,7,-58,0,2,18,9,25776,36
2023-11-13T06:35:34Z,1,523,1863,797,102546.0625,644,12153903,2501461,3604,7,-66,0,2,119,9,31217,41
2023-11-13T06:35:35Z,6,71,1925,741,102494.4687,629,12153906,2501452,3300,7,-58,0,2,23,10,25776,36
2023-11-13T06:35:35Z,1,524,1861,798,102549.8906,646,12153903,2501461,3583,7,-74,0,2,91,9,31217,41
2023-11-13T06:35:36Z,6,72,1928,737,102490.0156,629,12153906,2501452,3301,7,-59,0,2,80,9,25776,36
2023-11-13T06:35:36Z,1,525,1859,803,102548.9843,644,12153903,2501461,3548,7,-66,0,2,231,9,28444,41
2023-11-13T06:35:37Z,6,73,1929,733,102491.1875,628,12153906,2501452,3309,7,-59,0,2,37,9,25776,36
2023-11-13T06:35:37Z,1,526,1859,806,102556.9218,647,12153902,2501461,3526,7,-63,0,2,249,9,29521,41
2023-11-13T06:35:38Z,6,74,1930,731,102491.8359,615,12153906,2501451,3320,7,-63,0,2,57,9,25776,36
2023-11-13T06:35:38Z,1,527,1856,802,102548.7656,644,12153902,2501461,3490,7,-67,0,2,46,9,29521,41
2023-11-13T06:35:39Z,6,75,1931,730,102490.6796,628,12153906,2501451,3325,7,-61,0,2,73,9,25776,36
2023-11-13T06:35:39Z,1,528,1858,802,102550.8281,647,12153902,2501461,3475,7,-61,0,2,37,10,29521,41
2023-11-13T06:35:40Z,6,76,1932,728,102491.3281,627,12153906,2501451,3330,7,-54,0,2,54,9,25776,36
2023-11-13T06:35:40Z,1,529,1857,799,102546.7812,647,12153902,2501461,3437,7,-57,0,2,246,9,20037,41
2023-11-13T06:35:41Z,6,77,1933,726,102490.8906,627,12153906,2501451,3331,7,-51,0,2,22,9,25776,36
2023-11-13T06:35:41Z,1,530,1855,797,102559.7031,647,12153902,2501461,3445,8,-56,0,2,4,10,20037,41
2023-11-13T06:35:42Z,6,78,1932,725,102491.3906,628,12153906,2501451,3325,7,-60,0,2,41,9,25776,36
2023-11-13T06:35:42Z,1,531,1854,793,102558.625,647,12153902,2501461,3454,8,-58,0,2,92,9,20037,41
2023-11-13T06:35:43Z,6,79,1931,725,102491.7343,616,12153906,2501451,3313,7,-62,0,2,47,10,25776,36
2023-11-13T06:35:44Z,1,532,1851,792,102560.8281,646,12153902,2501461,3454,8,-52,0,2,72,10,20037,41
2023-11-13T06:35:44Z,6,80,1931,726,102494.2109,629,12153906,2501451,3301,7,-61,0,2,56,9,25776,36
2023-11-13T06:35:44Z,1,533,1853,793,102561.3125,646,12153902,2501461,3459,8,-55,0,2,48,9,20037,41
2023-11-13T06:35:45Z,6,81,1929,725,102490.9375,628,12153906,2501451,3307,8,-65,0,2,45,9,25776,36
2023-11-13T06:35:46Z,1,534,1849,792,102544.9531,647,12153902,2501461,3417,8,-55,0,2,250,9,20037,41
2023-11-13T06:35:46Z,6,82,1928,724,102498.8828,628,12153906,2501451,3329,8,-66,0,2,80,9,25776,36
2023-11-13T06:35:46Z,1,535,1846,793,102544.8828,644,12153902,2501462,3352,8,-58,0,2,171,9,20037,41
2023-11-13T06:35:47Z,6,83,1925,725,102496.25,627,12153906,2501451,3322,8,-70,0,2,174,9,21322,36
2023-11-13T06:35:47Z,1,536,1843,794,102540.9218,640,12153902,2501462,3248,8,-55,0,2,372,9,27375,41
2023-11-13T06:35:48Z,6,84,1923,726,102491.7734,628,12153906,2501451,3323,8,-74,0,2,59,9,21322,36
2023-11-13T06:35:48Z,1,537,1841,794,102537.6406,646,12153902,2501463,3121,8,-56,0,2,641,10,32630,41
2023-11-13T06:35:49Z,6,85,1920,729,102497.7343,627,12153906,2501451,3330,8,-71,0,2,53,9,21322,36
2023-11-13T06:35:49Z,1,538,1846,794,102543.7265,646,12153902,2501464,2946,8,-57,0,2,635,9,34000,41
2023-11-13T06:35:50Z,6,86,1917,732,102498.539,629,12153906,2501451,3345,8,-66,0,2,72,10,21322,36
2023-11-13T06:35:50Z,1,539,1848,794,102539.9531,640,12153902,2501464,2826,8,-56,0,2,217,9,34000,41
2023-11-13T06:35:51Z,6,87,1915,734,102497.7343,628,12153906,2501451,3362,8,-72,0,2,77,10,21322,36
2023-11-13T06:35:51Z,1,540,1851,793,102539.7812,640,12153902,2501463,2737,8,-57,0,2,237,9,34000,41
2023-11-13T06:35:52Z,6,88,1915,734,102497.5625,625,12153906,2501450,3389,8,-65,0,2,31,9,21322,36
2023-11-13T06:35:53Z,1,541,1854,793,102539.4843,646,12153902,2501463,2845,6,-58,0,2,92,9,34000,41
2023-11-13T06:35:53Z,6,89,1914,733,102495.8906,626,12153906,2501450,3409,8,-58,0,2,45,9,21322,36
2023-11-13T06:35:54Z,1,542,1857,792,102539.2656,646,12153902,2501463,2916,6,-58,0,2,111,10,34000,41
2023-11-13T06:35:54Z,6,90,1913,731,102497.4921,626,12153906,2501450,3444,8,-60,0,2,22,9,21322,36
2023-11-13T06:35:55Z,1,543,1860,791,102539.4531,646,12153902,2501462,2962,6,-61,0,2,11,9,34000,41
2023-11-13T06:35:55Z,6,91,1909,732,102492.3437,625,12153906,2501450,3431,8,-62,0,2,7,9,21322,36
2023-11-13T06:35:55Z,1,544,1860,790,102542.875,645,12153903,2501462,2959,6,-79,0,2,113,9,34000,41
2023-11-13T06:35:56Z,6,92,1908,732,102494.1875,626,12153906,2501450,3415,8,-63,0,2,7,9,21322,36
2023-11-13T06:35:56Z,1,545,1860,787,102542.7578,646,12153903,2501462,2947,8,-64,0,2,76,10,34000,41
2023-11-13T06:35:57Z,6,93,1906,732,102496.5,626,12153906,2501451,3391,8,-59,0,2,165,10,28717,36
2023-11-13T06:35:57Z,1,546,1860,786,102542.1484,646,12153903,2501462,2957,8,-65,0,2,35,9,34000,41
2023-11-13T06:35:58Z,6,94,1905,733,102496.6406,611,12153906,2501451,3405,8,-61,0,2,20,10,28717,36
2023-11-13T06:35:58Z,1,547,1858,786,102539.25,646,12153903,2501462,2939,8,-70,0,2,11,10,34000,41
2023-11-13T06:35:59Z,6,95,1905,733,102497.4843,614,12153906,2501451,3417,8,-60,0,2,32,10,28717,36
2023-11-13T06:35:59Z,1,548,1858,787,102540.25,646,12153903,2501462,2925,8,-73,0,2,42,9,34000,41
2023-11-13T06:36:00Z,6,96,1904,733,102502.4218,628,12153906,2501451,3402,8,-52,0,2,84,10,28717,36
2023-11-13T06:36:01Z,1,549,1858,787,102545.8125,646,12153903,2501462,2890,8,-60,0,2,10,9,34000,41
2023-11-13T06:36:01Z,6,97,1902,732,102499.125,614,12153906,2501451,3376,8,-51,0,2,37,9,28717,36
2023-11-13T06:36:01Z,1,550,1863,787,102540.4062,646,12153903,2501462,2877,8,-61,0,2,31,9,34000,41
2023-11-13T06:36:02Z,6,98,1900,732,102500.4531,628,12153905,2501451,3346,8,-49,0,2,14,12,28717,36
2023-11-13T06:36:02Z,1,551,1861,786,102539.7578,646,12153903,2501462,2857,8,-62,0,2,14,9,34000,41
2023-11-13T06:36:03Z,6,99,1900,732,102502.7656,626,12153905,2501452,3315,8,-57,0,2,176,10,30158,36
2023-11-13T06:36:03Z,1,552,1862,788,102540.1796,645,12153903,2501462,2857,8,-63,0,2,33,9,34000,41
2023-11-13T06:36:04Z,6,100,1898,733,102502.2734,627,12153905,2501452,3326,8,-52,0,2,53,10,30158,36
2023-11-13T06:36:04Z,1,553,1864,787,102537.1718,639,12153903,2501462,2878,8,-68,0,2,35,9,34000,41
2023-11-13T06:36:05Z,6,101,1898,734,102503.7812,627,12153905,2501452,3335,8,-50,0,2,76,10,30158,36
2023-11-13T06:36:05Z,1,554,1865,787,102538.2812,645,12153903,2501461,2950,8,-58,0,2,132,9,34000,41
2023-11-13T06:36:06Z,6,102,1898,736,102507.5781,627,12153905,2501452,3335,8,-50,0,2,13,9,30158,36
2023-11-13T06:36:06Z,1,555,1865,786,102541.8359,643,12153903,2501461,2927,8,-58,0,2,48,10,34000,41
2023-11-13T06:36:07Z,6,103,1898,737,102502.9375,627,12153905,2501452,3332,8,-49,0,2,13,9,30158,36
2023-11-13T06:36:07Z,1,556,1866,785,102543.3281,640,12153903,2501461,2933,8,-63,0,2,47,9,34000,41
2023-11-13T06:36:08Z,6,104,1899,738,102502.9687,627,12153905,2501452,3326,8,-50,0,2,5,9,30158,36
2023-11-13T06:36:08Z,1,557,1865,785,102540.1562,637,12153903,2501461,2907,8,-64,0,2,100,9,34000,41
2023-11-13T06:36:09Z,6,105,1900,738,102506.25,627,12153904,2501452,3322,8,-50,0,2,7,9,30158,36
2023-11-13T06:36:09Z,1,558,1865,785,102539.3281,645,12153903,2501460,2917,8,-64,0,2,80,10,34000,41
2023-11-13T06:36:10Z,6,106,1901,737,102502.625,627,12153904,2501452,3333,8,-50,0,2,10,9,30158,36
2023-11-13T06:36:10Z,1,559,1865,788,102540.5468,645,12153903,2501461,2865,8,-67,0,2,14,9,34000,41
2023-11-13T06:36:11Z,6,107,1901,735,102503.9531,628,12153904,2501452,3346,8,-50,0,2,6,10,30158,36
2023-11-13T06:36:11Z,1,560,1864,790,102541.9375,646,12153903,2501461,2821,8,-65,0,2,57,9,34000,41
2023-11-13T06:36:12Z,6,108,1903,734,102502.125,628,12153904,2501452,3352,8,-50,0,2,7,9,30158,36
2023-11-13T06:36:12Z,1,561,1865,793,102540.789,645,12153903,2501461,2819,8,-62,0,2,13,9,34000,41
2023-11-13T06:36:13Z,6,109,1904,738,102503.4531,628,12153904,2501452,3374,8,-50,0,2,23,9,30158,36
2023-11-13T06:36:14Z,1,562,1864,795,102541.7812,645,12153903,2501461,2797,8,-62,0,2,52,10,34000,41
2023-11-13T06:36:14Z,6,110,1905,738,102501.9921,628,12153904,2501453,3394,8,-51,0,2,13,9,30158,36
2023-11-13T06:36:15Z,1,563,1864,795,102539.4062,645,12153903,2501461,2840,8,-63,0,2,67,9,34000,41
2023-11-13T06:36:15Z,6,111,1906,739,102502,615,12153904,2501453,3410,8,-50,0,2,4,9,30158,36
2023-11-13T06:36:15Z,1,564,1866,797,102540.7968,645,12153903,2501461,2787,8,-61,0,2,53,9,34000,41
2023-11-13T06:36:16Z,6,112,1908,741,102506.2656,615,12153904,2501453,3418,8,-51,0,2,15,9,30158,36
2023-11-13T06:36:16Z,1,565,1866,798,102539.4062,646,12153903,2501461,2776,8,-66,0,2,91,9,34000,41
2023-11-13T06:36:17Z,6,113,1908,741,102504.625,628,12153904,2501453,3419,8,-50,0,2,24,9,30158,36
2023-11-13T06:36:17Z,1,566,1870,800,102542.1718,645,12153902,2501461,2740,8,-80,0,2,4,9,34000,41
2023-11-13T06:36:18Z,6,114,1913,741,102504.4531,615,12153904,2501453,3415,8,-50,0,2,62,9,30158,36
2023-11-13T06:36:18Z,1,567,1871,802,102545.7968,645,12153902,2501461,2707,8,-63,0,2,27,9,34000,41
2023-11-13T06:36:19Z,6,115,1915,740,102505.2812,628,12153904,2501453,3415,8,-51,0,2,38,9,30158,36
2023-11-13T06:36:19Z,1,568,1878,804,102543.0625,645,12153902,2501461,2736,8,-68,0,2,17,9,34000,41
2023-11-13T06:36:20Z,6,116,1917,738,102503.125,628,12153904,2501453,3392,8,-52,0,2,38,9,30158,36
2023-11-13T06:36:20Z,1,569,1881,807,102544.3281,645,12153902,2501461,2760,8,-68,0,2,77,9,34000,41
2023-11-13T06:36:21Z,6,117,1919,736,102503.4843,627,12153904,2501453,3388,8,-51,0,2,11,10,30158,36
2023-11-13T06:36:21Z,1,570,1879,801,102544.3203,639,12153902,2501461,2762,8,-70,0,2,40,10,34000,41
2023-11-13T06:36:22Z,6,118,1920,735,102502.4687,628,12153904,2501453,3388,8,-50,0,2,10,10,30158,36
2023-11-13T06:36:22Z,1,571,1884,799,102543.6406,645,12153902,2501462,2753,8,-73,0,2,61,9,34000,41
2023-11-13T06:36:23Z,6,119,1922,737,102501.8281,628,12153904,2501453,3375,8,-51,0,2,17,10,30158,36
2023-11-13T06:36:23Z,1,572,1885,798,102543.8359,645,12153902,2501461,2772,8,-71,0,2,46,9,34000,41
2023-11-13T06:36:24Z,6,120,1924,735,102503.6875,627,12153904,2501453,3359,8,-54,0,2,4,10,30158,36
2023-11-13T06:36:24Z,1,573,1886,796,102540.164,637,12153902,2501461,2795,8,-70,0,2,32,10,34000,41
2023-11-13T06:36:25Z,6,121,1923,732,102503.8281,628,12153904,2501453,3336,8,-52,0,2,15,10,30158,36
2023-11-13T06:36:25Z,1,574,1887,795,102543.0468,645,12153903,2501461,2798,8,-71,0,2,96,9,34000,41
2023-11-13T06:36:26Z,6,122,1924,730,102501.8437,627,12153904,2501453,3326,8,-54,0,2,16,9,30158,36
2023-11-13T06:36:26Z,1,575,1888,795,102544.3593,642,12153903,2501461,2793,8,-74,0,2,64,9,34000,41
2023-11-13T06:36:27Z,6,123,1924,729,102504.6718,628,12153904,2501453,3306,8,-52,0,2,20,10,30158,36
2023-11-13T06:36:27Z,1,576,1891,795,102541.25,645,12153903,2501461,2829,8,-67,0,2,123,9,34000,41
2023-11-13T06:36:28Z,6,124,1923,728,102501.875,627,12153904,2501453,3305,8,-52,0,2,9,10,30158,36
2023-11-13T06:36:28Z,1,577,1891,793,102545.914,643,12153903,2501461,2849,8,-66,0,2,250,9,34000,41
2023-11-13T06:36:29Z,6,125,1923,729,102502.6875,628,12153904,2501453,3295,8,-54,0,2,13,10,30158,36
2023-11-13T06:36:29Z,1,578,1891,794,102541.9687,645,12153903,2501460,2863,8,-68,0,2,19,9,34000,41
2023-11-13T06:36:30Z,6,126,1923,729,102502.8359,627,12153904,2501453,3294,8,-57,0,2,41,9,30158,36
2023-11-13T06:36:30Z,1,579,1892,795,102544.4062,645,12153903,2501460,2908,8,-72,0,2,58,9,34000,41
2023-11-13T06:36:31Z,6,127,1925,729,102504.6718,627,12153904,2501453,3292,8,-61,0,2,87,9,30158,36
2023-11-13T06:36:31Z,1,580,1891,797,102551.7656,644,12153903,2501461,2858,8,-72,0,2,20,10,34000,41
2023-11-13T06:36:32Z,6,128,1925,730,102503.5,627,12153904,2501454,3296,8,-56,0,2,41,9,30158,36
2023-11-13T06:36:32Z,1,581,1895,796,102547.1093,644,12153903,2501461,2885,8,-72,0,2,21,9,34000,41
2023-11-13T06:36:33Z,6,129,1927,729,102503.9921,626,12153904,2501454,3299,8,-55,0,2,16,9,30158,36
2023-11-13T06:36:33Z,1,582,1895,798,102547.7656,644,12153903,2501461,2881,8,-71,0,2,41,9,34000,41
2023-11-13T06:36:34Z,6,130,1924,728,102505.6406,627,12153904,2501454,3300,8,-57,0,2,0,10,30158,36
2023-11-13T06:36:34Z,1,583,1899,798,102545.6093,644,12153903,2501461,2860,8,-68,0,2,35,9,34000,41
2023-11-13T06:36:35Z,6,131,1927,727,102502.1796,628,12153904,2501454,3300,8,-52,0,2,3,9,30158,36
2023-11-13T06:36:36Z,1,584,1900,794,102545.6562,645,12153903,2501461,2838,8,-68,0,2,37,9,34000,41
2023-11-13T06:36:36Z,6,132,1924,726,102505.9687,627,12153904,2501454,3296,8,-52,0,2,7,9,30158,36
2023-11-13T06:36:36Z,1,585,1902,793,102546.0781,644,12153903,2501461,2842,8,-71,0,2,30,9,34000,41
2023-11-13T06:36:37Z,6,133,1924,726,102507.1406,614,12153904,2501454,3298,8,-51,0,2,10,9,30158,36
2023-11-13T06:36:37Z,1,586,1903,789,102544.0937,638,12153903,2501461,2841,8,-77,0,2,23,9,34000,41
2023-11-13T06:36:38Z,6,134,1923,726,102506.4921,626,12153904,2501454,3299,8,-50,0,2,9,9,30158,36
2023-11-13T06:36:38Z,1,587,1904,788,102549.7656,643,12153903,2501460,2851,8,-70,0,2,111,9,34000,41
2023-11-13T06:36:39Z,6,135,1921,728,102508.9687,627,12153904,2501454,3300,8,-52,0,2,4,10,30158,36
2023-11-13T06:36:39Z,1,588,1905,786,102549.0312,644,12153903,2501460,2860,8,-68,0,2,47,10,34000,41
2023-11-13T06:36:40Z,6,136,1921,731,102508.4687,614,12153903,2501454,3301,8,-50,0,2,3,9,30158,36
2023-11-13T06:36:40Z,1,589,1905,784,102549.2187,645,12153903,2501460,2879,8,-70,0,2,10,10,34000,41
2023-11-13T06:36:41Z,6,137,1921,732,102510.7968,614,12153903,2501454,3305,8,-51,0,2,16,9,30158,36
2023-11-13T06:36:41Z,1,590,1905,784,102551.0937,645,12153904,2501460,2900,8,-70,0,2,4,9,34000,41
2023-11-13T06:36:42Z,6,138,1920,732,102512.6015,614,12153903,2501454,3311,8,-52,0,2,30,10,30158,36
2023-11-13T06:36:42Z,1,591,1905,784,102553.5937,644,12153904,2501460,2930,8,-70,0,2,17,10,34000,41
2023-11-13T06:36:43Z,6,139,1919,732,102508.6562,627,12153903,2501454,3304,8,-56,0,2,63,9,30158,36
2023-11-13T06:36:43Z,1,592,1904,783,102551.1093,644,12153904,2501460,2943,8,-73,0,2,25,9,34000,41
2023-11-13T06:36:44Z,6,140,1918,735,102513.0937,627,12153903,2501454,3302,8,-54,0,2,40,9,30158,36
2023-11-13T06:36:44Z,1,593,1905,785,102552.3906,642,12153904,2501460,2968,7,-71,0,2,36,9,34000,41
2023-11-13T06:36:45Z,6,141,1918,736,102510.7734,627,12153903,2501454,3289,8,-61,0,2,8,10,30158,36
2023-11-13T06:36:45Z,1,594,1903,788,102553.0625,645,12153904,2501460,2999,7,-67,0,2,34,9,34000,41
2023-11-13T06:36:46Z,6,142,1918,738,102510.625,626,12153903,2501454,3274,8,-67,0,2,51,9,30158,36
2023-11-13T06:36:46Z,1,595,1903,789,102545.2343,635,12153904,2501460,2997,7,-68,0,2,22,9,34000,41
2023-11-13T06:36:47Z,6,143,1920,741,102505.8281,626,12153903,2501454,3271,8,-51,0,2,89,9,30158,36
2023-11-13T06:36:47Z,1,596,1904,799,102546.7968,644,12153904,2501460,3005,8,-77,0,2,79,9,34000,41
2023-11-13T06:36:48Z,6,144,1920,742,102509.1093,626,12153903,2501454,3257,8,-52,0,2,32,9,30158,36
2023-11-13T06:36:48Z,1,597,1907,801,102546.5078,644,12153904,2501460,3065,8,-72,0,2,32,9,34000,41
2023-11-13T06:36:49Z,6,145,1921,743,102506.6718,626,12153903,2501454,3251,8,-52,0,2,31,10,30158,36
2023-11-13T06:36:49Z,1,598,1907,798,102551.0468,644,12153904,2501460,3076,8,-64,0,2,61,9,34000,41
2023-11-13T06:36:50Z,6,146,1923,743,102505.9687,626,12153903,2501454,3244,8,-55,0,2,39,9,30158,36
2023-11-13T06:36:50Z,1,599,1907,795,102564.1562,637,12153904,2501460,3030,8,-65,0,2,72,9,34000,41
2023-11-13T06:36:51Z,6,147,1925,741,102511.4375,626,12153903,2501454,3223,8,-56,0,2,23,9,30158,36
2023-11-13T06:36:51Z,1,600,1906,792,102561.5703,638,12153904,2501461,2992,8,-67,0,2,44,10,34000,41
2023-11-13T06:36:52Z,6,148,1927,739,102512.9453,625,12153903,2501454,3208,8,-59,0,2,39,9,30158,36
2023-11-13T06:36:52Z,1,601,1906,795,102555.1171,642,12153904,2501461,2982,8,-67,0,2,30,9,34000,41
2023-11-13T06:36:53Z,6,149,1927,737,102511.6015,625,12153903,2501454,3251,8,-54,0,2,34,9,30158,36
2023-11-13T06:36:53Z,1,602,1906,796,102554.7656,638,12153904,2501461,2985,8,-80,0,2,31,9,34000,41
2023-11-13T06:36:54Z,6,150,1925,737,102509.7812,626,12153903,2501454,3273,8,-54,0,2,34,9,30158,36
2023-11-13T06:36:54Z,1,603,1908,796,102550.2421,642,12153904,2501461,3002,8,-77,0,2,28,9,34000,41
2023-11-13T06:36:55Z,6,151,1925,739,102504.3359,626,12153903,2501454,3277,8,-51,0,2,12,10,30158,36
2023-11-13T06:36:55Z,1,604,1913,795,102544.8125,644,12153904,2501461,3026,8,-77,0,2,21,9,34000,41
2023-11-13T06:36:56Z,6,152,1925,742,102494.9062,624,12153903,2501455,3290,8,-67,0,2,151,9,30158,36
2023-11-13T06:36:56Z,1,605,1915,793,102547.2656,644,12153904,2501461,3023,8,-72,0,2,18,9,34000,41
2023-11-13T06:36:57Z,6,153,1922,737,102446.9453,633,12153902,2501456,3376,8,-66,0,2,1015,9,31075,36
2023-11-13T06:36:57Z,1,606,1920,792,102545.7109,642,12153904,2501461,3026,8,-73,0,2,18,10,34000,41
2023-11-13T06:36:58Z,6,154,1916,734,102391.5468,634,12153899,2501456,3434,8,-61,0,2,1269,9,28209,36
2023-11-13T06:36:58Z,1,607,1925,791,102543.5859,643,12153904,2501461,3045,8,-71,0,2,86,9,34000,41
2023-11-13T06:36:59Z,6,155,1905,733,102345.4531,633,12153899,2501456,3527,8,-71,0,2,586,9,25627,36
2023-11-13T06:36:59Z,1,608,1930,793,102548.2343,641,12153904,2501461,3054,8,-71,0,2,25,10,34000,41
2023-11-13T06:37:00Z,6,156,1895,732,102263.5156,633,12153899,2501456,3958,8,-73,0,2,590,9,22766,36
2023-11-13T06:37:00Z,1,609,1935,794,102546.9687,644,12153904,2501460,3075,8,-71,0,2,23,9,34000,41
2023-11-13T06:37:01Z,1,610,1940,795,102545.9453,643,12153905,2501460,3078,8,-71,0,2,24,9,34000,41
2023-11-13T06:37:02Z,1,611,1946,794,102548.9843,643,12153905,2501460,3079,7,-71,0,2,40,9,34000,41
2023-11-13T06:37:03Z,1,612,1949,789,102539.7187,643,12153905,2501460,3091,7,-73,0,2,9,9,34000,41
2023-11-13T06:37:04Z,1,613,1952,785,102546.9843,637,12153905,2501460,3095,7,-73,0,2,44,9,34000,41
2023-11-13T06:37:05Z,1,614,1955,782,102545.625,641,12153905,2501460,3110,7,-70,0,2,16,10,34000,41
2023-11-13T06:37:06Z,1,615,1957,781,102544.2812,643,12153906,2501460,3131,7,-75,0,2,22,9,34000,41
2023-11-13T06:37:07Z,1,616,1960,775,102541.4218,644,12153906,2501460,3130,7,-75,0,2,18,10,34000,41
2023-11-13T06:37:08Z,1,617,1964,772,102543.2968,644,12153906,2501460,3125,7,-75,0,2,41,10,34000,41
2023-11-13T06:37:09Z,1,618,1967,772,102540.9375,643,12153906,2501460,3112,7,-75,0,2,25,9,34000,41
2023-11-13T06:37:10Z,1,619,1970,774,102541.0781,640,12153906,2501460,3111,7,-73,0,2,58,9,34000,41
2023-11-13T06:37:11Z,1,620,1972,775,102542.2812,642,12153906,2501460,3115,7,-72,0,2,30,9,34000,41
2023-11-13T06:37:12Z,1,621,1973,770,102541.3125,637,12153906,2501460,3138,7,-72,0,2,40,9,34000,41
2023-11-13T06:37:13Z,1,622,1972,766,102541.9843,643,12153906,2501460,3141,7,-74,0,2,29,9,34000,41
2023-11-13T06:37:14Z,1,623,1968,763,102542.6093,634,12153906,2501460,3149,7,-72,0,2,53,10,34000,41
2023-11-13T06:37:15Z,1,624,1966,759,102544.6093,643,12153906,2501460,3160,7,-72,0,2,39,9,34000,41
2023-11-13T06:37:16Z,1,625,1963,757,102542.2656,642,12153906,2501460,3165,8,-89,0,2,38,9,34000,41
2023-11-13T06:37:17Z,1,626,1960,757,102543.7968,643,12153906,2501460,3174,8,-83,0,2,55,9,34000,41
2023-11-13T06:37:18Z,1,627,1957,755,102538.0937,643,12153906,2501460,3176,8,-80,0,2,13,9,34000,41
2023-11-13T06:37:19Z,1,628,1950,755,102546.7812,643,12153906,2501460,3200,8,-78,0,2,104,9,34000,41
2023-11-13T06:37:20Z,1,629,1945,756,102544.75,643,12153906,2501460,3203,8,-80,0,2,41,9,34000,41
2023-11-13T06:37:21Z,1,630,1938,764,102543.125,643,12153906,2501460,3195,8,-81,0,2,56,12,34000,41
2023-11-13T06:37:22Z,1,631,1933,775,102544.75,642,12153906,2501460,3178,8,-78,0,2,77,9,34000,41
2023-11-13T06:37:23Z,1,632,1929,786,102545.4843,643,12153906,2501460,3178,8,-75,0,2,88,9,34000,41
2023-11-13T06:37:24Z,1,633,1925,788,102545.4062,642,12153907,2501459,3197,8,-76,0,2,39,9,34000,41
2023-11-13T06:37:25Z,1,634,1924,792,102546.5156,642,12153907,2501459,3207,8,-74,0,2,53,9,34000,41
2023-11-13T06:37:26Z,1,635,1924,795,102544.0468,643,12153907,2501459,3220,8,-64,0,2,10,10,34000,41
2023-11-13T06:37:27Z,1,636,1923,797,102542.6171,642,12153906,2501459,3225,8,-62,0,2,16,9,34000,41
2023-11-13T06:37:28Z,1,637,1924,795,102541.2109,642,12153907,2501459,3234,8,-63,0,2,12,10,34000,41
2023-11-13T06:37:29Z,1,638,1927,792,102546.539,636,12153907,2501459,3232,8,-63,0,2,10,10,34000,41
2023-11-13T06:37:30Z,1,639,1927,788,102545.4687,636,12153907,2501459,3236,8,-63,0,2,7,10,34000,41
2023-11-13T06:37:31Z,1,640,1929,786,102543.9843,637,12153907,2501459,3223,8,-64,0,2,16,10,34000,41
2023-11-13T06:37:32Z,1,641,1930,783,102540.7812,643,12153907,2501459,3229,8,-63,0,2,21,9,34000,41
2023-11-13T06:37:33Z,1,642,1932,781,102544.8125,642,12153907,2501459,3233,7,-65,0,2,51,9,34000,41
2023-11-13T06:37:35Z,1,643,1933,779,102541.875,643,12153907,2501459,3240,7,-66,0,2,39,9,34000,41
2023-11-13T06:37:35Z,1,644,1935,777,102542.9062,642,12153906,2501460,3235,7,-66,0,2,24,9,34000,41
2023-11-13T06:37:36Z,1,645,1935,776,102545.0625,642,12153906,2501459,3244,7,-66,0,2,7,10,34000,41
2023-11-13T06:37:37Z,1,646,1937,774,102544.9218,642,12153906,2501460,3242,7,-73,0,2,19,9,34000,41
2023-11-13T06:37:39Z,1,647,1938,771,102545.2656,642,12153906,2501459,3252,7,-73,0,2,31,9,34000,41
2023-11-13T06:37:39Z,1,648,1940,770,102539.8671,639,12153906,2501459,3263,7,-71,0,2,22,9,34000,41
2023-11-13T06:37:40Z,1,649,1942,767,102541.5937,642,12153906,2501459,3258,8,-70,0,2,29,10,34000,41
2023-11-13T06:37:42Z,1,650,1944,765,102540.0468,642,12153906,2501459,3270,8,-67,0,2,13,9,34000,41
2023-11-13T06:37:42Z,1,651,1947,764,102537.2812,642,12153906,2501459,3277,8,-77,0,2,65,9,34000,41
2023-11-13T06:37:43Z,1,652,1947,761,102540.414,633,12153906,2501459,3284,8,-79,0,2,27,9,34000,41
2023-11-13T06:37:44Z,1,653,1950,761,102547.1015,642,12153906,2501459,3287,8,-80,0,2,106,10,34000,41
2023-11-13T06:37:45Z,1,654,1953,761,102541.6406,639,12153906,2501459,3298,8,-77,0,2,56,9,34000,41
2023-11-13T06:37:46Z,1,655,1953,761,102545.4062,641,12153906,2501459,3301,8,-86,0,2,21,10,34000,41
2023-11-13T06:37:47Z,1,656,1955,763,102546.8437,642,12153906,2501459,3291,8,-73,0,2,71,9,34000,41
2023-11-13T06:37:48Z,1,657,1957,763,102544.1953,641,12153906,2501459,3309,7,-87,0,2,66,9,34000,41
2023-11-13T06:37:50Z,1,658,1955,762,102543.7968,641,12153906,2501459,3341,7,-79,0,2,222,9,30898,41
2023-11-13T06:37:50Z,1,659,1954,761,102542.6406,641,12153906,2501459,3321,7,-81,0,2,35,9,30898,41
2023-11-13T06:37:51Z,1,660,1949,757,102541.2031,641,12153906,2501459,3330,6,-68,0,2,67,10,30898,41
2023-11-13T06:37:52Z,1,661,1944,751,102543.5078,641,12153906,2501459,3279,7,-65,0,2,101,9,30898,41
2023-11-13T06:37:53Z,1,662,1940,749,102542.4531,641,12153906,2501459,3268,8,-66,0,2,142,10,30898,41
2023-11-13T06:37:54Z,1,663,1940,749,102540.6406,641,12153906,2501460,3227,8,-70,0,2,44,9,30898,41
2023-11-13T06:37:55Z,1,664,1939,751,102536.875,642,12153906,2501460,3227,8,-70,0,2,40,10,30898,41
2023-11-13T06:37:56Z,1,665,1942,758,102534.9687,641,12153906,2501460,3216,7,-75,0,2,79,10,30898,41
2023-11-13T06:37:57Z,1,666,1943,763,102540.1093,640,12153906,2501460,3219,7,-73,0,2,96,10,30898,41
2023-11-13T06:37:58Z,1,667,1944,765,102539.2187,640,12153906,2501459,3227,7,-74,0,2,76,9,30898,41
2023-11-13T06:37:59Z,1,668,1943,766,102539.7343,635,12153906,2501459,3233,7,-74,0,2,38,10,30898,41
2023-11-13T06:38:00Z,1,669,1945,769,102540.7343,634,12153906,2501459,3221,7,-75,0,2,40,10,30898,41
2023-11-13T06:38:01Z,1,670,1945,769,102542.5,641,12153906,2501459,3208,7,-74,0,2,138,10,30898,41
2023-11-13T06:38:03Z,1,671,1942,767,102547.4531,641,12153906,2501460,3198,7,-79,0,2,219,9,32562,41
2023-11-13T06:38:04Z,1,672,1938,767,102540.0468,632,12153906,2501459,3224,8,-71,0,2,211,10,33984,41
2023-11-13T06:38:04Z,1,673,1934,768,102543.5937,641,12153906,2501459,3247,8,-90,0,2,97,8,33984,41
2023-11-13T06:38:05Z,1,674,1933,767,102544.3671,640,12153906,2501459,3213,8,-70,0,2,88,10,33984,41
2023-11-13T06:38:07Z,1,675,1934,764,102545.0937,641,12153906,2501460,3187,8,-68,0,2,121,9,33984,41
2023-11-13T06:38:08Z,1,676,1935,763,102547.0312,639,12153906,2501460,3163,8,-72,0,2,23,9,33984,41
2023-11-13T06:38:08Z,1,677,1933,761,102544.4062,641,12153906,2501460,3135,8,-70,0,2,31,9,33984,41
2023-11-13T06:38:09Z,1,678,1932,757,102543.2187,638,12153906,2501460,3161,8,-59,0,2,15,9,33984,41
2023-11-13T06:38:10Z,1,679,1925,759,102543.375,640,12153906,2501460,3196,8,-62,0,2,13,9,33984,41
2023-11-13T06:38:11Z,1,680,1922,764,102543.9375,639,12153906,2501460,3195,8,-64,0,2,48,9,33984,41
2023-11-13T06:38:12Z,1,681,1921,770,102544.4375,640,12153906,2501460,3180,8,-65,0,2,23,9,33984,41
2023-11-13T06:38:13Z,1,682,1918,772,102544.1484,638,12153906,2501460,3168,8,-67,0,2,43,9,33984,41
2023-11-13T06:38:14Z,1,683,1914,770,102544.2031,640,12153906,2501460,3141,8,-68,0,2,37,9,33984,41
2023-11-13T06:38:15Z,1,684,1908,768,102540.8515,638,12153906,2501460,3131,8,-68,0,2,30,9,33984,41
2023-11-13T06:38:16Z,1,685,1903,767,102540.8281,633,12153906,2501460,3145,8,-73,0,2,83,10,33984,41
2023-11-13T06:38:17Z,1,686,1899,769,102538.375,633,12153906,2501460,3121,8,-67,0,2,66,9,33984,41
2023-11-13T06:38:18Z,1,687,1898,770,102539.7187,640,12153906,2501460,3119,8,-89,0,2,53,9,33984,41
2023-11-13T06:38:19Z,1,688,1896,776,102540.0312,640,12153906,2501460,3161,8,-72,0,2,43,9,33984,41
2023-11-13T06:38:20Z,1,689,1894,776,102539.3593,638,12153905,2501461,3141,8,-77,0,2,189,9,33993,41
2023-11-13T06:38:22Z,1,690,1892,778,102553.0312,640,12153905,2501461,3136,8,-77,0,2,250,9,3874,41
2023-11-13T06:38:22Z,1,691,1891,781,102548.0468,641,12153906,2501462,3119,8,-55,0,2,240,10,3874,41
2023-11-13T06:38:23Z,1,692,1889,781,102536.8906,641,12153906,2501462,3128,8,-62,0,2,57,9,3874,41
2023-11-13T06:38:24Z,1,693,1889,783,102527.5625,634,12153906,2501462,3151,8,-77,0,2,159,9,3874,41
2023-11-13T06:38:25Z,1,694,1889,783,102529.8125,633,12153905,2501462,3168,8,-88,0,2,535,9,3874,41
2023-11-13T06:38:26Z,1,695,1894,791,102534.0781,640,12153906,2501462,3262,8,-79,0,2,313,11,3874,41
2023-11-13T06:38:35Z,6,84,1463,826,97814.7187,630,12153296,2501270,43986,8,-99,0,2,3949,7,26185,36
2023-11-13T06:38:36Z,6,85,1461,827,97759.0312,630,12153286,2501267,44286,8,-95,0,2,4284,9,24889,36
2023-11-13T06:38:37Z,6,86,1459,828,97737.9531,631,12153277,2501263,44629,8,-97,0,2,3275,8,23974,36
2023-11-13T06:38:38Z,6,87,1455,830,97675.4453,620,12153270,2501260,45115,8,-97,0,2,2982,9,25700,36
2023-11-13T06:38:39Z,6,88,1451,832,97650.914,620,12153259,2501257,45485,8,-91,0,2,5123,9,24890,36
2023-11-13T06:38:40Z,6,89,1448,833,97594.875,629,12153249,2501251,45849,8,-99,0,2,4083,7,22699,36
2023-11-13T06:38:41Z,6,90,1446,834,97551.2968,631,12153241,2501247,46002,8,-99,0,2,3433,7,25780,36
2023-11-13T06:38:42Z,6,91,1443,836,97529.1718,630,12153232,2501245,46177,8,-100,0,2,3457,8,25141,36
2023-11-13T06:38:43Z,6,92,1440,836,97497.1328,630,12153222,2501240,46419,8,-106,0,2,4972,3,24172,36
2023-11-13T06:38:44Z,6,93,1435,835,97450.5156,629,12153208,2501236,46652,8,-95,0,2,5263,8,25651,36
2023-11-13T06:38:45Z,6,94,1432,836,97407.7343,629,12153198,2501231,47005,8,-93,0,2,4015,9,22629,36
2023-11-13T06:38:46Z,6,95,1430,837,97402.0625,629,12153191,2501225,47430,8,-91,0,2,3090,10,23685,36
2023-11-13T06:38:47Z,6,96,1427,837,97362.2656,629,12153183,2501224,47710,8,-97,0,2,3519,7,27346,36
2023-11-13T06:38:48Z,6,97,1425,837,97339.0078,629,12153171,2501222,47833,8,-95,0,2,5116,8,25013,36
2023-11-13T06:38:49Z,6,98,1425,837,97305.6171,630,12153160,2501217,48073,8,-94,0,2,4144,9,24280,36
2023-11-13T06:38:50Z,6,99,1422,838,97275.3125,629,12153151,2501212,48318,8,-109,0,2,3390,1,23986,36
2023-11-13T06:38:51Z,6,100,1419,839,97263.625,628,12153141,2501208,48558,8,-97,0,2,4977,8,24567,36
2023-11-13T06:38:52Z,6,101,1417,840,97216.5625,629,12153129,2501204,48883,8,-111,0,2,4609,-1,25827,36
2023-11-13T06:38:54Z,6,103,1412,842,97164.6718,628,12153111,2501195,49289,8,-95,0,2,4338,9,24889,36
2023-11-13T06:38:55Z,6,104,1411,843,97097.0156,631,12153098,2501191,49725,8,-106,0,2,5155,1,25200,36
2023-11-13T06:38:56Z,6,105,1409,844,97051.914,630,12153088,2501186,50091,8,-100,0,2,4136,7,23513,36
2023-11-13T06:38:57Z,6,106,1404,843,97023.7265,630,12153076,2501183,50378,8,-103,0,2,4659,5,26847,36
2023-11-13T06:38:58Z,6,107,1402,844,96956.7968,630,12153065,2501181,50846,8,-90,0,2,3924,9,25057,36
2023-11-13T06:38:59Z,6,108,1398,844,96913.1093,620,12153057,2501175,51254,8,-95,0,2,3983,9,22488,36
2023-11-13T06:39:00Z,6,109,1396,844,96875.8437,619,12153047,2501171,51419,8,-105,0,2,4042,4,25234,36
2023-11-13T06:39:01Z,6,110,1392,845,96835.7109,629,12153037,2501167,51710,8,-96,0,2,4195,10,24356,36
2023-11-13T06:39:02Z,6,111,1392,846,96803.1171,620,12153027,2501162,52028,8,-96,0,2,4003,8,24576,36
2023-11-13T06:39:03Z,6,112,1390,846,96777.2265,629,12153015,2501159,52244,8,-98,0,2,4896,8,25348,36
2023-11-13T06:39:04Z,6,113,1388,847,96728.0078,628,12153005,2501155,52490,8,-96,0,2,3387,9,24235,36
2023-11-13T06:39:05Z,6,114,1385,848,96670.6484,628,12152995,2501151,52766,8,-93,0,2,4525,8,24824,36
2023-11-13T06:39:06Z,6,115,1381,850,96642.0937,629,12152985,2501145,53341,8,-97,0,2,4285,8,23464,36
2023-11-13T06:39:07Z,6,116,1380,851,96576.0703,628,12152977,2501141,53706,8,-98,0,2,2921,8,23860,36
2023-11-13T06:39:08Z,6,117,1375,852,96524.8906,628,12152968,2501135,54032,8,-97,0,2,4802,8,23780,36
2023-11-13T06:39:09Z,6,118,1371,853,96506.375,628,12152956,2501131,54561,8,-100,0,2,4856,7,25283,36
2023-11-13T06:39:10Z,6,119,1367,854,96464.039,628,12152947,2501125,54988,8,-105,0,2,3591,4,22099,36
2023-11-13T06:39:12Z,6,121,1360,855,96377.3906,628,12152927,2501111,55631,8,-106,0,2,4322,6,24812,36
2023-11-13T06:39:13Z,6,122,1360,856,96326.3437,627,12152917,2501108,56023,8,-103,0,2,3477,5,25243,36
2023-11-13T06:39:14Z,6,123,1358,855,96286.0156,627,12152905,2501103,56296,8,-98,0,2,5285,8,24363,36
2023-11-13T06:39:15Z,6,124,1356,854,96259.3828,628,12152894,2501096,56538,8,-115,0,2,4829,-2,23025,36
2023-11-13T06:39:16Z,6,125,1353,855,96220.6093,627,12152884,2501091,56763,8,-106,0,2,4098,3,25332,36
2023-11-13T06:39:17Z,6,126,1351,853,96198.125,627,12152873,2501087,57061,8,-98,0,2,4131,8,24265,36
2023-11-13T06:39:18Z,6,127,1348,852,96162.7109,627,12152862,2501082,57402,8,-102,0,2,4832,7,24118,36
2023-11-13T06:39:19Z,6,128,1347,853,96132.9296,627,12152851,2501076,57749,8,-112,0,2,4692,0,24074,36
2023-11-13T06:39:20Z,6,129,1346,854,96084.7812,626,12152841,2501072,58074,8,-109,0,2,3612,1,24628,36
2023-11-13T06:39:21Z,6,130,1343,853,96051.4609,618,12152830,2501068,58418,8,-105,0,2,4910,6,25496,36
2023-11-13T06:39:22Z,6,131,1341,853,96014.9843,618,12152818,2501063,58668,8,-106,0,2,4858,4,23471,36
2023-11-13T06:39:23Z,6,132,1340,855,95963.1093,627,12152807,2501057,58981,8,-99,0,2,4196,8,24670,36
2023-11-13T06:39:24Z,6,133,1338,857,95948.7265,627,12152797,2501052,59368,8,-102,0,2,4582,6,23955,36
2023-11-13T06:39:25Z,6,134,1333,856,95905.5078,627,12152785,2501045,59681,8,-98,0,2,5322,8,23078,36
2023-11-13T06:39:26Z,6,135,1332,859,95861.8593,627,12152774,2501038,59951,8,-95,0,2,4545,9,24341,36
2023-11-13T06:39:27Z,6,136,1330,861,95838.3593,627,12152764,2501036,60251,8,-100,0,2,3736,8,26576,36
2023-11-13T06:39:28Z,6,137,1327,863,95803.125,627,12152752,2501032,60479,8,-98,0,2,5218,8,24065,36
2023-11-13T06:39:29Z,6,138,1325,864,95787.2734,626,12152740,2501025,60834,8,-110,0,2,5322,0,23737,36
2023-11-13T06:39:30Z,6,139,1322,864,95754.3984,626,12152727,2501019,61078,8,-104,0,2,4870,6,24961,36
2023-11-13T06:39:31Z,6,140,1319,863,95721.25,626,12152716,2501014,61314,8,-102,0,2,4451,6,23868,36
2023-11-13T06:39:32Z,6,141,1318,862,95696.4453,627,12152706,2501009,61550,8,-104,0,2,3892,7,24410,36
2023-11-13T06:39:33Z,6,142,1316,862,95667.0781,626,12152693,2501004,61754,8,-107,0,2,5759,4,24748,36
2023-11-13T06:39:34Z,6,143,1314,862,95627.1562,628,12152681,2500999,62118,8,-97,0,2,4641,8,24468,36
2023-11-13T06:39:35Z,6,144,1313,861,95594.7656,628,12152671,2500994,62429,8,-104,0,2,3976,3,23863,36
2023-11-13T06:39:36Z,6,145,1312,861,95566.75,628,12152659,2500988,62658,8,-108,0,2,5362,1,24095,36
2023-11-13T06:39:37Z,6,146,1309,861,95538.0781,628,12152646,2500983,62882,8,-107,0,2,4804,2,25379,36
2023-11-13T06:39:38Z,6,147,1308,861,95498.2421,618,12152634,2500978,63169,8,-113,0,2,4835,-2,23644,36
2023-11-13T06:39:40Z,6,149,1302,862,95451.1562,627,12152611,2500968,63804,8,-107,0,2,4754,2,25580,36
2023-11-13T06:39:41Z,6,150,1301,862,95416.8125,627,12152598,2500963,64090,8,-107,0,2,5215,1,24455,36
2023-11-13T06:39:42Z,6,151,1300,862,95380.125,627,12152588,2500957,64347,8,-116,0,2,4050,-3,23430,36
2023-11-13T06:39:43Z,6,152,1299,863,95350.6953,627,12152577,2500951,64581,8,-106,0,2,4801,2,24119,36
2023-11-13T06:39:44Z,6,153,1296,863,95323.2968,627,12152566,2500947,64823,8,-103,0,2,4535,5,24880,36
2023-11-13T06:39:45Z,6,154,1295,864,95286.3125,627,12152553,2500942,65104,8,-104,0,2,5186,6,24372,36
2023-11-13T06:39:46Z,6,155,1293,864,95249.8593,627,12152542,2500936,65441,8,-105,0,2,4271,4,23947,36
2023-11-13T06:39:47Z,6,156,1289,865,95234.4375,626,12152532,2500931,65801,8,-105,0,2,4360,6,24588,36
2023-11-13T06:39:48Z,6,157,1288,866,95188.4375,627,12152519,2500926,66098,8,-105,0,2,5205,4,24809,36
2023-11-13T06:39:49Z,6,158,1286,866,95157.8437,626,12152508,2500921,66324,8,-100,0,2,4249,5,24189,36
2023-11-13T06:39:50Z,6,159,1284,867,95124.8906,626,12152497,2500916,66567,8,-104,0,2,4940,3,24071,36
2023-11-13T06:39:51Z,6,160,1282,868,95087.6875,627,12152486,2500911,66894,8,-102,0,2,4194,7,24706,36
2023-11-13T06:39:52Z,6,161,1280,869,95055.2031,626,12152474,2500906,67162,8,-102,0,2,4772,6,24008,36
2023-11-13T06:39:53Z,6,162,1277,870,95024.2031,626,12152463,2500900,67467,8,-103,0,2,4439,6,24248,36
2023-11-13T06:39:54Z,6,163,1274,871,94991.6875,617,12152452,2500895,67788,8,-104,0,2,4576,4,24725,36
2023-11-13T06:39:55Z,6,164,1273,871,94947.9843,625,12152440,2500890,68086,8,-99,0,2,5168,7,24212,36
2023-11-13T06:39:56Z,6,165,1270,872,94915.8437,626,12152429,2500885,68344,8,-102,0,2,3785,7,24132,36
2023-11-13T06:39:57Z,6,166,1269,873,94884.0859,627,12152418,2500880,68591,8,-114,0,2,4787,-2,24562,36
2023-11-13T06:39:58Z,6,167,1267,874,94861.7031,626,12152406,2500875,68842,8,-107,0,2,4979,0,24483,36
2023-11-13T06:39:59Z,6,168,1265,874,94829.6718,626,12152394,2500869,69174,8,-105,0,2,5001,4,24278,36
2023-11-13T06:40:00Z,6,169,1263,875,94789.0468,626,12152382,2500864,69472,8,-107,0,2,4624,1,24298,36
2023-11-13T06:40:01Z,6,170,1259,876,94764.4375,625,12152371,2500859,69778,8,-105,0,2,4246,4,24329,36
2023-11-13T06:40:02Z,6,171,1257,876,94724.4609,625,12152360,2500853,70076,8,-106,0,2,5145,3,24264,36
2023-11-13T06:40:03Z,6,172,1254,877,94693.0468,626,12152349,2500848,70341,8,-104,0,2,4264,5,24069,36
2023-11-13T06:40:04Z,6,173,1252,878,94659.7031,625,12152337,2500842,70702,8,-107,0,2,4913,2,23971,36
2023-11-13T06:40:05Z,6,174,1248,878,94630.0625,625,12152326,2500836,71050,8,-107,0,2,4659,3,24135,36
2023-11-13T06:40:06Z,6,175,1247,879,94602.1093,626,12152314,2500831,71382,8,-103,0,2,4713,6,24588,36
2023-11-13T06:40:07Z,6,176,1243,881,94564.9375,626,12152302,2500826,71691,8,-108,0,2,4993,0,24455,36
2023-11-13T06:40:08Z,6,177,1241,881,94524.4609,625,12152291,2500821,71979,8,-104,0,2,4067,5,24223,36
2023-11-13T06:40:09Z,6,178,1240,882,94483.3984,626,12152279,2500815,72244,8,-108,0,2,5405,2,24129,36
2023-11-13T06:40:10Z,6,179,1236,883,94449.7343,625,12152268,2500809,72553,8,-107,0,2,4519,3,23845,36
2023-11-13T06:40:11Z,6,180,1234,885,94419.5625,626,12152258,2500805,72842,8,-113,0,2,3853,-1,24920,36
2023-11-13T06:40:12Z,6,181,1229,886,94388.1796,625,12152245,2500800,73140,8,-109,0,2,5640,3,24880,36
2023-11-13T06:40:13Z,6,182,1227,887,94357.3203,625,12152233,2500794,73404,8,-116,0,2,4749,-2,23077,36
2023-11-13T06:40:14Z,6,183,1224,889,94340.75,625,12152222,2500788,73812,8,-119,0,2,4506,-3,24651,36
2023-11-13T06:40:15Z,6,184,1222,890,94297.9765,625,12152210,2500784,74118,8,-107,0,2,4750,2,25346,36
2023-11-13T06:40:16Z,6,185,1219,890,94260.0937,625,12152199,2500779,74413,8,-108,0,2,4653,4,23892,36
2023-11-13T06:40:17Z,6,186,1215,890,94228.2265,625,12152186,2500773,74723,8,-111,0,2,5636,2,24050,36
2023-11-13T06:40:19Z,6,188,1211,891,94162.9765,625,12152164,2500762,75340,8,-117,0,2,4650,-1,24111,36
2023-11-13T06:40:20Z,6,189,1209,892,94128.6093,624,12152151,2500756,75673,8,-123,0,2,5364,-6,23994,36
2023-11-13T06:40:21Z,6,190,1207,893,94090.0937,625,12152139,2500750,76048,8,-119,0,2,5034,-4,24683,36
2023-11-13T06:40:22Z,6,191,1205,894,94047.9687,624,12152127,2500745,76395,8,-116,0,2,4092,-1,24585,36
2023-11-13T06:40:24Z,6,193,1199,896,93990.2578,624,12152103,2500733,76973,8,-119,0,2,5655,-5,24138,36
2023-11-13T06:40:28Z,6,197,1189,900,93838.7968,615,12152056,2500711,78143,8,-118,0,2,5408,-5,24162,36
2023-11-13T06:40:29Z,6,198,1186,900,93814.0156,624,12152045,2500705,78463,8,-111,0,2,4465,2,24255,36
2023-11-13T06:40:30Z,6,199,1183,901,93770.8437,624,12152034,2500700,78842,8,-115,0,2,4421,-1,24163,36
2023-11-13T06:40:31Z,6,200,1180,902,93734.25,624,12152021,2500694,79151,8,-120,0,2,5543,-6,24132,36
2023-11-13T06:40:32Z,6,201,1178,903,93700.0234,624,12152009,2500688,79413,8,-121,0,2,4441,-5,24502,36
2023-11-13T06:40:33Z,6,202,1176,904,93659.0156,624,12151998,2500682,79726,8,-121,0,2,5292,-4,23818,36
2023-11-13T06:40:34Z,6,203,1174,904,93634.3828,623,12151985,2500676,80049,9,-110,0,2,4892,0,24586,36
2023-11-13T06:40:36Z,6,205,1168,906,93547.7656,624,12151960,2500666,80721,9,-115,0,2,5117,-2,24107,36
2023-11-13T06:40:37Z,6,206,1164,908,93518.8046,623,12151949,2500660,81023,9,-115,0,2,4430,-2,24229,36
2023-11-13T06:40:38Z,6,207,1163,911,93482.1718,623,12151936,2500655,81303,9,-116,0,2,5342,-3,24562,36
2023-11-13T06:40:39Z,6,208,1159,912,93437.3593,623,12151924,2500650,81647,9,-109,0,2,4389,0,24738,36
2023-11-13T06:40:40Z,6,209,1156,913,93401.9218,623,12151913,2500645,81992,9,-111,0,2,4786,1,23915,36
2023-11-13T06:40:41Z,6,210,1153,914,93375.75,623,12151901,2500639,82315,9,-108,0,2,5201,0,24332,36
2023-11-13T06:40:42Z,6,211,1151,915,93336.0625,623,12151889,2500634,82596,9,-112,0,2,4412,0,24388,36
2023-11-13T06:40:43Z,6,212,1148,916,93304.4062,623,12151878,2500627,82829,9,-117,0,2,5141,-4,23604,36
2023-11-13T06:40:44Z,6,213,1144,917,93277.5,623,12151866,2500622,83120,9,-118,0,2,4385,-3,24555,36
2023-11-13T06:40:47Z,6,216,1138,922,93178.0312,623,12151830,2500606,84149,9,-116,0,2,4752,-2,23749,36
2023-11-13T06:40:49Z,6,218,1132,924,93095.0234,622,12151806,2500596,84706,9,-121,0,2,4194,-5,24794,36
2023-11-13T06:40:50Z,6,219,1131,925,93064.2031,623,12151794,2500590,84996,9,-117,0,2,5486,-1,23995,36
2023-11-13T06:40:51Z,6,220,1128,926,93033.3593,623,12151781,2500584,85318,9,-120,0,2,4691,-4,24481,36
2023-11-13T06:40:52Z,6,221,1124,927,92998.9687,623,12151770,2500580,85693,9,-121,0,2,4346,-5,25243,36
2023-11-13T06:40:53Z,6,222,1123,927,92968.5937,623,12151758,2500576,85983,9,-112,0,2,5192,0,24434,36
2023-11-13T06:40:55Z,6,224,1119,929,92902,623,12151735,2500565,86556,9,-118,0,2,4635,-3,25318,36
2023-11-13T06:40:56Z,6,225,1116,930,92866.8515,623,12151723,2500560,86871,9,-121,0,2,5067,-6,24374,36
2023-11-13T06:40:57Z,6,226,1114,931,92839.125,623,12151711,2500554,87148,9,-122,0,2,4583,-7,23491,36
2023-11-13T06:40:59Z,6,228,1110,932,92786,622,12151688,2500544,87685,9,-119,0,2,5014,-3,23788,36
2023-11-13T06:41:01Z,6,230,1105,934,92710.0312,621,12151664,2500532,88370,9,-115,0,2,4409,-1,24826,36
2023-11-13T06:41:03Z,6,232,1100,936,92643.3984,621,12151641,2500522,88841,9,-117,0,2,5502,-1,24726,36
2023-11-13T06:41:04Z,6,233,1096,937,92609.4062,621,12151629,2500517,89068,9,-123,0,2,4319,-5,24184,36
2023-11-13T06:41:06Z,6,235,1093,938,92546.0937,622,12151605,2500506,89720,9,-120,0,2,5104,-4,24298,36
2023-11-13T06:41:09Z,6,238,1088,940,92437.5234,621,12151570,2500490,90620,9,-120,0,2,4621,-5,23533,36
2023-11-13T06:41:11Z,6,240,1082,941,92375.2265,621,12151546,2500480,91325,9,-120,0,2,4693,-5,24877,36
2023-11-13T06:41:12Z,6,241,1080,942,92335.6406,621,12151535,2500474,91576,9,-122,0,2,4818,-5,23852,36
2023-11-13T06:41:14Z,6,243,1075,944,92264.1015,621,12151510,2500464,92192,9,-119,0,2,4456,-6,24202,36
2023-11-13T06:41:15Z,6,244,1072,944,92239.0546,621,12151500,2500460,92552,9,-117,0,2,3999,-3,24626,36
2023-11-13T06:41:17Z,6,246,1066,944,92179.875,621,12151475,2500448,93083,9,-121,0,2,5458,-8,24632,36
2023-11-13T06:41:23Z,6,252,1054,945,91991.1093,620,12151402,2500416,94881,9,-120,0,2,5252,-6,24697,36
2023-11-13T06:41:26Z,6,255,1050,946,91895.9531,621,12151365,2500400,95881,9,-116,0,2,5158,-2,24610,36
2023-11-13T06:41:27Z,6,256,1047,946,91851.539,620,12151353,2500395,96228,9,-118,0,2,4322,-3,25142,36
2023-11-13T06:41:28Z,6,257,1048,947,91822.3593,621,12151342,2500390,96502,9,-118,0,2,5024,-2,24076,36
2023-11-13T06:41:29Z,6,258,1046,947,91785.4296,620,12151329,2500384,96811,9,-119,0,2,5030,-5,24140,36
2023-11-13T06:41:30Z,6,259,1043,948,91749.3281,620,12151317,2500379,97051,9,-116,0,2,4765,-3,24913,36
2023-11-13T06:41:31Z,6,260,1042,947,91716.2187,621,12151303,2500374,97286,9,-118,0,2,5903,-3,24672,36
2023-11-13T06:41:34Z,6,263,1034,950,91614.8046,620,12151267,2500357,98049,9,-119,0,2,4614,-3,24080,36
2023-11-13T06:41:35Z,6,264,1034,950,91580.375,619,12151255,2500352,98368,9,-117,0,2,5331,-2,24688,36
2023-11-13T06:41:36Z,6,265,1031,951,91552.8437,619,12151242,2500346,98726,9,-116,0,2,5150,-2,24380,36
2023-11-13T06:41:38Z,6,267,1026,953,91482.6562,619,12151219,2500336,99359,9,-121,0,2,4933,-5,24981,36
2023-11-13T06:41:39Z,6,268,1023,953,91445.7265,620,12151206,2500329,99674,9,-119,0,2,5343,-6,23607,36
2023-11-13T06:41:40Z,6,269,1022,954,91421.0468,619,12151195,2500324,99891,9,-121,0,2,4326,-8,24406,36
2023-11-13T06:41:43Z,6,272,1018,955,91323.1562,619,12151158,2500307,100842,9,-120,0,2,5331,-5,24298,36
2023-11-13T06:41:44Z,6,273,1016,956,91288.9062,619,12151146,2500301,101131,9,-119,0,2,4803,-5,23610,36
2023-11-13T06:41:45Z,6,274,1013,957,91257.664,619,12151135,2500296,101364,9,-121,0,2,4806,-7,24961,36
2023-11-13T06:41:46Z,6,275,1012,957,91223.3359,619,12151122,2500290,101542,9,-120,0,2,5031,-4,24015,36
2023-11-13T06:46:21Z,6,1,739,948,81539.8203,602,12148244,2499935,199823,8,-118,0,2,1840,-2,32723,36
2023-11-13T06:46:22Z,6,2,737,949,81532.3125,599,12148251,2499933,199615,8,-124,0,2,3309,-7,31481,36
2023-11-13T06:46:26Z,6,1,739,949,81404.9218,607,12148280,2499912,195401,8,-117,0,2,2163,-1,32566,36
2023-11-13T06:46:28Z,6,3,745,947,81363.5781,601,12148264,2499923,195903,9,-120,0,2,3242,-4,30663,36
